
Coordinate Descent:
Starting position: (1, 1, 1, 1) with performance: 24650 ms
Neighbor size: 8
Neighbor size: 10
tile size (t1, t2, t3, t4): (1, 4, 4, 1) with performance: 23070 ms
Neighbor size: 12
tile size (t1, t2, t3, t4): (1, 4, 4, 4) with performance: 22660 ms
Neighbor size: 14
tile size (t1, t2, t3, t4): (1, 4, 4, 16) with performance: 22573 ms
Neighbor size: 14
tile size (t1, t2, t3, t4): (1, 4, 4, 8) with performance: 22561 ms
Neighbor size: 14
tile size (t1, t2, t3, t4): (1, 4, 4, 16) with performance: 22544 ms
Neighbor size: 14
coordinate search took 2179340 milliseconds to converge.
Converged to: (1, 4, 4, 16) with performance: 22544 milliseconds

Exhaustive search:
1 1 1 1 25156
1 1 1 2 25210
1 1 1 4 24243
1 1 1 8 24077
1 1 1 16 23932
1 1 1 32 24108
1 1 1 64 24002
1 1 1 128 24413
1 1 1 256 24576
1 1 1 512 24425
1 1 2 1 24623
1 1 2 2 24465
1 1 2 4 23667
1 1 2 8 23801
1 1 2 16 23701
1 1 2 32 23855
1 1 2 64 24112
1 1 2 128 24754
1 1 2 256 24756
1 1 2 512 24850
1 1 4 1 23913
1 1 4 2 23912
1 1 4 4 23371
1 1 4 8 23136
1 1 4 16 23223
1 1 4 32 23066
1 1 4 64 23432
1 1 4 128 24300
1 1 4 256 24237
1 1 4 512 24331
1 1 8 1 23634
1 1 8 2 23780
1 1 8 4 23157
1 1 8 8 23110
1 1 8 16 22945
1 1 8 32 23246
1 1 8 64 23517
1 1 8 128 24197
1 1 8 256 24296
1 1 8 512 23928
1 1 16 1 23654
1 1 16 2 23859
1 1 16 4 23240
1 1 16 8 23223
1 1 16 16 23263
1 1 16 32 23485
1 1 16 64 23504
1 1 16 128 24312
1 1 16 256 24485
1 1 16 512 24524
1 1 32 1 23898
1 1 32 2 23920
1 1 32 4 23464
1 1 32 8 23206
1 1 32 16 23462
1 1 32 32 23489
1 1 32 64 23591
1 1 32 128 24220
1 1 32 256 24324
1 1 32 512 24276
1 1 64 1 23784
1 1 64 2 23922
1 1 64 4 23468
1 1 64 8 23556
1 1 64 16 23665
1 1 64 32 23597
1 1 64 64 23836
1 1 64 128 24194
1 1 64 256 24350
1 1 64 512 24158
1 1 128 1 24385
1 1 128 2 24703
1 1 128 4 24397
1 1 128 8 23836
1 1 128 16 23871
1 1 128 32 24017
1 1 128 64 24049
1 1 128 128 24505
1 1 128 256 24489
1 1 128 512 24509
1 1 256 1 24558
1 1 256 2 24977
1 1 256 4 24039
1 1 256 8 24170
1 1 256 16 23832
1 1 256 32 24071
1 1 256 64 23869
1 1 256 128 24367
1 1 256 256 24226
1 1 256 512 24343
1 1 512 1 24218
1 1 512 2 24466
1 1 512 4 23974
1 1 512 8 24102
1 1 512 16 23947
1 1 512 32 24088
1 1 512 64 24212
1 1 512 128 24429
1 1 512 256 24401
1 1 512 512 24255
1 2 1 1 24722
1 2 1 2 24453
1 2 1 4 23281
1 2 1 8 23177
1 2 1 16 23172
1 2 1 32 23625
1 2 1 64 23580
1 2 1 128 24624
1 2 1 256 24369
1 2 1 512 24485
1 2 2 1 23559
1 2 2 2 23386
1 2 2 4 22978
1 2 2 8 22957
1 2 2 16 22795
1 2 2 32 22960
1 2 2 64 23158
1 2 2 128 24112
1 2 2 256 23906
1 2 2 512 23739
1 2 4 1 23197
1 2 4 2 23179
1 2 4 4 22773
1 2 4 8 22735
1 2 4 16 22647
1 2 4 32 22732
1 2 4 64 22908
1 2 4 128 23729
1 2 4 256 23944
1 2 4 512 24142
1 2 8 1 23062
1 2 8 2 23032
1 2 8 4 22725
1 2 8 8 22710
1 2 8 16 22892
1 2 8 32 23137
1 2 8 64 23549
1 2 8 128 24340
1 2 8 256 23847
1 2 8 512 23778
1 2 16 1 23000
1 2 16 2 23340
1 2 16 4 22752
1 2 16 8 22638
1 2 16 16 23020
1 2 16 32 23146
1 2 16 64 23498
1 2 16 128 23914
1 2 16 256 24061
1 2 16 512 24240
1 2 32 1 23167
1 2 32 2 23091
1 2 32 4 22738
1 2 32 8 22780
1 2 32 16 23137
1 2 32 32 23143
1 2 32 64 23415
1 2 32 128 24189
1 2 32 256 24219
1 2 32 512 24098
1 2 64 1 23079
1 2 64 2 23388
1 2 64 4 22895
1 2 64 8 22909
1 2 64 16 23359
1 2 64 32 23635
1 2 64 64 23711
1 2 64 128 24272
1 2 64 256 24260
1 2 64 512 24244
1 2 128 1 23921
1 2 128 2 24612
1 2 128 4 23788
1 2 128 8 23606
1 2 128 16 23256
1 2 128 32 23640
1 2 128 64 23758
1 2 128 128 24605
1 2 128 256 24499
1 2 128 512 24555
1 2 256 1 23942
1 2 256 2 24311
1 2 256 4 23853
1 2 256 8 23515
1 2 256 16 23583
1 2 256 32 23660
1 2 256 64 23671
1 2 256 128 24631
1 2 256 256 24538
1 2 256 512 24507
1 2 512 1 23960
1 2 512 2 24634
1 2 512 4 23767
1 2 512 8 23573
1 2 512 16 23567
1 2 512 32 23597
1 2 512 64 23837
1 2 512 128 24641
1 2 512 256 24523
1 2 512 512 24551
1 4 1 1 24491
1 4 1 2 24608
1 4 1 4 23247
1 4 1 8 23319
1 4 1 16 23323
1 4 1 32 23564
1 4 1 64 23820
1 4 1 128 24624
1 4 1 256 24658
1 4 1 512 24463
1 4 2 1 23363
1 4 2 2 23279
1 4 2 4 22895
1 4 2 8 22776
1 4 2 16 22720
1 4 2 32 22809
1 4 2 64 23179
1 4 2 128 24323
1 4 2 256 24290
1 4 2 512 24429
1 4 4 1 23052
1 4 4 2 22965
1 4 4 4 22697
1 4 4 8 22590
1 4 4 16 22604
1 4 4 32 22646
1 4 4 64 23052
1 4 4 128 24179
1 4 4 256 24200
1 4 4 512 24247
1 4 8 1 22945
1 4 8 2 22925
1 4 8 4 22690
1 4 8 8 22643
1 4 8 16 22816
1 4 8 32 22905
1 4 8 64 23360
1 4 8 128 23811
1 4 8 256 23406
1 4 8 512 23367
1 4 16 1 22913
1 4 16 2 22889
1 4 16 4 22644
1 4 16 8 22655
1 4 16 16 22682
1 4 16 32 22678
1 4 16 64 23022
1 4 16 128 23617
1 4 16 256 23372
1 4 16 512 23511
1 4 32 1 22824
1 4 32 2 22966
1 4 32 4 22692
1 4 32 8 22636
1 4 32 16 22718
1 4 32 32 22826
1 4 32 64 23497
1 4 32 128 24108
1 4 32 256 24348
1 4 32 512 24294
1 4 64 1 23004
1 4 64 2 23215
1 4 64 4 22865
1 4 64 8 22994
1 4 64 16 23266
1 4 64 32 23375
1 4 64 64 23548
1 4 64 128 24099
1 4 64 256 24347
1 4 64 512 24585
1 4 128 1 24090
1 4 128 2 24410
1 4 128 4 23907
1 4 128 8 23507
1 4 128 16 23600
1 4 128 32 23627
1 4 128 64 23717
1 4 128 128 23975
1 4 128 256 24530
1 4 128 512 24822
1 4 256 1 24220
1 4 256 2 24445
1 4 256 4 23893
1 4 256 8 23594
1 4 256 16 23697
1 4 256 32 23705
1 4 256 64 24000
1 4 256 128 24918
1 4 256 256 24996
1 4 256 512 24595
1 4 512 1 23987
1 4 512 2 24214
1 4 512 4 23659
1 4 512 8 23510
1 4 512 16 23614
1 4 512 32 23802
1 4 512 64 23687
1 4 512 128 24534
1 4 512 256 24456
1 4 512 512 24404
1 8 1 1 24328
1 8 1 2 24260
1 8 1 4 23153
1 8 1 8 23303
1 8 1 16 23347
1 8 1 32 23579
1 8 1 64 23782
1 8 1 128 24756
1 8 1 256 24722
1 8 1 512 24913
1 8 2 1 23469
1 8 2 2 23477
1 8 2 4 23080
1 8 2 8 22937
1 8 2 16 22844
1 8 2 32 22897
1 8 2 64 23031
1 8 2 128 24428
1 8 2 256 24325
1 8 2 512 24126
1 8 4 1 23041
1 8 4 2 23033
1 8 4 4 22730
1 8 4 8 22637
1 8 4 16 22683
1 8 4 32 22698
1 8 4 64 23142
1 8 4 128 23956
1 8 4 256 23902
1 8 4 512 23966
1 8 8 1 22961
1 8 8 2 22986
1 8 8 4 22715
1 8 8 8 22667
1 8 8 16 22841
1 8 8 32 23070
1 8 8 64 23312
1 8 8 128 24176
1 8 8 256 24486
1 8 8 512 24370
1 8 16 1 23044
1 8 16 2 23126
1 8 16 4 22877
1 8 16 8 22965
1 8 16 16 23115
1 8 16 32 23288
1 8 16 64 23476
1 8 16 128 24232
1 8 16 256 24568
1 8 16 512 24508
1 8 32 1 23088
1 8 32 2 23168
1 8 32 4 22944
1 8 32 8 23162
1 8 32 16 23204
1 8 32 32 23311
1 8 32 64 23574
1 8 32 128 24640
1 8 32 256 24456
1 8 32 512 24421
1 8 64 1 23352
1 8 64 2 23600
1 8 64 4 23223
1 8 64 8 23336
1 8 64 16 23423
1 8 64 32 23515
1 8 64 64 23733
1 8 64 128 24776
1 8 64 256 24836
1 8 64 512 24840
1 8 128 1 24089
1 8 128 2 24288
1 8 128 4 23593
1 8 128 8 23544
1 8 128 16 23613
1 8 128 32 23555
1 8 128 64 23609
1 8 128 128 24534
1 8 128 256 24398
1 8 128 512 24432
1 8 256 1 23915
1 8 256 2 24112
1 8 256 4 23794
1 8 256 8 23565
1 8 256 16 23578
1 8 256 32 23697
1 8 256 64 23754
1 8 256 128 24586
1 8 256 256 24471
1 8 256 512 24505
1 8 512 1 24119
1 8 512 2 24213
1 8 512 4 23949
1 8 512 8 23536
1 8 512 16 23499
1 8 512 32 23788
1 8 512 64 23650
1 8 512 128 24813
1 8 512 256 24506
1 8 512 512 24622
1 16 1 1 24285
1 16 1 2 24277
1 16 1 4 23200
1 16 1 8 23286
1 16 1 16 23293
1 16 1 32 23617
1 16 1 64 23854
1 16 1 128 24696
1 16 1 256 24827
1 16 1 512 24765
1 16 2 1 23352
1 16 2 2 23302
1 16 2 4 22984
1 16 2 8 22975
1 16 2 16 22981
1 16 2 32 23001
1 16 2 64 23289
1 16 2 128 24314
1 16 2 256 24448
1 16 2 512 24372
1 16 4 1 23084
1 16 4 2 23136
1 16 4 4 22833
1 16 4 8 22718
1 16 4 16 22670
1 16 4 32 22861
1 16 4 64 23266
1 16 4 128 24134
1 16 4 256 24180
1 16 4 512 24150
1 16 8 1 22987
1 16 8 2 23112
1 16 8 4 22843
1 16 8 8 22825
1 16 8 16 22931
1 16 8 32 23021
1 16 8 64 23418
1 16 8 128 24238
1 16 8 256 24209
1 16 8 512 24237
1 16 16 1 23003
1 16 16 2 23129
1 16 16 4 22951
1 16 16 8 23080
1 16 16 16 23304
1 16 16 32 23360
1 16 16 64 23560
1 16 16 128 24142
1 16 16 256 24349
1 16 16 512 24194
1 16 32 1 23066
1 16 32 2 23344
1 16 32 4 23085
1 16 32 8 23044
1 16 32 16 23201
1 16 32 32 23209
1 16 32 64 23708
1 16 32 128 24795
1 16 32 256 24689
1 16 32 512 24695
1 16 64 1 23391
1 16 64 2 23513
1 16 64 4 23088
1 16 64 8 22998
1 16 64 16 23378
1 16 64 32 23535
1 16 64 64 23588
1 16 64 128 24204
1 16 64 256 24419
1 16 64 512 24331
1 16 128 1 24209
1 16 128 2 24222
1 16 128 4 23962
1 16 128 8 23444
1 16 128 16 23327
1 16 128 32 23370
1 16 128 64 23567
1 16 128 128 23843
1 16 128 256 23962
1 16 128 512 23716
1 16 256 1 23412
1 16 256 2 24037
1 16 256 4 23638
1 16 256 8 23226
1 16 256 16 23273
1 16 256 32 23555
1 16 256 64 23297
1 16 256 128 23964
1 16 256 256 24138
1 16 256 512 24069
1 16 512 1 23652
1 16 512 2 24249
1 16 512 4 23804
1 16 512 8 23564
1 16 512 16 23576
1 16 512 32 23356
1 16 512 64 23236
1 16 512 128 23879
1 16 512 256 23963
1 16 512 512 23788
1 32 1 1 23992
1 32 1 2 24102
1 32 1 4 23280
1 32 1 8 23325
1 32 1 16 23304
1 32 1 32 23541
1 32 1 64 23462
1 32 1 128 24005
1 32 1 256 23955
1 32 1 512 24075
1 32 2 1 23359
1 32 2 2 23312
1 32 2 4 23051
1 32 2 8 22908
1 32 2 16 22857
1 32 2 32 22972
1 32 2 64 23108
1 32 2 128 23721
1 32 2 256 23707
1 32 2 512 23748
1 32 4 1 23082
1 32 4 2 23143
1 32 4 4 22889
1 32 4 8 22762
1 32 4 16 22716
1 32 4 32 22708
1 32 4 64 22953
1 32 4 128 23618
1 32 4 256 23575
1 32 4 512 23422
1 32 8 1 23005
1 32 8 2 23172
1 32 8 4 22899
1 32 8 8 22790
1 32 8 16 22742
1 32 8 32 22709
1 32 8 64 23101
1 32 8 128 23672
1 32 8 256 23621
1 32 8 512 23408
1 32 16 1 23006
1 32 16 2 23125
1 32 16 4 22933
1 32 16 8 22835
1 32 16 16 22793
1 32 16 32 22784
1 32 16 64 23145
1 32 16 128 23839
1 32 16 256 23689
1 32 16 512 23764
1 32 32 1 22994
1 32 32 2 23188
1 32 32 4 22915
1 32 32 8 22847
1 32 32 16 22802
1 32 32 32 22789
1 32 32 64 22937
1 32 32 128 23465
1 32 32 256 23922
1 32 32 512 23643
1 32 64 1 22983
1 32 64 2 23135
1 32 64 4 22935
1 32 64 8 22961
1 32 64 16 22821
1 32 64 32 22781
1 32 64 64 22991
1 32 64 128 23640
1 32 64 256 23843
1 32 64 512 23722
1 32 128 1 23996
1 32 128 2 24040
1 32 128 4 23768
1 32 128 8 23383
1 32 128 16 23585
1 32 128 32 23163
1 32 128 64 23592
1 32 128 128 24136
1 32 128 256 24117
1 32 128 512 24120
1 32 256 1 23863
1 32 256 2 23821
1 32 256 4 24066
1 32 256 8 23471
1 32 256 16 23602
1 32 256 32 23486
1 32 256 64 23251
1 32 256 128 24071
1 32 256 256 24029
1 32 256 512 24072
1 32 512 1 24033
1 32 512 2 24074
1 32 512 4 23968
1 32 512 8 23572
1 32 512 16 23485
1 32 512 32 23501
1 32 512 64 23660
1 32 512 128 23768
1 32 512 256 23983
1 32 512 512 23995
1 64 1 1 23856
1 64 1 2 23901
1 64 1 4 23258
1 64 1 8 23331
1 64 1 16 23095
1 64 1 32 23497
1 64 1 64 23528
1 64 1 128 23911
1 64 1 256 24125
1 64 1 512 24162
1 64 2 1 23461
1 64 2 2 23364
1 64 2 4 23049
1 64 2 8 22994
1 64 2 16 22873
1 64 2 32 23091
1 64 2 64 23092
1 64 2 128 23868
1 64 2 256 23694
1 64 2 512 24023
1 64 4 1 23133
1 64 4 2 23209
1 64 4 4 22910
1 64 4 8 22864
1 64 4 16 22781
1 64 4 32 22820
1 64 4 64 23024
1 64 4 128 23619
1 64 4 256 23559
1 64 4 512 23451
1 64 8 1 23061
1 64 8 2 23213
1 64 8 4 22905
1 64 8 8 22824
1 64 8 16 22803
1 64 8 32 22835
1 64 8 64 23024
1 64 8 128 23859
1 64 8 256 23405
1 64 8 512 23523
1 64 16 1 22992
1 64 16 2 23190
1 64 16 4 22962
1 64 16 8 22794
1 64 16 16 22827
1 64 16 32 22861
1 64 16 64 23215
1 64 16 128 23831
1 64 16 256 23637
1 64 16 512 23617
1 64 32 1 23067
1 64 32 2 23177
1 64 32 4 23017
1 64 32 8 22933
1 64 32 16 22894
1 64 32 32 22945
1 64 32 64 23101
1 64 32 128 23750
1 64 32 256 23826
1 64 32 512 23611
1 64 64 1 23157
1 64 64 2 23275
1 64 64 4 23043
1 64 64 8 23029
1 64 64 16 22936
1 64 64 32 23015
1 64 64 64 23007
1 64 64 128 23903
1 64 64 256 23844
1 64 64 512 23743
1 64 128 1 23515
1 64 128 2 24318
1 64 128 4 24230
1 64 128 8 23513
1 64 128 16 23513
1 64 128 32 23481
1 64 128 64 23663
1 64 128 128 24006
1 64 128 256 23909
1 64 128 512 23979
1 64 256 1 23766
1 64 256 2 23850
1 64 256 4 23474
1 64 256 8 23607
1 64 256 16 23244
1 64 256 32 23509
1 64 256 64 23605
1 64 256 128 24078
1 64 256 256 24112
1 64 256 512 24170
1 64 512 1 23798
1 64 512 2 24186
1 64 512 4 23939
1 64 512 8 23376
1 64 512 16 23282
1 64 512 32 23267
1 64 512 64 23050
1 64 512 128 24091
1 64 512 256 24038
1 64 512 512 23863
1 128 1 1 23956
1 128 1 2 24179
1 128 1 4 23240
1 128 1 8 23256
1 128 1 16 23496
1 128 1 32 23607
1 128 1 64 23486
1 128 1 128 23857
1 128 1 256 24216
1 128 1 512 24172
1 128 2 1 23454
1 128 2 2 23422
1 128 2 4 23113
1 128 2 8 23129
1 128 2 16 23023
1 128 2 32 23147
1 128 2 64 23413
1 128 2 128 23732
1 128 2 256 24126
1 128 2 512 24124
1 128 4 1 23205
1 128 4 2 23305
1 128 4 4 22965
1 128 4 8 22906
1 128 4 16 22789
1 128 4 32 22884
1 128 4 64 22941
1 128 4 128 23598
1 128 4 256 23574
1 128 4 512 23661
1 128 8 1 23081
1 128 8 2 23323
1 128 8 4 23015
1 128 8 8 22903
1 128 8 16 22824
1 128 8 32 22809
1 128 8 64 23178
1 128 8 128 23510
1 128 8 256 23719
1 128 8 512 23728
1 128 16 1 23005
1 128 16 2 23209
1 128 16 4 23051
1 128 16 8 22883
1 128 16 16 22933
1 128 16 32 22971
1 128 16 64 22979
1 128 16 128 23581
1 128 16 256 23595
1 128 16 512 23484
1 128 32 1 22962
1 128 32 2 23133
1 128 32 4 23054
1 128 32 8 22894
1 128 32 16 22922
1 128 32 32 22942
1 128 32 64 23189
1 128 32 128 23653
1 128 32 256 23822
1 128 32 512 23835
1 128 64 1 23208
1 128 64 2 23439
1 128 64 4 23089
1 128 64 8 23117
1 128 64 16 23051
1 128 64 32 23052
1 128 64 64 22904
1 128 64 128 23562
1 128 64 256 23822
1 128 64 512 23795
1 128 128 1 24079
1 128 128 2 24513
1 128 128 4 23743
1 128 128 8 23425
1 128 128 16 23645
1 128 128 32 23624
1 128 128 64 23844
1 128 128 128 23956
1 128 128 256 24065
1 128 128 512 23934
1 128 256 1 24125
1 128 256 2 24132
1 128 256 4 24002
1 128 256 8 23675
1 128 256 16 23292
1 128 256 32 23562
1 128 256 64 23596
1 128 256 128 23697
1 128 256 256 24045
1 128 256 512 24220
1 128 512 1 24069
1 128 512 2 24395
1 128 512 4 23806
1 128 512 8 23625
1 128 512 16 23415
1 128 512 32 23544
1 128 512 64 23825
1 128 512 128 23648
1 128 512 256 24134
1 128 512 512 24057
1 256 1 1 24110
1 256 1 2 23986
1 256 1 4 23348
1 256 1 8 23567
1 256 1 16 23278
1 256 1 32 23603
1 256 1 64 23893
1 256 1 128 24183
1 256 1 256 24163
1 256 1 512 24073
1 256 2 1 23523
1 256 2 2 23495
1 256 2 4 23137
1 256 2 8 23090
1 256 2 16 22999
1 256 2 32 23124
1 256 2 64 23229
1 256 2 128 23819
1 256 2 256 23700
1 256 2 512 24007
1 256 4 1 23249
1 256 4 2 23319
1 256 4 4 23002
1 256 4 8 22928
1 256 4 16 22782
1 256 4 32 22784
1 256 4 64 22908
1 256 4 128 23741
1 256 4 256 23615
1 256 4 512 23785
1 256 8 1 23098
1 256 8 2 23255
1 256 8 4 22983
1 256 8 8 22837
1 256 8 16 22845
1 256 8 32 22784
1 256 8 64 23148
1 256 8 128 23897
1 256 8 256 23748
1 256 8 512 23973
1 256 16 1 23037
1 256 16 2 23262
1 256 16 4 22965
1 256 16 8 23072
1 256 16 16 22923
1 256 16 32 22960
1 256 16 64 23243
1 256 16 128 23731
1 256 16 256 23831
1 256 16 512 24113
1 256 32 1 23017
1 256 32 2 23293
1 256 32 4 23121
1 256 32 8 23009
1 256 32 16 22958
1 256 32 32 22868
1 256 32 64 23269
1 256 32 128 23987
1 256 32 256 23674
1 256 32 512 23701
1 256 64 1 23250
1 256 64 2 23512
1 256 64 4 23188
1 256 64 8 23010
1 256 64 16 23159
1 256 64 32 23410
1 256 64 64 23279
1 256 64 128 23880
1 256 64 256 23857
1 256 64 512 24066
1 256 128 1 24039
1 256 128 2 24253
1 256 128 4 24094
1 256 128 8 23657
1 256 128 16 23527
1 256 128 32 23596
1 256 128 64 23670
1 256 128 128 24111
1 256 128 256 24071
1 256 128 512 24160
1 256 256 1 24075
1 256 256 2 24359
1 256 256 4 23982
1 256 256 8 23592
1 256 256 16 23177
1 256 256 32 23619
1 256 256 64 23695
1 256 256 128 23989
1 256 256 256 24254
1 256 256 512 24199
1 256 512 1 23931
1 256 512 2 23928
1 256 512 4 23975
1 256 512 8 23676
1 256 512 16 23715
1 256 512 32 23529
1 256 512 64 23635
1 256 512 128 23860
1 256 512 256 23900
1 256 512 512 23988
1 512 1 1 24178
1 512 1 2 24040
1 512 1 4 23354
1 512 1 8 23218
1 512 1 16 23258
1 512 1 32 23570
1 512 1 64 23900
1 512 1 128 24167
1 512 1 256 24025
1 512 1 512 24120
1 512 2 1 23507
1 512 2 2 23468
1 512 2 4 23100
1 512 2 8 23064
1 512 2 16 23129
1 512 2 32 23249
1 512 2 64 23125
1 512 2 128 23970
1 512 2 256 23850
1 512 2 512 24087
1 512 4 1 23195
1 512 4 2 23278
1 512 4 4 22982
1 512 4 8 22846
1 512 4 16 22814
1 512 4 32 22771
1 512 4 64 22822
1 512 4 128 23709
1 512 4 256 23743
1 512 4 512 23615
1 512 8 1 23090
1 512 8 2 23321
1 512 8 4 22991
1 512 8 8 22887
1 512 8 16 22830
1 512 8 32 22907
1 512 8 64 23029
1 512 8 128 23640
1 512 8 256 23806
1 512 8 512 23707
1 512 16 1 23007
1 512 16 2 23149
1 512 16 4 23031
1 512 16 8 22891
1 512 16 16 22824
1 512 16 32 23110
1 512 16 64 23180
1 512 16 128 23809
1 512 16 256 23726
1 512 16 512 23753
1 512 32 1 23249
1 512 32 2 23394
1 512 32 4 23118
1 512 32 8 23091
1 512 32 16 23091
1 512 32 32 22948
1 512 32 64 23257
1 512 32 128 23717
1 512 32 256 23891
1 512 32 512 23918
1 512 64 1 23117
1 512 64 2 23301
1 512 64 4 23213
1 512 64 8 22983
1 512 64 16 23116
1 512 64 32 22782
1 512 64 64 23307
1 512 64 128 23721
1 512 64 256 23966
1 512 64 512 23914
1 512 128 1 24121
1 512 128 2 24383
1 512 128 4 23922
1 512 128 8 23643
1 512 128 16 23405
1 512 128 32 23652
1 512 128 64 23674
1 512 128 128 23902
1 512 128 256 23805
1 512 128 512 24218
1 512 256 1 24098
1 512 256 2 24182
1 512 256 4 23943
1 512 256 8 23590
1 512 256 16 23488
1 512 256 32 23503
1 512 256 64 23571
1 512 256 128 23724
1 512 256 256 24134
1 512 256 512 24234
1 512 512 1 24142
1 512 512 2 24102
1 512 512 4 23837
1 512 512 8 23400
1 512 512 16 23411
1 512 512 32 23576
1 512 512 64 23711
1 512 512 128 24006
1 512 512 256 24084
1 512 512 512 24024
2 1 1 1 24421
2 1 1 2 24221
2 1 1 4 23640
2 1 1 8 23364
2 1 1 16 23339
2 1 1 32 23627
2 1 1 64 23736
2 1 1 128 24152
2 1 1 256 24255
2 1 1 512 24253
2 1 2 1 23801
2 1 2 2 23702
2 1 2 4 23091
2 1 2 8 22934
2 1 2 16 22858
2 1 2 32 22776
2 1 2 64 23018
2 1 2 128 23641
2 1 2 256 23947
2 1 2 512 23640
2 1 4 1 23248
2 1 4 2 23149
2 1 4 4 22804
2 1 4 8 22626
2 1 4 16 22561
2 1 4 32 22540
2 1 4 64 22891
2 1 4 128 23870
2 1 4 256 23831
2 1 4 512 23900
2 1 8 1 23235
2 1 8 2 23163
2 1 8 4 22737
2 1 8 8 22639
2 1 8 16 22527
2 1 8 32 22683
2 1 8 64 23061
2 1 8 128 23763
2 1 8 256 23634
2 1 8 512 23910
2 1 16 1 23100
2 1 16 2 23092
2 1 16 4 22707
2 1 16 8 22639
2 1 16 16 22579
2 1 16 32 22677
2 1 16 64 23198
2 1 16 128 23876
2 1 16 256 24060
2 1 16 512 24102
2 1 32 1 22982
2 1 32 2 23152
2 1 32 4 22745
2 1 32 8 22703
2 1 32 16 22779
2 1 32 32 22997
2 1 32 64 23131
2 1 32 128 24137
2 1 32 256 24100
2 1 32 512 23932
2 1 64 1 23249
2 1 64 2 23434
2 1 64 4 23000
2 1 64 8 22737
2 1 64 16 23049
2 1 64 32 23261
2 1 64 64 23238
2 1 64 128 24029
2 1 64 256 24221
2 1 64 512 24035
2 1 128 1 24151
2 1 128 2 24315
2 1 128 4 23636
2 1 128 8 23474
2 1 128 16 23592
2 1 128 32 23849
2 1 128 64 23515
2 1 128 128 24222
2 1 128 256 24262
2 1 128 512 24204
2 1 256 1 24218
2 1 256 2 24399
2 1 256 4 23701
2 1 256 8 23643
2 1 256 16 23667
2 1 256 32 23749
2 1 256 64 23841
2 1 256 128 24086
2 1 256 256 24159
2 1 256 512 24194
2 1 512 1 24243
2 1 512 2 24323
2 1 512 4 23975
2 1 512 8 23354
2 1 512 16 23583
2 1 512 32 23590
2 1 512 64 23620
2 1 512 128 24011
2 1 512 256 24193
2 1 512 512 24218
2 2 1 1 23854
2 2 1 2 23606
2 2 1 4 23143
2 2 1 8 22880
2 2 1 16 22951
2 2 1 32 23193
2 2 1 64 23523
2 2 1 128 23938
2 2 1 256 24091
2 2 1 512 23895
2 2 2 1 23518
2 2 2 2 23348
2 2 2 4 22967
2 2 2 8 22771
2 2 2 16 22681
2 2 2 32 22828
2 2 2 64 22642
2 2 2 128 23600
2 2 2 256 23478
2 2 2 512 23727
2 2 4 1 23234
2 2 4 2 23056
2 2 4 4 22704
2 2 4 8 22588
2 2 4 16 22518
2 2 4 32 22532
2 2 4 64 22795
2 2 4 128 23407
2 2 4 256 23619
2 2 4 512 23418
2 2 8 1 23043
2 2 8 2 22944
2 2 8 4 22678
2 2 8 8 22631
2 2 8 16 22583
2 2 8 32 22588
2 2 8 64 23156
2 2 8 128 23604
2 2 8 256 23461
2 2 8 512 23538
2 2 16 1 22930
2 2 16 2 22915
2 2 16 4 22665
2 2 16 8 22592
2 2 16 16 22632
2 2 16 32 22642
2 2 16 64 23102
2 2 16 128 23558
2 2 16 256 23659
2 2 16 512 23847
2 2 32 1 22870
2 2 32 2 23101
2 2 32 4 22733
2 2 32 8 22600
2 2 32 16 22612
2 2 32 32 22547
2 2 32 64 22871
2 2 32 128 23873
2 2 32 256 23850
2 2 32 512 23779
2 2 64 1 22988
2 2 64 2 23275
2 2 64 4 22834
2 2 64 8 22772
2 2 64 16 22917
2 2 64 32 22899
2 2 64 64 23096
2 2 64 128 23703
2 2 64 256 23736
2 2 64 512 23899
2 2 128 1 23572
2 2 128 2 23975
2 2 128 4 23722
2 2 128 8 23552
2 2 128 16 23663
2 2 128 32 23510
2 2 128 64 23602
2 2 128 128 23720
2 2 128 256 23620
2 2 128 512 24093
2 2 256 1 23758
2 2 256 2 23881
2 2 256 4 23547
2 2 256 8 23489
2 2 256 16 23499
2 2 256 32 23538
2 2 256 64 23574
2 2 256 128 24054
2 2 256 256 24171
2 2 256 512 23783
2 2 512 1 23544
2 2 512 2 24159
2 2 512 4 23619
2 2 512 8 23409
2 2 512 16 23468
2 2 512 32 23469
2 2 512 64 23322
2 2 512 128 24076
2 2 512 256 23837
2 2 512 512 24065
2 4 1 1 23496
2 4 1 2 23668
2 4 1 4 23090
2 4 1 8 22932
2 4 1 16 22810
2 4 1 32 23038
2 4 1 64 23264
2 4 1 128 23983
2 4 1 256 24157
2 4 1 512 23784
2 4 2 1 23310
2 4 2 2 23252
2 4 2 4 22883
2 4 2 8 22767
2 4 2 16 22670
2 4 2 32 22609
2 4 2 64 22770
2 4 2 128 23332
2 4 2 256 23429
2 4 2 512 23492
2 4 4 1 23115
2 4 4 2 23001
2 4 4 4 22713
2 4 4 8 22621
2 4 4 16 22558
2 4 4 32 22545
2 4 4 64 22708
2 4 4 128 23244
2 4 4 256 23375
2 4 4 512 23309
2 4 8 1 22966
2 4 8 2 22921
2 4 8 4 22721
2 4 8 8 22603
2 4 8 16 22601
2 4 8 32 22579
2 4 8 64 22830
2 4 8 128 23328
2 4 8 256 23272
2 4 8 512 23373
2 4 16 1 22906
2 4 16 2 22916
2 4 16 4 22689
2 4 16 8 22652
2 4 16 16 22645
2 4 16 32 22760
2 4 16 64 23115
2 4 16 128 23430
2 4 16 256 23427
2 4 16 512 23415
2 4 32 1 22867
2 4 32 2 22983
2 4 32 4 22735
2 4 32 8 22632
2 4 32 16 22725
2 4 32 32 22777
2 4 32 64 23371
2 4 32 128 23575
2 4 32 256 23537
2 4 32 512 23498
2 4 64 1 23002
2 4 64 2 23148
2 4 64 4 22849
2 4 64 8 22862
2 4 64 16 22952
2 4 64 32 22998
2 4 64 64 22998
2 4 64 128 23736
2 4 64 256 23744
2 4 64 512 23648
2 4 128 1 23402
2 4 128 2 23854
2 4 128 4 23742
2 4 128 8 23469
2 4 128 16 23288
2 4 128 32 23402
2 4 128 64 23396
2 4 128 128 23898
2 4 128 256 23911
2 4 128 512 23869
2 4 256 1 23436
2 4 256 2 23753
2 4 256 4 23623
2 4 256 8 23515
2 4 256 16 23562
2 4 256 32 23337
2 4 256 64 23672
2 4 256 128 24018
2 4 256 256 23769
2 4 256 512 24179
2 4 512 1 23463
2 4 512 2 23826
2 4 512 4 23570
2 4 512 8 23570
2 4 512 16 23512
2 4 512 32 23462
2 4 512 64 23465
2 4 512 128 23774
2 4 512 256 23985
2 4 512 512 24228
2 8 1 1 23327
2 8 1 2 23643
2 8 1 4 23106
2 8 1 8 23110
2 8 1 16 23127
2 8 1 32 23342
2 8 1 64 23387
2 8 1 128 24100
2 8 1 256 24133
2 8 1 512 24129
2 8 2 1 23268
2 8 2 2 23244
2 8 2 4 22941
2 8 2 8 22801
2 8 2 16 22750
2 8 2 32 22967
2 8 2 64 23081
2 8 2 128 23586
2 8 2 256 23647
2 8 2 512 23630
2 8 4 1 23059
2 8 4 2 23071
2 8 4 4 22803
2 8 4 8 22678
2 8 4 16 22585
2 8 4 32 22596
2 8 4 64 22751
2 8 4 128 23307
2 8 4 256 23427
2 8 4 512 23376
2 8 8 1 23018
2 8 8 2 23009
2 8 8 4 22839
2 8 8 8 22713
2 8 8 16 22638
2 8 8 32 22700
2 8 8 64 23048
2 8 8 128 23386
2 8 8 256 23448
2 8 8 512 23379
2 8 16 1 22945
2 8 16 2 23069
2 8 16 4 22746
2 8 16 8 22719
2 8 16 16 22699
2 8 16 32 22747
2 8 16 64 23088
2 8 16 128 23687
2 8 16 256 23552
2 8 16 512 23564
2 8 32 1 22922
2 8 32 2 23047
2 8 32 4 22773
2 8 32 8 22761
2 8 32 16 22721
2 8 32 32 22817
2 8 32 64 23151
2 8 32 128 23505
2 8 32 256 23447
2 8 32 512 23564
2 8 64 1 23099
2 8 64 2 23172
2 8 64 4 22928
2 8 64 8 22857
2 8 64 16 22891
2 8 64 32 22905
2 8 64 64 23226
2 8 64 128 23615
2 8 64 256 23643
2 8 64 512 23569
2 8 128 1 23683
2 8 128 2 24089
2 8 128 4 23807
2 8 128 8 23399
2 8 128 16 23365
2 8 128 32 23424
2 8 128 64 23414
2 8 128 128 24056
2 8 128 256 24005
2 8 128 512 23856
2 8 256 1 23577
2 8 256 2 23783
2 8 256 4 23534
2 8 256 8 23471
2 8 256 16 23505
2 8 256 32 23373
2 8 256 64 23496
2 8 256 128 24000
2 8 256 256 23871
2 8 256 512 23788
2 8 512 1 23453
2 8 512 2 23827
2 8 512 4 23504
2 8 512 8 23492
2 8 512 16 23529
2 8 512 32 23340
2 8 512 64 23342
2 8 512 128 24029
2 8 512 256 24031
2 8 512 512 23778
2 16 1 1 23337
2 16 1 2 23634
2 16 1 4 23213
2 16 1 8 23225
2 16 1 16 23240
2 16 1 32 23050
2 16 1 64 23489
2 16 1 128 24013
2 16 1 256 24252
2 16 1 512 23923
2 16 2 1 23331
2 16 2 2 23313
2 16 2 4 22981
2 16 2 8 22863
2 16 2 16 22864
2 16 2 32 22878
2 16 2 64 22883
2 16 2 128 23506
2 16 2 256 23604
2 16 2 512 23566
2 16 4 1 23098
2 16 4 2 23138
2 16 4 4 22881
2 16 4 8 22733
2 16 4 16 22722
2 16 4 32 22700
2 16 4 64 22909
2 16 4 128 23448
2 16 4 256 23456
2 16 4 512 23736
2 16 8 1 22970
2 16 8 2 23051
2 16 8 4 22800
2 16 8 8 22766
2 16 8 16 22786
2 16 8 32 22821
2 16 8 64 23089
2 16 8 128 23771
2 16 8 256 23804
2 16 8 512 23739
2 16 16 1 22979
2 16 16 2 23029
2 16 16 4 22820
2 16 16 8 22868
2 16 16 16 22780
2 16 16 32 23012
2 16 16 64 23260
2 16 16 128 23766
2 16 16 256 23807
2 16 16 512 23809
2 16 32 1 22944
2 16 32 2 23119
2 16 32 4 22977
2 16 32 8 22912
2 16 32 16 22721
2 16 32 32 23116
2 16 32 64 23310
2 16 32 128 23816
2 16 32 256 23949
2 16 32 512 23900
2 16 64 1 23105
2 16 64 2 23309
2 16 64 4 23113
2 16 64 8 22946
2 16 64 16 23133
2 16 64 32 23255
2 16 64 64 23521
2 16 64 128 23736
2 16 64 256 24026
2 16 64 512 23910
2 16 128 1 23866
2 16 128 2 24014
2 16 128 4 23795
2 16 128 8 23625
2 16 128 16 23506
2 16 128 32 23605
2 16 128 64 23544
2 16 128 128 23868
2 16 128 256 23972
2 16 128 512 23770
2 16 256 1 23904
2 16 256 2 23984
2 16 256 4 23686
2 16 256 8 23492
2 16 256 16 23609
2 16 256 32 23578
2 16 256 64 23604
2 16 256 128 23653
2 16 256 256 23708
2 16 256 512 24021
2 16 512 1 23941
2 16 512 2 23833
2 16 512 4 23785
2 16 512 8 23493
2 16 512 16 23690
2 16 512 32 23637
2 16 512 64 23573
2 16 512 128 24025
2 16 512 256 24031
2 16 512 512 23970
2 32 1 1 23597
2 32 1 2 23903
2 32 1 4 23128
2 32 1 8 23225
2 32 1 16 23009
2 32 1 32 23612
2 32 1 64 23730
2 32 1 128 24319
2 32 1 256 24247
2 32 1 512 24169
2 32 2 1 23393
2 32 2 2 23364
2 32 2 4 23077
2 32 2 8 23078
2 32 2 16 23003
2 32 2 32 23140
2 32 2 64 23462
2 32 2 128 24018
2 32 2 256 24158
2 32 2 512 23905
2 32 4 1 23057
2 32 4 2 23196
2 32 4 4 22867
2 32 4 8 22768
2 32 4 16 22662
2 32 4 32 22899
2 32 4 64 23188
2 32 4 128 23929
2 32 4 256 23900
2 32 4 512 23813
2 32 8 1 22988
2 32 8 2 23211
2 32 8 4 22889
2 32 8 8 22810
2 32 8 16 22888
2 32 8 32 23139
2 32 8 64 23273
2 32 8 128 23779
2 32 8 256 23892
2 32 8 512 23722
2 32 16 1 23035
2 32 16 2 23327
2 32 16 4 23001
2 32 16 8 23006
2 32 16 16 23118
2 32 16 32 23221
2 32 16 64 23337
2 32 16 128 23686
2 32 16 256 23660
2 32 16 512 23726
2 32 32 1 23170
2 32 32 2 23378
2 32 32 4 23128
2 32 32 8 23049
2 32 32 16 23100
2 32 32 32 23189
2 32 32 64 23244
2 32 32 128 23793
2 32 32 256 24092
2 32 32 512 23896
2 32 64 1 23136
2 32 64 2 23273
2 32 64 4 23265
2 32 64 8 23337
2 32 64 16 23183
2 32 64 32 23458
2 32 64 64 23355
2 32 64 128 23892
2 32 64 256 23978
2 32 64 512 23842
2 32 128 1 23842
2 32 128 2 24070
2 32 128 4 23692
2 32 128 8 23612
2 32 128 16 23655
2 32 128 32 23673
2 32 128 64 23759
2 32 128 128 23779
2 32 128 256 23882
2 32 128 512 23843
2 32 256 1 23967
2 32 256 2 24022
2 32 256 4 23948
2 32 256 8 23554
2 32 256 16 23493
2 32 256 32 23678
2 32 256 64 23744
2 32 256 128 24123
2 32 256 256 24144
2 32 256 512 23836
2 32 512 1 23916
2 32 512 2 24023
2 32 512 4 23774
2 32 512 8 23505
2 32 512 16 23591
2 32 512 32 23663
2 32 512 64 23548
2 32 512 128 24131
2 32 512 256 24058
2 32 512 512 24180
2 64 1 1 23734
2 64 1 2 24097
2 64 1 4 23462
2 64 1 8 23277
2 64 1 16 23455
2 64 1 32 23559
2 64 1 64 23828
2 64 1 128 24338
2 64 1 256 24198
2 64 1 512 24326
2 64 2 1 23437
2 64 2 2 23454
2 64 2 4 23153
2 64 2 8 23149
2 64 2 16 23122
2 64 2 32 23287
2 64 2 64 23365
2 64 2 128 23926
2 64 2 256 24020
2 64 2 512 23853
2 64 4 1 23124
2 64 4 2 23198
2 64 4 4 22903
2 64 4 8 22865
2 64 4 16 22793
2 64 4 32 22751
2 64 4 64 23296
2 64 4 128 23811
2 64 4 256 23820
2 64 4 512 23774
2 64 8 1 23072
2 64 8 2 23250
2 64 8 4 22944
2 64 8 8 22857
2 64 8 16 22971
2 64 8 32 23007
2 64 8 64 23163
2 64 8 128 23726
2 64 8 256 23835
2 64 8 512 23601
2 64 16 1 23006
2 64 16 2 23355
2 64 16 4 23026
2 64 16 8 22946
2 64 16 16 23267
2 64 16 32 23230
2 64 16 64 23443
2 64 16 128 23868
2 64 16 256 23904
2 64 16 512 23808
2 64 32 1 23213
2 64 32 2 23564
2 64 32 4 23219
2 64 32 8 23384
2 64 32 16 23323
2 64 32 32 23283
2 64 32 64 23468
2 64 32 128 23932
2 64 32 256 24140
2 64 32 512 23996
2 64 64 1 23301
2 64 64 2 23649
2 64 64 4 23321
2 64 64 8 23297
2 64 64 16 23381
2 64 64 32 23428
2 64 64 64 23565
2 64 64 128 24024
2 64 64 256 23971
2 64 64 512 24078
2 64 128 1 23926
2 64 128 2 24208
2 64 128 4 23939
2 64 128 8 23656
2 64 128 16 23579
2 64 128 32 23669
2 64 128 64 23583
2 64 128 128 23985
2 64 128 256 24222
2 64 128 512 24215
2 64 256 1 23805
2 64 256 2 24038
2 64 256 4 24012
2 64 256 8 23610
2 64 256 16 23637
2 64 256 32 23523
2 64 256 64 23662
2 64 256 128 23833
2 64 256 256 24016
2 64 256 512 23943
2 64 512 1 23978
2 64 512 2 24082
2 64 512 4 23768
2 64 512 8 23615
2 64 512 16 23719
2 64 512 32 23629
2 64 512 64 23661
2 64 512 128 24051
2 64 512 256 24141
2 64 512 512 24153
2 128 1 1 23892
2 128 1 2 24106
2 128 1 4 23573
2 128 1 8 23490
2 128 1 16 23564
2 128 1 32 23693
2 128 1 64 23609
2 128 1 128 24100
2 128 1 256 24237
2 128 1 512 24256
2 128 2 1 23435
2 128 2 2 23475
2 128 2 4 23202
2 128 2 8 23099
2 128 2 16 22935
2 128 2 32 23012
2 128 2 64 23325
2 128 2 128 23813
2 128 2 256 23948
2 128 2 512 23884
2 128 4 1 23106
2 128 4 2 23269
2 128 4 4 22986
2 128 4 8 22907
2 128 4 16 22899
2 128 4 32 23175
2 128 4 64 23441
2 128 4 128 23877
2 128 4 256 23924
2 128 4 512 24102
2 128 8 1 23156
2 128 8 2 23372
2 128 8 4 23015
2 128 8 8 23000
2 128 8 16 22939
2 128 8 32 23183
2 128 8 64 23335
2 128 8 128 23728
2 128 8 256 23842
2 128 8 512 23827
2 128 16 1 23218
2 128 16 2 23536
2 128 16 4 23046
2 128 16 8 22941
2 128 16 16 23091
2 128 16 32 23231
2 128 16 64 23239
2 128 16 128 24103
2 128 16 256 23920
2 128 16 512 23979
2 128 32 1 23535
2 128 32 2 23282
2 128 32 4 23256
2 128 32 8 23312
2 128 32 16 23290
2 128 32 32 23144
2 128 32 64 23488
2 128 32 128 24013
2 128 32 256 24015
2 128 32 512 23970
2 128 64 1 23401
2 128 64 2 23453
2 128 64 4 23252
2 128 64 8 23442
2 128 64 16 23446
2 128 64 32 23555
2 128 64 64 23521
2 128 64 128 24000
2 128 64 256 24191
2 128 64 512 24025
2 128 128 1 23985
2 128 128 2 24358
2 128 128 4 23868
2 128 128 8 23662
2 128 128 16 23528
2 128 128 32 23483
2 128 128 64 23613
2 128 128 128 24319
2 128 128 256 24064
2 128 128 512 23866
2 128 256 1 23789
2 128 256 2 24233
2 128 256 4 24028
2 128 256 8 23567
2 128 256 16 23654
2 128 256 32 23517
2 128 256 64 23750
2 128 256 128 24266
2 128 256 256 24144
2 128 256 512 24268
2 128 512 1 24127
2 128 512 2 24169
2 128 512 4 24029
2 128 512 8 23671
2 128 512 16 23596
2 128 512 32 23706
2 128 512 64 23807
2 128 512 128 24225
2 128 512 256 24014
2 128 512 512 24148
2 256 1 1 24040
2 256 1 2 24078
2 256 1 4 23428
2 256 1 8 23301
2 256 1 16 23486
2 256 1 32 23719
2 256 1 64 23729
2 256 1 128 24119
2 256 1 256 24196
2 256 1 512 24028
2 256 2 1 23554
2 256 2 2 23378
2 256 2 4 23154
2 256 2 8 23132
2 256 2 16 23199
2 256 2 32 23369
2 256 2 64 23430
2 256 2 128 24049
2 256 2 256 23856
2 256 2 512 23891
2 256 4 1 23099
2 256 4 2 23322
2 256 4 4 23013
2 256 4 8 22905
2 256 4 16 22811
2 256 4 32 22922
2 256 4 64 23307
2 256 4 128 23660
2 256 4 256 23804
2 256 4 512 23682
2 256 8 1 23160
2 256 8 2 23571
2 256 8 4 23020
2 256 8 8 22891
2 256 8 16 22954
2 256 8 32 23167
2 256 8 64 23370
2 256 8 128 23867
2 256 8 256 23835
2 256 8 512 23933
2 256 16 1 23456
2 256 16 2 23683
2 256 16 4 23234
2 256 16 8 23240
2 256 16 16 23028
2 256 16 32 23411
2 256 16 64 23417
2 256 16 128 23877
2 256 16 256 23805
2 256 16 512 23937
2 256 32 1 23594
2 256 32 2 23613
2 256 32 4 23260
2 256 32 8 23341
2 256 32 16 23169
2 256 32 32 23219
2 256 32 64 23554
2 256 32 128 24043
2 256 32 256 23879
2 256 32 512 23987
2 256 64 1 23565
2 256 64 2 23520
2 256 64 4 23244
2 256 64 8 23198
2 256 64 16 23514
2 256 64 32 23401
2 256 64 64 23614
2 256 64 128 23940
2 256 64 256 23873
2 256 64 512 23978
2 256 128 1 23828
2 256 128 2 24251
2 256 128 4 23880
2 256 128 8 23632
2 256 128 16 23660
2 256 128 32 23777
2 256 128 64 23902
2 256 128 128 24351
2 256 128 256 24292
2 256 128 512 24242
2 256 256 1 23977
2 256 256 2 24296
2 256 256 4 23957
2 256 256 8 23554
2 256 256 16 23700
2 256 256 32 23665
2 256 256 64 23692
2 256 256 128 24278
2 256 256 256 24078
2 256 256 512 24318
2 256 512 1 24173
2 256 512 2 24170
2 256 512 4 24026
2 256 512 8 23490
2 256 512 16 23703
2 256 512 32 23679
2 256 512 64 23761
2 256 512 128 24248
2 256 512 256 24165
2 256 512 512 24084
2 512 1 1 23788
2 512 1 2 24049
2 512 1 4 23298
2 512 1 8 23609
2 512 1 16 23553
2 512 1 32 23859
2 512 1 64 23829
2 512 1 128 23983
2 512 1 256 24075
2 512 1 512 23959
2 512 2 1 23529
2 512 2 2 23464
2 512 2 4 23190
2 512 2 8 23077
2 512 2 16 23105
2 512 2 32 23302
2 512 2 64 23420
2 512 2 128 23815
2 512 2 256 23938
2 512 2 512 23957
2 512 4 1 23256
2 512 4 2 23383
2 512 4 4 23065
2 512 4 8 22945
2 512 4 16 22909
2 512 4 32 23144
2 512 4 64 23276
2 512 4 128 24053
2 512 4 256 23927
2 512 4 512 23700
2 512 8 1 23180
2 512 8 2 23553
2 512 8 4 22997
2 512 8 8 22939
2 512 8 16 22976
2 512 8 32 22912
2 512 8 64 23368
2 512 8 128 24021
2 512 8 256 23852
2 512 8 512 23973
2 512 16 1 23306
2 512 16 2 23382
2 512 16 4 23135
2 512 16 8 23123
2 512 16 16 23150
2 512 16 32 23415
2 512 16 64 23226
2 512 16 128 23947
2 512 16 256 23966
2 512 16 512 23925
2 512 32 1 23717
2 512 32 2 23670
2 512 32 4 23434
2 512 32 8 23260
2 512 32 16 23397
2 512 32 32 23398
2 512 32 64 23510
2 512 32 128 23844
2 512 32 256 24140
2 512 32 512 23884
2 512 64 1 23299
2 512 64 2 23546
2 512 64 4 23335
2 512 64 8 23409
2 512 64 16 23340
2 512 64 32 23487
2 512 64 64 23655
2 512 64 128 24026
2 512 64 256 23952
2 512 64 512 24214
2 512 128 1 24059
2 512 128 2 24148
2 512 128 4 23997
2 512 128 8 23637
2 512 128 16 23736
2 512 128 32 23718
2 512 128 64 23800
2 512 128 128 24290
2 512 128 256 24269
2 512 128 512 24109
2 512 256 1 23948
2 512 256 2 24233
2 512 256 4 23947
2 512 256 8 23654
2 512 256 16 23696
2 512 256 32 23786
2 512 256 64 23709
2 512 256 128 24073
2 512 256 256 24145
2 512 256 512 24293
2 512 512 1 23835
2 512 512 2 23947
2 512 512 4 24005
2 512 512 8 23613
2 512 512 16 23566
2 512 512 32 23710
2 512 512 64 23701
2 512 512 128 24164
2 512 512 256 24301
2 512 512 512 24273
4 1 1 1 24442
4 1 1 2 24542
4 1 1 4 23641
4 1 1 8 23466
4 1 1 16 23552
4 1 1 32 23502
4 1 1 64 23616
4 1 1 128 24265
4 1 1 256 24327
4 1 1 512 24337
4 1 2 1 23920
4 1 2 2 23814
4 1 2 4 23177
4 1 2 8 23232
4 1 2 16 23119
4 1 2 32 23070
4 1 2 64 23274
4 1 2 128 24153
4 1 2 256 24184
4 1 2 512 23940
4 1 4 1 23398
4 1 4 2 23413
4 1 4 4 22863
4 1 4 8 22751
4 1 4 16 22731
4 1 4 32 22533
4 1 4 64 22737
4 1 4 128 23663
4 1 4 256 23749
4 1 4 512 23623
4 1 8 1 23337
4 1 8 2 23231
4 1 8 4 22929
4 1 8 8 22701
4 1 8 16 22732
4 1 8 32 22642
4 1 8 64 23224
4 1 8 128 23849
4 1 8 256 23785
4 1 8 512 23845
4 1 16 1 23234
4 1 16 2 23395
4 1 16 4 23152
4 1 16 8 22931
4 1 16 16 23040
4 1 16 32 23048
4 1 16 64 23424
4 1 16 128 23827
4 1 16 256 23961
4 1 16 512 23707
4 1 32 1 23230
4 1 32 2 23395
4 1 32 4 22977
4 1 32 8 23206
4 1 32 16 23158
4 1 32 32 23069
4 1 32 64 23496
4 1 32 128 23626
4 1 32 256 23646
4 1 32 512 23783
4 1 64 1 23342
4 1 64 2 23408
4 1 64 4 23360
4 1 64 8 23191
4 1 64 16 23362
4 1 64 32 23451
4 1 64 64 23626
4 1 64 128 23828
4 1 64 256 23890
4 1 64 512 23883
4 1 128 1 24051
4 1 128 2 24352
4 1 128 4 23599
4 1 128 8 23862
4 1 128 16 23578
4 1 128 32 23873
4 1 128 64 23952
4 1 128 128 24224
4 1 128 256 24098
4 1 128 512 24326
4 1 256 1 24348
4 1 256 2 24257
4 1 256 4 23837
4 1 256 8 23570
4 1 256 16 23635
4 1 256 32 23873
4 1 256 64 23903
4 1 256 128 24266
4 1 256 256 24256
4 1 256 512 24020
4 1 512 1 24149
4 1 512 2 24312
4 1 512 4 23783
4 1 512 8 23392
4 1 512 16 23752
4 1 512 32 23659
4 1 512 64 23995
4 1 512 128 24278
4 1 512 256 24164
4 1 512 512 24157
4 2 1 1 23690
4 2 1 2 23926
4 2 1 4 23280
4 2 1 8 22972
4 2 1 16 23043
4 2 1 32 23273
4 2 1 64 23605
4 2 1 128 24194
4 2 1 256 24153
4 2 1 512 24236
4 2 2 1 23469
4 2 2 2 23301
4 2 2 4 22918
4 2 2 8 22887
4 2 2 16 22787
4 2 2 32 22685
4 2 2 64 22910
4 2 2 128 23722
4 2 2 256 24019
4 2 2 512 24132
4 2 4 1 23188
4 2 4 2 23128
4 2 4 4 22719
4 2 4 8 22608
4 2 4 16 22532
4 2 4 32 22569
4 2 4 64 22656
4 2 4 128 23084
4 2 4 256 23069
4 2 4 512 23364
4 2 8 1 22993
4 2 8 2 23000
4 2 8 4 22719
4 2 8 8 22573
4 2 8 16 22606
4 2 8 32 22498
4 2 8 64 23186
4 2 8 128 23516
4 2 8 256 23730
4 2 8 512 23801
4 2 16 1 22984
4 2 16 2 23085
4 2 16 4 22728
4 2 16 8 22662
4 2 16 16 22602
4 2 16 32 22832
4 2 16 64 23317
4 2 16 128 23817
4 2 16 256 23702
4 2 16 512 23752
4 2 32 1 23074
4 2 32 2 23025
4 2 32 4 22745
4 2 32 8 22681
4 2 32 16 22978
4 2 32 32 22935
4 2 32 64 23360
4 2 32 128 23746
4 2 32 256 23770
4 2 32 512 23733
4 2 64 1 23018
4 2 64 2 23602
4 2 64 4 22841
4 2 64 8 22799
4 2 64 16 23027
4 2 64 32 23248
4 2 64 64 23375
4 2 64 128 23800
4 2 64 256 23908
4 2 64 512 23741
4 2 128 1 23626
4 2 128 2 24009
4 2 128 4 23768
4 2 128 8 23507
4 2 128 16 23559
4 2 128 32 23546
4 2 128 64 23605
4 2 128 128 23885
4 2 128 256 23989
4 2 128 512 23981
4 2 256 1 23634
4 2 256 2 23963
4 2 256 4 23892
4 2 256 8 23585
4 2 256 16 23491
4 2 256 32 23495
4 2 256 64 23651
4 2 256 128 23851
4 2 256 256 24019
4 2 256 512 24128
4 2 512 1 23740
4 2 512 2 24067
4 2 512 4 23746
4 2 512 8 23313
4 2 512 16 23492
4 2 512 32 23508
4 2 512 64 23535
4 2 512 128 23715
4 2 512 256 24061
4 2 512 512 24061
4 4 1 1 23230
4 4 1 2 23473
4 4 1 4 23013
4 4 1 8 22933
4 4 1 16 23134
4 4 1 32 23419
4 4 1 64 23589
4 4 1 128 24022
4 4 1 256 24143
4 4 1 512 23899
4 4 2 1 23221
4 4 2 2 23214
4 4 2 4 22849
4 4 2 8 22655
4 4 2 16 22632
4 4 2 32 22684
4 4 2 64 22989
4 4 2 128 23593
4 4 2 256 23603
4 4 2 512 23504
4 4 4 1 23043
4 4 4 2 23012
4 4 4 4 22752
4 4 4 8 22633
4 4 4 16 22580
4 4 4 32 22585
4 4 4 64 22857
4 4 4 128 23558
4 4 4 256 23549
4 4 4 512 23526
4 4 8 1 22939
4 4 8 2 22992
4 4 8 4 22743
4 4 8 8 22645
4 4 8 16 22627
4 4 8 32 22657
4 4 8 64 22839
4 4 8 128 23580
4 4 8 256 23569
4 4 8 512 23629
4 4 16 1 22914
4 4 16 2 22974
4 4 16 4 22805
4 4 16 8 22689
4 4 16 16 22672
4 4 16 32 22893
4 4 16 64 23176
4 4 16 128 23668
4 4 16 256 23748
4 4 16 512 23716
4 4 32 1 22912
4 4 32 2 23037
4 4 32 4 22796
4 4 32 8 22762
4 4 32 16 22938
4 4 32 32 23053
4 4 32 64 23301
4 4 32 128 23826
4 4 32 256 23701
4 4 32 512 23826
4 4 64 1 22957
4 4 64 2 23071
4 4 64 4 22894
4 4 64 8 23074
4 4 64 16 23134
4 4 64 32 23290
4 4 64 64 23562
4 4 64 128 23966
4 4 64 256 23849
4 4 64 512 23814
4 4 128 1 24024
4 4 128 2 24092
4 4 128 4 23834
4 4 128 8 23519
4 4 128 16 23525
4 4 128 32 23516
4 4 128 64 23617
4 4 128 128 24058
4 4 128 256 24008
4 4 128 512 23897
4 4 256 1 23962
4 4 256 2 23873
4 4 256 4 23730
4 4 256 8 23529
4 4 256 16 23644
4 4 256 32 23545
4 4 256 64 23717
4 4 256 128 24031
4 4 256 256 23931
4 4 256 512 23989
4 4 512 1 23855
4 4 512 2 24142
4 4 512 4 23718
4 4 512 8 23707
4 4 512 16 23670
4 4 512 32 23577
4 4 512 64 23504
4 4 512 128 23840
4 4 512 256 23690
4 4 512 512 24041
4 8 1 1 23303
4 8 1 2 23613
4 8 1 4 23066
4 8 1 8 22906
4 8 1 16 23157
4 8 1 32 23369
4 8 1 64 23543
4 8 1 128 24071
4 8 1 256 24204
4 8 1 512 24095
4 8 2 1 23307
4 8 2 2 23273
4 8 2 4 22930
4 8 2 8 22810
4 8 2 16 22884
4 8 2 32 22773
4 8 2 64 23108
4 8 2 128 23765
4 8 2 256 23691
4 8 2 512 23797
4 8 4 1 23039
4 8 4 2 23135
4 8 4 4 22809
4 8 4 8 22713
4 8 4 16 22636
4 8 4 32 22614
4 8 4 64 23008
4 8 4 128 23529
4 8 4 256 23512
4 8 4 512 23533
4 8 8 1 22983
4 8 8 2 23069
4 8 8 4 22799
4 8 8 8 22726
4 8 8 16 22727
4 8 8 32 22768
4 8 8 64 23071
4 8 8 128 23719
4 8 8 256 23606
4 8 8 512 23825
4 8 16 1 22977
4 8 16 2 23120
4 8 16 4 22817
4 8 16 8 22735
4 8 16 16 22810
4 8 16 32 22926
4 8 16 64 23262
4 8 16 128 23775
4 8 16 256 23738
4 8 16 512 23727
4 8 32 1 22944
4 8 32 2 23079
4 8 32 4 22907
4 8 32 8 22911
4 8 32 16 22887
4 8 32 32 23052
4 8 32 64 23401
4 8 32 128 23911
4 8 32 256 23815
4 8 32 512 23778
4 8 64 1 22987
4 8 64 2 23137
4 8 64 4 22853
4 8 64 8 23127
4 8 64 16 23044
4 8 64 32 23328
4 8 64 64 23559
4 8 64 128 23844
4 8 64 256 23985
4 8 64 512 23881
4 8 128 1 23760
4 8 128 2 23932
4 8 128 4 23903
4 8 128 8 23592
4 8 128 16 23615
4 8 128 32 23605
4 8 128 64 23709
4 8 128 128 23894
4 8 128 256 24124
4 8 128 512 24035
4 8 256 1 23939
4 8 256 2 24150
4 8 256 4 23921
4 8 256 8 23585
4 8 256 16 23535
4 8 256 32 23614
4 8 256 64 23706
4 8 256 128 24017
4 8 256 256 24144
4 8 256 512 24190
4 8 512 1 23800
4 8 512 2 24101
4 8 512 4 23868
4 8 512 8 23582
4 8 512 16 23602
4 8 512 32 23608
4 8 512 64 23697
4 8 512 128 24101
4 8 512 256 23904
4 8 512 512 23932
4 16 1 1 23373
4 16 1 2 23740
4 16 1 4 23232
4 16 1 8 23073
4 16 1 16 23392
4 16 1 32 23601
4 16 1 64 23731
4 16 1 128 24063
4 16 1 256 23973
4 16 1 512 24081
4 16 2 1 23338
4 16 2 2 23316
4 16 2 4 22972
4 16 2 8 23001
4 16 2 16 22980
4 16 2 32 23008
4 16 2 64 23171
4 16 2 128 23729
4 16 2 256 23862
4 16 2 512 23859
4 16 4 1 23071
4 16 4 2 23171
4 16 4 4 22830
4 16 4 8 22760
4 16 4 16 22678
4 16 4 32 22770
4 16 4 64 23083
4 16 4 128 23567
4 16 4 256 23731
4 16 4 512 23620
4 16 8 1 22977
4 16 8 2 23141
4 16 8 4 22871
4 16 8 8 22850
4 16 8 16 22841
4 16 8 32 22890
4 16 8 64 23240
4 16 8 128 23746
4 16 8 256 23737
4 16 8 512 23750
4 16 16 1 22934
4 16 16 2 23123
4 16 16 4 22865
4 16 16 8 22813
4 16 16 16 23136
4 16 16 32 23058
4 16 16 64 23352
4 16 16 128 23758
4 16 16 256 23943
4 16 16 512 23844
4 16 32 1 22923
4 16 32 2 23171
4 16 32 4 22986
4 16 32 8 22944
4 16 32 16 23222
4 16 32 32 23119
4 16 32 64 23405
4 16 32 128 23763
4 16 32 256 24079
4 16 32 512 23710
4 16 64 1 23030
4 16 64 2 23183
4 16 64 4 23138
4 16 64 8 22995
4 16 64 16 23175
4 16 64 32 23403
4 16 64 64 23392
4 16 64 128 23806
4 16 64 256 23835
4 16 64 512 23875
4 16 128 1 23934
4 16 128 2 24217
4 16 128 4 23695
4 16 128 8 23644
4 16 128 16 23631
4 16 128 32 23672
4 16 128 64 23725
4 16 128 128 23866
4 16 128 256 23839
4 16 128 512 23886
4 16 256 1 24009
4 16 256 2 24245
4 16 256 4 24038
4 16 256 8 23719
4 16 256 16 23561
4 16 256 32 23572
4 16 256 64 23776
4 16 256 128 23987
4 16 256 256 24105
4 16 256 512 23989
4 16 512 1 24002
4 16 512 2 24244
4 16 512 4 23909
4 16 512 8 23665
4 16 512 16 23714
4 16 512 32 23612
4 16 512 64 23712
4 16 512 128 24086
4 16 512 256 24309
4 16 512 512 24060
4 32 1 1 23522
4 32 1 2 23813
4 32 1 4 23313
4 32 1 8 23404
4 32 1 16 23251
4 32 1 32 23580
4 32 1 64 23846
4 32 1 128 24237
4 32 1 256 23991
4 32 1 512 24136
4 32 2 1 23460
4 32 2 2 23376
4 32 2 4 23144
4 32 2 8 23017
4 32 2 16 22993
4 32 2 32 23108
4 32 2 64 23317
4 32 2 128 23933
4 32 2 256 23807
4 32 2 512 23906
4 32 4 1 23081
4 32 4 2 23180
4 32 4 4 22886
4 32 4 8 22855
4 32 4 16 22787
4 32 4 32 23028
4 32 4 64 23067
4 32 4 128 23712
4 32 4 256 23708
4 32 4 512 23749
4 32 8 1 23049
4 32 8 2 23224
4 32 8 4 22964
4 32 8 8 22923
4 32 8 16 22916
4 32 8 32 23154
4 32 8 64 23329
4 32 8 128 23643
4 32 8 256 23508
4 32 8 512 23568
4 32 16 1 22959
4 32 16 2 23225
4 32 16 4 22938
4 32 16 8 23032
4 32 16 16 23056
4 32 16 32 22977
4 32 16 64 23347
4 32 16 128 23935
4 32 16 256 23751
4 32 16 512 23718
4 32 32 1 23124
4 32 32 2 23297
4 32 32 4 22993
4 32 32 8 23131
4 32 32 16 23263
4 32 32 32 23145
4 32 32 64 23287
4 32 32 128 23846
4 32 32 256 23618
4 32 32 512 23891
4 32 64 1 23397
4 32 64 2 23417
4 32 64 4 23336
4 32 64 8 23371
4 32 64 16 23557
4 32 64 32 23399
4 32 64 64 23531
4 32 64 128 23989
4 32 64 256 23988
4 32 64 512 23799
4 32 128 1 24153
4 32 128 2 24194
4 32 128 4 23770
4 32 128 8 23611
4 32 128 16 23678
4 32 128 32 23547
4 32 128 64 23755
4 32 128 128 24198
4 32 128 256 23905
4 32 128 512 24263
4 32 256 1 24117
4 32 256 2 24198
4 32 256 4 23864
4 32 256 8 23649
4 32 256 16 23491
4 32 256 32 23528
4 32 256 64 23762
4 32 256 128 24358
4 32 256 256 23968
4 32 256 512 24323
4 32 512 1 24187
4 32 512 2 24278
4 32 512 4 24011
4 32 512 8 23512
4 32 512 16 23765
4 32 512 32 23493
4 32 512 64 23735
4 32 512 128 23710
4 32 512 256 23926
4 32 512 512 24389
4 64 1 1 23580
4 64 1 2 23950
4 64 1 4 23536
4 64 1 8 23309
4 64 1 16 23481
4 64 1 32 23668
4 64 1 64 23603
4 64 1 128 24135
4 64 1 256 24141
4 64 1 512 24070
4 64 2 1 23427
4 64 2 2 23435
4 64 2 4 23193
4 64 2 8 23175
4 64 2 16 23065
4 64 2 32 23143
4 64 2 64 23575
4 64 2 128 23828
4 64 2 256 23959
4 64 2 512 23918
4 64 4 1 23049
4 64 4 2 23284
4 64 4 4 22978
4 64 4 8 22855
4 64 4 16 22873
4 64 4 32 22851
4 64 4 64 22964
4 64 4 128 23784
4 64 4 256 23726
4 64 4 512 23564
4 64 8 1 23032
4 64 8 2 23424
4 64 8 4 23013
4 64 8 8 22974
4 64 8 16 22871
4 64 8 32 23086
4 64 8 64 23187
4 64 8 128 24023
4 64 8 256 23853
4 64 8 512 23819
4 64 16 1 23482
4 64 16 2 23490
4 64 16 4 23109
4 64 16 8 23045
4 64 16 16 23157
4 64 16 32 23228
4 64 16 64 23387
4 64 16 128 23903
4 64 16 256 24018
4 64 16 512 23985
4 64 32 1 23318
4 64 32 2 23545
4 64 32 4 23254
4 64 32 8 23309
4 64 32 16 23421
4 64 32 32 23516
4 64 32 64 23595
4 64 32 128 23772
4 64 32 256 23755
4 64 32 512 23955
4 64 64 1 23318
4 64 64 2 23449
4 64 64 4 23225
4 64 64 8 23192
4 64 64 16 23427
4 64 64 32 23279
4 64 64 64 23590
4 64 64 128 23598
4 64 64 256 24049
4 64 64 512 23797
4 64 128 1 23898
4 64 128 2 24205
4 64 128 4 23905
4 64 128 8 23587
4 64 128 16 23597
4 64 128 32 23753
4 64 128 64 23870
4 64 128 128 24271
4 64 128 256 24102
4 64 128 512 23988
4 64 256 1 23852
4 64 256 2 24273
4 64 256 4 24028
4 64 256 8 23700
4 64 256 16 23856
4 64 256 32 23700
4 64 256 64 23759
4 64 256 128 24269
4 64 256 256 24122
4 64 256 512 23904
4 64 512 1 24105
4 64 512 2 24346
4 64 512 4 23938
4 64 512 8 23743
4 64 512 16 23656
4 64 512 32 23718
4 64 512 64 23922
4 64 512 128 24320
4 64 512 256 24171
4 64 512 512 24272
4 128 1 1 24017
4 128 1 2 24073
4 128 1 4 23553
4 128 1 8 23472
4 128 1 16 23526
4 128 1 32 23747
4 128 1 64 23817
4 128 1 128 24089
4 128 1 256 24020
4 128 1 512 24298
4 128 2 1 23609
4 128 2 2 23749
4 128 2 4 23291
4 128 2 8 23268
4 128 2 16 23209
4 128 2 32 23237
4 128 2 64 23254
4 128 2 128 23898
4 128 2 256 23990
4 128 2 512 23933
4 128 4 1 23205
4 128 4 2 23430
4 128 4 4 23089
4 128 4 8 22955
4 128 4 16 22940
4 128 4 32 23070
4 128 4 64 23123
4 128 4 128 23682
4 128 4 256 23850
4 128 4 512 23783
4 128 8 1 23214
4 128 8 2 23570
4 128 8 4 23133
4 128 8 8 23003
4 128 8 16 22950
4 128 8 32 23161
4 128 8 64 23240
4 128 8 128 23830
4 128 8 256 23873
4 128 8 512 23937
4 128 16 1 23788
4 128 16 2 23745
4 128 16 4 23209
4 128 16 8 23210
4 128 16 16 23296
4 128 16 32 22952
4 128 16 64 23403
4 128 16 128 23699
4 128 16 256 23907
4 128 16 512 24036
4 128 32 1 23642
4 128 32 2 23537
4 128 32 4 23411
4 128 32 8 23276
4 128 32 16 23436
4 128 32 32 23451
4 128 32 64 23572
4 128 32 128 23802
4 128 32 256 23925
4 128 32 512 24045
4 128 64 1 23530
4 128 64 2 23698
4 128 64 4 23426
4 128 64 8 23406
4 128 64 16 23417
4 128 64 32 23697
4 128 64 64 23824
4 128 64 128 23799
4 128 64 256 24019
4 128 64 512 24151
4 128 128 1 24212
4 128 128 2 24259
4 128 128 4 23853
4 128 128 8 23682
4 128 128 16 23870
4 128 128 32 23615
4 128 128 64 23927
4 128 128 128 23885
4 128 128 256 24220
4 128 128 512 23998
4 128 256 1 24018
4 128 256 2 24206
4 128 256 4 23970
4 128 256 8 23633
4 128 256 16 23598
4 128 256 32 23490
4 128 256 64 23899
4 128 256 128 24048
4 128 256 256 24289
4 128 256 512 24220
4 128 512 1 24009
4 128 512 2 24255
4 128 512 4 24010
4 128 512 8 23794
4 128 512 16 23603
4 128 512 32 23604
4 128 512 64 23756
4 128 512 128 24227
4 128 512 256 23943
4 128 512 512 24011
4 256 1 1 23645
4 256 1 2 24064
4 256 1 4 23487
4 256 1 8 23619
4 256 1 16 23627
4 256 1 32 23700
4 256 1 64 23553
4 256 1 128 24144
4 256 1 256 24072
4 256 1 512 24000
4 256 2 1 23548
4 256 2 2 23636
4 256 2 4 23295
4 256 2 8 23147
4 256 2 16 23018
4 256 2 32 23358
4 256 2 64 23410
4 256 2 128 23854
4 256 2 256 23986
4 256 2 512 23973
4 256 4 1 23206
4 256 4 2 23473
4 256 4 4 23020
4 256 4 8 22877
4 256 4 16 22838
4 256 4 32 22968
4 256 4 64 23286
4 256 4 128 23730
4 256 4 256 23648
4 256 4 512 23620
4 256 8 1 23249
4 256 8 2 23622
4 256 8 4 23115
4 256 8 8 23037
4 256 8 16 23042
4 256 8 32 23285
4 256 8 64 23206
4 256 8 128 23793
4 256 8 256 23806
4 256 8 512 23730
4 256 16 1 23676
4 256 16 2 23673
4 256 16 4 23288
4 256 16 8 23042
4 256 16 16 23106
4 256 16 32 23285
4 256 16 64 23370
4 256 16 128 23685
4 256 16 256 23868
4 256 16 512 23913
4 256 32 1 23430
4 256 32 2 23501
4 256 32 4 23278
4 256 32 8 23354
4 256 32 16 23346
4 256 32 32 23207
4 256 32 64 23489
4 256 32 128 23837
4 256 32 256 23758
4 256 32 512 24072
4 256 64 1 23320
4 256 64 2 23642
4 256 64 4 23456
4 256 64 8 23298
4 256 64 16 23357
4 256 64 32 23415
4 256 64 64 23723
4 256 64 128 24105
4 256 64 256 24102
4 256 64 512 24095
4 256 128 1 23947
4 256 128 2 24233
4 256 128 4 24011
4 256 128 8 23711
4 256 128 16 23707
4 256 128 32 23660
4 256 128 64 23760
4 256 128 128 24074
4 256 128 256 24143
4 256 128 512 24248
4 256 256 1 24004
4 256 256 2 24443
4 256 256 4 23818
4 256 256 8 23689
4 256 256 16 23749
4 256 256 32 23884
4 256 256 64 23767
4 256 256 128 24290
4 256 256 256 24068
4 256 256 512 24060
4 256 512 1 23835
4 256 512 2 24234
4 256 512 4 23983
4 256 512 8 23540
4 256 512 16 23702
4 256 512 32 23777
4 256 512 64 23869
4 256 512 128 24212
4 256 512 256 24220
4 256 512 512 24256
4 512 1 1 23775
4 512 1 2 24215
4 512 1 4 23650
4 512 1 8 23403
4 512 1 16 23561
4 512 1 32 23756
4 512 1 64 23852
4 512 1 128 23661
4 512 1 256 23766
4 512 1 512 24032
4 512 2 1 23544
4 512 2 2 23788
4 512 2 4 23192
4 512 2 8 23058
4 512 2 16 23190
4 512 2 32 23251
4 512 2 64 23205
4 512 2 128 23858
4 512 2 256 23899
4 512 2 512 23826
4 512 4 1 23132
4 512 4 2 23438
4 512 4 4 23032
4 512 4 8 22948
4 512 4 16 22786
4 512 4 32 22959
4 512 4 64 23200
4 512 4 128 23600
4 512 4 256 23584
4 512 4 512 23670
4 512 8 1 23214
4 512 8 2 23445
4 512 8 4 23207
4 512 8 8 23136
4 512 8 16 22929
4 512 8 32 22988
4 512 8 64 23127
4 512 8 128 23736
4 512 8 256 23799
4 512 8 512 23827
4 512 16 1 23795
4 512 16 2 23526
4 512 16 4 23169
4 512 16 8 23275
4 512 16 16 23236
4 512 16 32 23378
4 512 16 64 23429
4 512 16 128 23905
4 512 16 256 23795
4 512 16 512 23979
4 512 32 1 23498
4 512 32 2 23471
4 512 32 4 23293
4 512 32 8 23148
4 512 32 16 23302
4 512 32 32 23303
4 512 32 64 23454
4 512 32 128 23916
4 512 32 256 23758
4 512 32 512 23863
4 512 64 1 23185
4 512 64 2 23430
4 512 64 4 23431
4 512 64 8 23394
4 512 64 16 23464
4 512 64 32 23318
4 512 64 64 23333
4 512 64 128 23791
4 512 64 256 23667
4 512 64 512 23695
4 512 128 1 23865
4 512 128 2 23950
4 512 128 4 24057
4 512 128 8 23499
4 512 128 16 23400
4 512 128 32 23639
4 512 128 64 23828
4 512 128 128 23979
4 512 128 256 24203
4 512 128 512 23927
4 512 256 1 23898
4 512 256 2 24300
4 512 256 4 23872
4 512 256 8 23619
4 512 256 16 23608
4 512 256 32 23581
4 512 256 64 23867
4 512 256 128 24056
4 512 256 256 24493
4 512 256 512 24313
4 512 512 1 23993
4 512 512 2 24232
4 512 512 4 24134
4 512 512 8 23609
4 512 512 16 23703
4 512 512 32 23639
4 512 512 64 23482
4 512 512 128 24040
4 512 512 256 24175
4 512 512 512 24323
8 1 1 1 24427
8 1 1 2 24655
8 1 1 4 23753
8 1 1 8 23555
8 1 1 16 23577
8 1 1 32 23686
8 1 1 64 23583
8 1 1 128 24306
8 1 1 256 24368
8 1 1 512 24350
8 1 2 1 24058
8 1 2 2 23799
8 1 2 4 23137
8 1 2 8 23112
8 1 2 16 22940
8 1 2 32 22954
8 1 2 64 23116
8 1 2 128 24026
8 1 2 256 24070
8 1 2 512 24013
8 1 4 1 23531
8 1 4 2 23435
8 1 4 4 22696
8 1 4 8 22769
8 1 4 16 22769
8 1 4 32 22715
8 1 4 64 23002
8 1 4 128 23644
8 1 4 256 23669
8 1 4 512 23748
8 1 8 1 23261
8 1 8 2 23374
8 1 8 4 23012
8 1 8 8 22785
8 1 8 16 22987
8 1 8 32 23038
8 1 8 64 23194
8 1 8 128 23727
8 1 8 256 23773
8 1 8 512 23962
8 1 16 1 23371
8 1 16 2 23526
8 1 16 4 23039
8 1 16 8 23035
8 1 16 16 22757
8 1 16 32 22697
8 1 16 64 23139
8 1 16 128 23732
8 1 16 256 23633
8 1 16 512 23839
8 1 32 1 23405
8 1 32 2 23587
8 1 32 4 23024
8 1 32 8 23182
8 1 32 16 23210
8 1 32 32 23353
8 1 32 64 23449
8 1 32 128 23699
8 1 32 256 23798
8 1 32 512 23933
8 1 64 1 23501
8 1 64 2 23744
8 1 64 4 23087
8 1 64 8 23260
8 1 64 16 23182
8 1 64 32 23311
8 1 64 64 23561
8 1 64 128 24047
8 1 64 256 23919
8 1 64 512 23901
8 1 128 1 24216
8 1 128 2 24481
8 1 128 4 23834
8 1 128 8 23748
8 1 128 16 23841
8 1 128 32 23764
8 1 128 64 23524
8 1 128 128 24073
8 1 128 256 24291
8 1 128 512 24327
8 1 256 1 24239
8 1 256 2 24441
8 1 256 4 24123
8 1 256 8 23686
8 1 256 16 23749
8 1 256 32 23703
8 1 256 64 23675
8 1 256 128 23753
8 1 256 256 23984
8 1 256 512 24330
8 1 512 1 24276
8 1 512 2 24439
8 1 512 4 23992
8 1 512 8 23800
8 1 512 16 23729
8 1 512 32 23844
8 1 512 64 23898
8 1 512 128 24291
8 1 512 256 24382
8 1 512 512 24412
8 2 1 1 23800
8 2 1 2 23913
8 2 1 4 23202
8 2 1 8 23168
8 2 1 16 23120
8 2 1 32 23447
8 2 1 64 23524
8 2 1 128 24373
8 2 1 256 24338
8 2 1 512 24214
8 2 2 1 23456
8 2 2 2 23354
8 2 2 4 22921
8 2 2 8 22778
8 2 2 16 22755
8 2 2 32 22773
8 2 2 64 23029
8 2 2 128 23819
8 2 2 256 23888
8 2 2 512 24089
8 2 4 1 23117
8 2 4 2 23116
8 2 4 4 22794
8 2 4 8 22619
8 2 4 16 22590
8 2 4 32 22588
8 2 4 64 22672
8 2 4 128 23291
8 2 4 256 23450
8 2 4 512 23081
8 2 8 1 23023
8 2 8 2 23011
8 2 8 4 22793
8 2 8 8 22713
8 2 8 16 22607
8 2 8 32 22804
8 2 8 64 22982
8 2 8 128 23622
8 2 8 256 23705
8 2 8 512 23730
8 2 16 1 23066
8 2 16 2 23151
8 2 16 4 22830
8 2 16 8 22733
8 2 16 16 22975
8 2 16 32 23152
8 2 16 64 23303
8 2 16 128 23852
8 2 16 256 23857
8 2 16 512 23752
8 2 32 1 22968
8 2 32 2 23166
8 2 32 4 22770
8 2 32 8 22681
8 2 32 16 22859
8 2 32 32 23196
8 2 32 64 23366
8 2 32 128 23771
8 2 32 256 23872
8 2 32 512 23835
8 2 64 1 23001
8 2 64 2 23098
8 2 64 4 22845
8 2 64 8 22928
8 2 64 16 23004
8 2 64 32 23280
8 2 64 64 23511
8 2 64 128 23696
8 2 64 256 23950
8 2 64 512 23870
8 2 128 1 23857
8 2 128 2 24080
8 2 128 4 23722
8 2 128 8 23502
8 2 128 16 23389
8 2 128 32 23571
8 2 128 64 23658
8 2 128 128 23905
8 2 128 256 24046
8 2 128 512 23857
8 2 256 1 23853
8 2 256 2 24047
8 2 256 4 23671
8 2 256 8 23628
8 2 256 16 23492
8 2 256 32 23581
8 2 256 64 23583
8 2 256 128 24166
8 2 256 256 24245
8 2 256 512 24141
8 2 512 1 23731
8 2 512 2 24128
8 2 512 4 23659
8 2 512 8 23457
8 2 512 16 23630
8 2 512 32 23635
8 2 512 64 23579
8 2 512 128 24015
8 2 512 256 23956
8 2 512 512 24101
8 4 1 1 23307
8 4 1 2 23536
8 4 1 4 23108
8 4 1 8 23027
8 4 1 16 23159
8 4 1 32 23226
8 4 1 64 23531
8 4 1 128 24238
8 4 1 256 24048
8 4 1 512 24084
8 4 2 1 23357
8 4 2 2 23304
8 4 2 4 22981
8 4 2 8 22806
8 4 2 16 22726
8 4 2 32 22723
8 4 2 64 22982
8 4 2 128 23699
8 4 2 256 23708
8 4 2 512 23650
8 4 4 1 23075
8 4 4 2 23089
8 4 4 4 22814
8 4 4 8 22690
8 4 4 16 22599
8 4 4 32 22655
8 4 4 64 22814
8 4 4 128 23695
8 4 4 256 23646
8 4 4 512 23612
8 4 8 1 22974
8 4 8 2 23078
8 4 8 4 22848
8 4 8 8 22706
8 4 8 16 22685
8 4 8 32 22761
8 4 8 64 22982
8 4 8 128 23814
8 4 8 256 23908
8 4 8 512 23666
8 4 16 1 22914
8 4 16 2 23011
8 4 16 4 22759
8 4 16 8 22708
8 4 16 16 22733
8 4 16 32 22803
8 4 16 64 23259
8 4 16 128 23728
8 4 16 256 23777
8 4 16 512 23790
8 4 32 1 22868
8 4 32 2 22998
8 4 32 4 22809
8 4 32 8 22777
8 4 32 16 22818
8 4 32 32 23031
8 4 32 64 23418
8 4 32 128 23804
8 4 32 256 23794
8 4 32 512 23897
8 4 64 1 22954
8 4 64 2 23107
8 4 64 4 22962
8 4 64 8 22957
8 4 64 16 23065
8 4 64 32 23179
8 4 64 64 23424
8 4 64 128 23794
8 4 64 256 23923
8 4 64 512 23956
8 4 128 1 23607
8 4 128 2 23892
8 4 128 4 23860
8 4 128 8 23586
8 4 128 16 23614
8 4 128 32 23393
8 4 128 64 23656
8 4 128 128 24174
8 4 128 256 24255
8 4 128 512 24143
8 4 256 1 23658
8 4 256 2 24032
8 4 256 4 23815
8 4 256 8 23482
8 4 256 16 23607
8 4 256 32 23615
8 4 256 64 23548
8 4 256 128 23754
8 4 256 256 23877
8 4 256 512 23875
8 4 512 1 23716
8 4 512 2 24020
8 4 512 4 23744
8 4 512 8 23640
8 4 512 16 23679
8 4 512 32 23488
8 4 512 64 23530
8 4 512 128 23905
8 4 512 256 24241
8 4 512 512 24030
8 8 1 1 23379
8 8 1 2 23703
8 8 1 4 23130
8 8 1 8 22974
8 8 1 16 23191
8 8 1 32 23472
8 8 1 64 23552
8 8 1 128 24125
8 8 1 256 24024
8 8 1 512 24142
8 8 2 1 23390
8 8 2 2 23333
8 8 2 4 22976
8 8 2 8 22895
8 8 2 16 22885
8 8 2 32 22876
8 8 2 64 23099
8 8 2 128 23761
8 8 2 256 23813
8 8 2 512 23808
8 8 4 1 23095
8 8 4 2 23129
8 8 4 4 22843
8 8 4 8 22747
8 8 4 16 22713
8 8 4 32 22764
8 8 4 64 23010
8 8 4 128 23611
8 8 4 256 23844
8 8 4 512 23655
8 8 8 1 23010
8 8 8 2 23142
8 8 8 4 22869
8 8 8 8 22764
8 8 8 16 22790
8 8 8 32 22846
8 8 8 64 23268
8 8 8 128 23826
8 8 8 256 23751
8 8 8 512 23610
8 8 16 1 22865
8 8 16 2 22965
8 8 16 4 22876
8 8 16 8 22797
8 8 16 16 22889
8 8 16 32 22867
8 8 16 64 23155
8 8 16 128 23695
8 8 16 256 23733
8 8 16 512 23824
8 8 32 1 22900
8 8 32 2 23028
8 8 32 4 22843
8 8 32 8 22811
8 8 32 16 23028
8 8 32 32 23161
8 8 32 64 23473
8 8 32 128 23869
8 8 32 256 23816
8 8 32 512 23804
8 8 64 1 23012
8 8 64 2 23223
8 8 64 4 23134
8 8 64 8 23266
8 8 64 16 23318
8 8 64 32 23292
8 8 64 64 23540
8 8 64 128 23911
8 8 64 256 23949
8 8 64 512 23951
8 8 128 1 23969
8 8 128 2 24202
8 8 128 4 23600
8 8 128 8 23604
8 8 128 16 23548
8 8 128 32 23592
8 8 128 64 23607
8 8 128 128 24036
8 8 128 256 24189
8 8 128 512 24189
8 8 256 1 24068
8 8 256 2 24077
8 8 256 4 23886
8 8 256 8 23472
8 8 256 16 23659
8 8 256 32 23612
8 8 256 64 23623
8 8 256 128 23814
8 8 256 256 24238
8 8 256 512 24265
8 8 512 1 24004
8 8 512 2 24235
8 8 512 4 23995
8 8 512 8 23709
8 8 512 16 23603
8 8 512 32 23611
8 8 512 64 23652
8 8 512 128 24286
8 8 512 256 24210
8 8 512 512 24096
8 16 1 1 23507
8 16 1 2 23775
8 16 1 4 23281
8 16 1 8 23230
8 16 1 16 23148
8 16 1 32 23468
8 16 1 64 23817
8 16 1 128 23988
8 16 1 256 24082
8 16 1 512 24112
8 16 2 1 23413
8 16 2 2 23406
8 16 2 4 23011
8 16 2 8 23067
8 16 2 16 23002
8 16 2 32 23066
8 16 2 64 23261
8 16 2 128 23885
8 16 2 256 23944
8 16 2 512 23878
8 16 4 1 23066
8 16 4 2 23198
8 16 4 4 22970
8 16 4 8 22862
8 16 4 16 22834
8 16 4 32 22816
8 16 4 64 23193
8 16 4 128 23810
8 16 4 256 23711
8 16 4 512 23910
8 16 8 1 22978
8 16 8 2 23149
8 16 8 4 22921
8 16 8 8 22819
8 16 8 16 22957
8 16 8 32 23008
8 16 8 64 23333
8 16 8 128 23695
8 16 8 256 23595
8 16 8 512 23755
8 16 16 1 23040
8 16 16 2 23187
8 16 16 4 22918
8 16 16 8 22969
8 16 16 16 22915
8 16 16 32 23280
8 16 16 64 23359
8 16 16 128 23819
8 16 16 256 23883
8 16 16 512 23811
8 16 32 1 23046
8 16 32 2 23205
8 16 32 4 22993
8 16 32 8 23222
8 16 32 16 23269
8 16 32 32 23137
8 16 32 64 23347
8 16 32 128 23914
8 16 32 256 24006
8 16 32 512 23933
8 16 64 1 23222
8 16 64 2 23319
8 16 64 4 23077
8 16 64 8 23191
8 16 64 16 23349
8 16 64 32 23403
8 16 64 64 23560
8 16 64 128 24096
8 16 64 256 23953
8 16 64 512 23873
8 16 128 1 24041
8 16 128 2 24242
8 16 128 4 24016
8 16 128 8 23648
8 16 128 16 23628
8 16 128 32 23617
8 16 128 64 23595
8 16 128 128 24052
8 16 128 256 24172
8 16 128 512 23983
8 16 256 1 24245
8 16 256 2 24199
8 16 256 4 24064
8 16 256 8 23795
8 16 256 16 23649
8 16 256 32 23731
8 16 256 64 23718
8 16 256 128 23983
8 16 256 256 24050
8 16 256 512 23842
8 16 512 1 23986
8 16 512 2 24150
8 16 512 4 23916
8 16 512 8 23785
8 16 512 16 23710
8 16 512 32 23730
8 16 512 64 23767
8 16 512 128 23961
8 16 512 256 24065
8 16 512 512 24176
8 32 1 1 23893
8 32 1 2 23983
8 32 1 4 23298
8 32 1 8 23278
8 32 1 16 23423
8 32 1 32 23500
8 32 1 64 23311
8 32 1 128 24031
8 32 1 256 24191
8 32 1 512 24181
8 32 2 1 23459
8 32 2 2 23459
8 32 2 4 23130
8 32 2 8 23071
8 32 2 16 23067
8 32 2 32 23105
8 32 2 64 23262
8 32 2 128 23751
8 32 2 256 23935
8 32 2 512 23973
8 32 4 1 23133
8 32 4 2 23346
8 32 4 4 23019
8 32 4 8 22903
8 32 4 16 22801
8 32 4 32 22946
8 32 4 64 23304
8 32 4 128 23703
8 32 4 256 23594
8 32 4 512 23730
8 32 8 1 23037
8 32 8 2 23265
8 32 8 4 22929
8 32 8 8 22856
8 32 8 16 22916
8 32 8 32 22849
8 32 8 64 23266
8 32 8 128 23695
8 32 8 256 23672
8 32 8 512 23730
8 32 16 1 23347
8 32 16 2 23431
8 32 16 4 23083
8 32 16 8 23098
8 32 16 16 23173
8 32 16 32 22999
8 32 16 64 23324
8 32 16 128 23587
8 32 16 256 23890
8 32 16 512 23908
8 32 32 1 23264
8 32 32 2 23338
8 32 32 4 23249
8 32 32 8 23099
8 32 32 16 23318
8 32 32 32 23108
8 32 32 64 23407
8 32 32 128 23848
8 32 32 256 23916
8 32 32 512 24091
8 32 64 1 23248
8 32 64 2 23416
8 32 64 4 23468
8 32 64 8 23114
8 32 64 16 23362
8 32 64 32 23597
8 32 64 64 23633
8 32 64 128 23858
8 32 64 256 24050
8 32 64 512 24034
8 32 128 1 24067
8 32 128 2 24213
8 32 128 4 23753
8 32 128 8 23610
8 32 128 16 23757
8 32 128 32 23578
8 32 128 64 23763
8 32 128 128 24079
8 32 128 256 23999
8 32 128 512 24138
8 32 256 1 24030
8 32 256 2 24072
8 32 256 4 23753
8 32 256 8 23748
8 32 256 16 23654
8 32 256 32 23749
8 32 256 64 23808
8 32 256 128 24106
8 32 256 256 24374
8 32 256 512 24195
8 32 512 1 23885
8 32 512 2 24165
8 32 512 4 24196
8 32 512 8 23588
8 32 512 16 23681
8 32 512 32 23638
8 32 512 64 23756
8 32 512 128 24210
8 32 512 256 24036
8 32 512 512 23852
8 64 1 1 24068
8 64 1 2 24216
8 64 1 4 23413
8 64 1 8 23286
8 64 1 16 23252
8 64 1 32 23579
8 64 1 64 23669
8 64 1 128 24213
8 64 1 256 24206
8 64 1 512 24165
8 64 2 1 23544
8 64 2 2 23644
8 64 2 4 23185
8 64 2 8 23025
8 64 2 16 22955
8 64 2 32 23335
8 64 2 64 23172
8 64 2 128 23801
8 64 2 256 23772
8 64 2 512 23977
8 64 4 1 23264
8 64 4 2 23420
8 64 4 4 23148
8 64 4 8 23004
8 64 4 16 22978
8 64 4 32 23142
8 64 4 64 23281
8 64 4 128 23752
8 64 4 256 23859
8 64 4 512 23923
8 64 8 1 23990
8 64 8 2 23777
8 64 8 4 23261
8 64 8 8 23019
8 64 8 16 22872
8 64 8 32 23163
8 64 8 64 23376
8 64 8 128 23857
8 64 8 256 23934
8 64 8 512 23998
8 64 16 1 23685
8 64 16 2 23585
8 64 16 4 23214
8 64 16 8 22992
8 64 16 16 22970
8 64 16 32 23164
8 64 16 64 23552
8 64 16 128 23898
8 64 16 256 23927
8 64 16 512 23888
8 64 32 1 23403
8 64 32 2 23597
8 64 32 4 23355
8 64 32 8 23325
8 64 32 16 23166
8 64 32 32 23420
8 64 32 64 23610
8 64 32 128 23951
8 64 32 256 24087
8 64 32 512 23929
8 64 64 1 23493
8 64 64 2 23635
8 64 64 4 23432
8 64 64 8 23433
8 64 64 16 23422
8 64 64 32 23565
8 64 64 64 23635
8 64 64 128 23985
8 64 64 256 23953
8 64 64 512 24204
8 64 128 1 24041
8 64 128 2 24505
8 64 128 4 23852
8 64 128 8 23571
8 64 128 16 23661
8 64 128 32 23537
8 64 128 64 23766
8 64 128 128 24005
8 64 128 256 24173
8 64 128 512 24350
8 64 256 1 24102
8 64 256 2 24393
8 64 256 4 23925
8 64 256 8 23683
8 64 256 16 23799
8 64 256 32 23543
8 64 256 64 23764
8 64 256 128 24334
8 64 256 256 24186
8 64 256 512 24248
8 64 512 1 24115
8 64 512 2 24396
8 64 512 4 24023
8 64 512 8 23602
8 64 512 16 23744
8 64 512 32 23745
8 64 512 64 23816
8 64 512 128 23868
8 64 512 256 24351
8 64 512 512 24279
8 128 1 1 24098
8 128 1 2 24190
8 128 1 4 23549
8 128 1 8 23612
8 128 1 16 23413
8 128 1 32 23651
8 128 1 64 23782
8 128 1 128 24168
8 128 1 256 23962
8 128 1 512 23999
8 128 2 1 23853
8 128 2 2 23812
8 128 2 4 23385
8 128 2 8 23318
8 128 2 16 23484
8 128 2 32 23478
8 128 2 64 23533
8 128 2 128 23908
8 128 2 256 23924
8 128 2 512 23984
8 128 4 1 23845
8 128 4 2 23910
8 128 4 4 23659
8 128 4 8 23268
8 128 4 16 23134
8 128 4 32 23189
8 128 4 64 23509
8 128 4 128 23849
8 128 4 256 23696
8 128 4 512 23760
8 128 8 1 25085
8 128 8 2 24146
8 128 8 4 23466
8 128 8 8 23106
8 128 8 16 23282
8 128 8 32 23025
8 128 8 64 23405
8 128 8 128 24063
8 128 8 256 23943
8 128 8 512 24003
8 128 16 1 23861
8 128 16 2 23658
8 128 16 4 23496
8 128 16 8 23185
8 128 16 16 23334
8 128 16 32 23267
8 128 16 64 23503
8 128 16 128 23985
8 128 16 256 23917
8 128 16 512 23987
8 128 32 1 23725
8 128 32 2 23813
8 128 32 4 23508
8 128 32 8 23568
8 128 32 16 23501
8 128 32 32 23286
8 128 32 64 23576
8 128 32 128 24218
8 128 32 256 23983
8 128 32 512 24233
8 128 64 1 23561
8 128 64 2 23715
8 128 64 4 23418
8 128 64 8 23468
8 128 64 16 23371
8 128 64 32 23651
8 128 64 64 23640
8 128 64 128 24131
8 128 64 256 23933
8 128 64 512 24101
8 128 128 1 24138
8 128 128 2 24641
8 128 128 4 24120
8 128 128 8 23661
8 128 128 16 23615
8 128 128 32 23877
8 128 128 64 24059
8 128 128 128 24550
8 128 128 256 24377
8 128 128 512 24353
8 128 256 1 24288
8 128 256 2 24614
8 128 256 4 23857
8 128 256 8 23716
8 128 256 16 23741
8 128 256 32 23544
8 128 256 64 23871
8 128 256 128 24345
8 128 256 256 24356
8 128 256 512 23884
8 128 512 1 24252
8 128 512 2 24242
8 128 512 4 24129
8 128 512 8 23794
8 128 512 16 23717
8 128 512 32 23764
8 128 512 64 24016
8 128 512 128 24444
8 128 512 256 24415
8 128 512 512 24351
8 256 1 1 24186
8 256 1 2 24482
8 256 1 4 23683
8 256 1 8 23356
8 256 1 16 23468
8 256 1 32 23664
8 256 1 64 23684
8 256 1 128 24190
8 256 1 256 24281
8 256 1 512 24072
8 256 2 1 23788
8 256 2 2 23662
8 256 2 4 23322
8 256 2 8 23235
8 256 2 16 23402
8 256 2 32 23340
8 256 2 64 23474
8 256 2 128 24066
8 256 2 256 24053
8 256 2 512 24029
8 256 4 1 23858
8 256 4 2 23893
8 256 4 4 23643
8 256 4 8 23324
8 256 4 16 23117
8 256 4 32 23194
8 256 4 64 23311
8 256 4 128 23827
8 256 4 256 24079
8 256 4 512 24029
8 256 8 1 25035
8 256 8 2 24373
8 256 8 4 23522
8 256 8 8 23286
8 256 8 16 23137
8 256 8 32 23265
8 256 8 64 23342
8 256 8 128 23928
8 256 8 256 23982
8 256 8 512 24119
8 256 16 1 23790
8 256 16 2 23607
8 256 16 4 23327
8 256 16 8 23348
8 256 16 16 23507
8 256 16 32 23485
8 256 16 64 23372
8 256 16 128 24082
8 256 16 256 24084
8 256 16 512 24076
8 256 32 1 23809
8 256 32 2 23684
8 256 32 4 23603
8 256 32 8 23428
8 256 32 16 23396
8 256 32 32 23449
8 256 32 64 23506
8 256 32 128 24094
8 256 32 256 24092
8 256 32 512 23870
8 256 64 1 23612
8 256 64 2 23961
8 256 64 4 23602
8 256 64 8 23697
8 256 64 16 23640
8 256 64 32 23625
8 256 64 64 23892
8 256 64 128 24230
8 256 64 256 24321
8 256 64 512 24114
8 256 128 1 24052
8 256 128 2 24578
8 256 128 4 24158
8 256 128 8 23687
8 256 128 16 23717
8 256 128 32 23605
8 256 128 64 23928
8 256 128 128 24338
8 256 128 256 24346
8 256 128 512 24259
8 256 256 1 23967
8 256 256 2 24398
8 256 256 4 24028
8 256 256 8 23751
8 256 256 16 23689
8 256 256 32 23660
8 256 256 64 23811
8 256 256 128 24113
8 256 256 256 24210
8 256 256 512 24096
8 256 512 1 24056
8 256 512 2 24587
8 256 512 4 23882
8 256 512 8 23764
8 256 512 16 23724
8 256 512 32 23617
8 256 512 64 23659
8 256 512 128 24275
8 256 512 256 24368
8 256 512 512 24297
8 512 1 1 24235
8 512 1 2 24206
8 512 1 4 23653
8 512 1 8 23460
8 512 1 16 23306
8 512 1 32 23597
8 512 1 64 23634
8 512 1 128 24065
8 512 1 256 24199
8 512 1 512 24251
8 512 2 1 23804
8 512 2 2 23675
8 512 2 4 23287
8 512 2 8 23359
8 512 2 16 23350
8 512 2 32 23399
8 512 2 64 23546
8 512 2 128 24047
8 512 2 256 23891
8 512 2 512 23996
8 512 4 1 23898
8 512 4 2 23971
8 512 4 4 23603
8 512 4 8 23294
8 512 4 16 23057
8 512 4 32 23272
8 512 4 64 23303
8 512 4 128 23911
8 512 4 256 23951
8 512 4 512 23711
8 512 8 1 25108
8 512 8 2 24141
8 512 8 4 23349
8 512 8 8 23187
8 512 8 16 23252
8 512 8 32 23365
8 512 8 64 23322
8 512 8 128 23877
8 512 8 256 23870
8 512 8 512 23875
8 512 16 1 23905
8 512 16 2 23614
8 512 16 4 23373
8 512 16 8 23298
8 512 16 16 23141
8 512 16 32 23431
8 512 16 64 23524
8 512 16 128 23771
8 512 16 256 24000
8 512 16 512 24138
8 512 32 1 23626
8 512 32 2 23810
8 512 32 4 23479
8 512 32 8 23392
8 512 32 16 23295
8 512 32 32 23593
8 512 32 64 23754
8 512 32 128 24051
8 512 32 256 23987
8 512 32 512 23962
8 512 64 1 23657
8 512 64 2 23918
8 512 64 4 23326
8 512 64 8 23327
8 512 64 16 23367
8 512 64 32 23515
8 512 64 64 23909
8 512 64 128 24231
8 512 64 256 23973
8 512 64 512 24119
8 512 128 1 24207
8 512 128 2 24692
8 512 128 4 24264
8 512 128 8 23796
8 512 128 16 23842
8 512 128 32 23604
8 512 128 64 23782
8 512 128 128 24296
8 512 128 256 24400
8 512 128 512 24359
8 512 256 1 24144
8 512 256 2 24245
8 512 256 4 23966
8 512 256 8 23743
8 512 256 16 23913
8 512 256 32 23562
8 512 256 64 23678
8 512 256 128 24135
8 512 256 256 24248
8 512 256 512 24282
8 512 512 1 23932
8 512 512 2 24691
8 512 512 4 24168
8 512 512 8 23863
8 512 512 16 23831
8 512 512 32 23755
8 512 512 64 24008
8 512 512 128 24354
8 512 512 256 24305
8 512 512 512 24349
16 1 1 1 24357
16 1 1 2 24574
16 1 1 4 23641
16 1 1 8 23720
16 1 1 16 23738
16 1 1 32 23773
16 1 1 64 23846
16 1 1 128 24290
16 1 1 256 24414
16 1 1 512 24480
16 1 2 1 24234
16 1 2 2 24052
16 1 2 4 23218
16 1 2 8 23082
16 1 2 16 23047
16 1 2 32 23169
16 1 2 64 23049
16 1 2 128 24128
16 1 2 256 24182
16 1 2 512 24182
16 1 4 1 23843
16 1 4 2 23526
16 1 4 4 22958
16 1 4 8 22778
16 1 4 16 22867
16 1 4 32 22707
16 1 4 64 23157
16 1 4 128 23642
16 1 4 256 23632
16 1 4 512 23977
16 1 8 1 23442
16 1 8 2 23783
16 1 8 4 22824
16 1 8 8 22852
16 1 8 16 22730
16 1 8 32 22945
16 1 8 64 23254
16 1 8 128 23826
16 1 8 256 23888
16 1 8 512 23989
16 1 16 1 23454
16 1 16 2 23550
16 1 16 4 23209
16 1 16 8 23192
16 1 16 16 23064
16 1 16 32 22999
16 1 16 64 23366
16 1 16 128 23944
16 1 16 256 23991
16 1 16 512 23926
16 1 32 1 23676
16 1 32 2 23775
16 1 32 4 22968
16 1 32 8 23021
16 1 32 16 23211
16 1 32 32 23300
16 1 32 64 23510
16 1 32 128 23935
16 1 32 256 23910
16 1 32 512 23846
16 1 64 1 23665
16 1 64 2 23775
16 1 64 4 23318
16 1 64 8 23254
16 1 64 16 23204
16 1 64 32 23385
16 1 64 64 23696
16 1 64 128 24231
16 1 64 256 23838
16 1 64 512 23971
16 1 128 1 24233
16 1 128 2 24396
16 1 128 4 23961
16 1 128 8 23527
16 1 128 16 23732
16 1 128 32 23786
16 1 128 64 23705
16 1 128 128 23965
16 1 128 256 24310
16 1 128 512 23872
16 1 256 1 24131
16 1 256 2 24340
16 1 256 4 24181
16 1 256 8 23645
16 1 256 16 23543
16 1 256 32 23751
16 1 256 64 23774
16 1 256 128 24282
16 1 256 256 24332
16 1 256 512 24288
16 1 512 1 24272
16 1 512 2 24444
16 1 512 4 24231
16 1 512 8 23698
16 1 512 16 23699
16 1 512 32 23824
16 1 512 64 23741
16 1 512 128 24128
16 1 512 256 24383
16 1 512 512 24297
16 2 1 1 23844
16 2 1 2 23880
16 2 1 4 23331
16 2 1 8 23204
16 2 1 16 23019
16 2 1 32 23339
16 2 1 64 23557
16 2 1 128 24439
16 2 1 256 24434
16 2 1 512 24462
16 2 2 1 23609
16 2 2 2 23391
16 2 2 4 23091
16 2 2 8 22918
16 2 2 16 22812
16 2 2 32 22874
16 2 2 64 23005
16 2 2 128 23992
16 2 2 256 23724
16 2 2 512 23897
16 2 4 1 23165
16 2 4 2 23174
16 2 4 4 22832
16 2 4 8 22728
16 2 4 16 22651
16 2 4 32 22655
16 2 4 64 22776
16 2 4 128 23146
16 2 4 256 23211
16 2 4 512 23371
16 2 8 1 23047
16 2 8 2 23128
16 2 8 4 22828
16 2 8 8 22704
16 2 8 16 22588
16 2 8 32 22650
16 2 8 64 22935
16 2 8 128 23695
16 2 8 256 23779
16 2 8 512 23593
16 2 16 1 22973
16 2 16 2 23068
16 2 16 4 22793
16 2 16 8 22773
16 2 16 16 22688
16 2 16 32 22912
16 2 16 64 23397
16 2 16 128 23671
16 2 16 256 23842
16 2 16 512 23838
16 2 32 1 22957
16 2 32 2 23143
16 2 32 4 22976
16 2 32 8 22887
16 2 32 16 22862
16 2 32 32 22985
16 2 32 64 23257
16 2 32 128 23995
16 2 32 256 23755
16 2 32 512 23697
16 2 64 1 23021
16 2 64 2 23116
16 2 64 4 22917
16 2 64 8 22928
16 2 64 16 23000
16 2 64 32 23321
16 2 64 64 23546
16 2 64 128 23751
16 2 64 256 23879
16 2 64 512 23890
16 2 128 1 23765
16 2 128 2 23969
16 2 128 4 23671
16 2 128 8 23483
16 2 128 16 23472
16 2 128 32 23491
16 2 128 64 23707
16 2 128 128 23961
16 2 128 256 24008
16 2 128 512 24047
16 2 256 1 23798
16 2 256 2 24176
16 2 256 4 23706
16 2 256 8 23480
16 2 256 16 23505
16 2 256 32 23595
16 2 256 64 23649
16 2 256 128 24062
16 2 256 256 24043
16 2 256 512 24121
16 2 512 1 23872
16 2 512 2 24008
16 2 512 4 23637
16 2 512 8 23418
16 2 512 16 23489
16 2 512 32 23589
16 2 512 64 23642
16 2 512 128 24109
16 2 512 256 24159
16 2 512 512 23899
16 4 1 1 23444
16 4 1 2 23858
16 4 1 4 23158
16 4 1 8 23030
16 4 1 16 22922
16 4 1 32 23323
16 4 1 64 23282
16 4 1 128 24188
16 4 1 256 24055
16 4 1 512 24111
16 4 2 1 23402
16 4 2 2 23422
16 4 2 4 23036
16 4 2 8 22875
16 4 2 16 22840
16 4 2 32 22860
16 4 2 64 23045
16 4 2 128 23673
16 4 2 256 23696
16 4 2 512 23748
16 4 4 1 23094
16 4 4 2 23146
16 4 4 4 22855
16 4 4 8 22743
16 4 4 16 22695
16 4 4 32 22726
16 4 4 64 22890
16 4 4 128 23663
16 4 4 256 23758
16 4 4 512 23642
16 4 8 1 23002
16 4 8 2 23146
16 4 8 4 22837
16 4 8 8 22794
16 4 8 16 22709
16 4 8 32 22891
16 4 8 64 23051
16 4 8 128 23539
16 4 8 256 23700
16 4 8 512 23712
16 4 16 1 22890
16 4 16 2 23055
16 4 16 4 22843
16 4 16 8 22755
16 4 16 16 22784
16 4 16 32 22908
16 4 16 64 23294
16 4 16 128 23827
16 4 16 256 23800
16 4 16 512 23846
16 4 32 1 22869
16 4 32 2 22954
16 4 32 4 22810
16 4 32 8 22882
16 4 32 16 23040
16 4 32 32 23225
16 4 32 64 23352
16 4 32 128 23857
16 4 32 256 23916
16 4 32 512 23720
16 4 64 1 23015
16 4 64 2 23111
16 4 64 4 22961
16 4 64 8 22974
16 4 64 16 23171
16 4 64 32 23324
16 4 64 64 23497
16 4 64 128 23941
16 4 64 256 23903
16 4 64 512 24017
16 4 128 1 24145
16 4 128 2 24167
16 4 128 4 23764
16 4 128 8 23527
16 4 128 16 23612
16 4 128 32 23740
16 4 128 64 23529
16 4 128 128 23948
16 4 128 256 24015
16 4 128 512 24275
16 4 256 1 24225
16 4 256 2 24313
16 4 256 4 23897
16 4 256 8 23426
16 4 256 16 23597
16 4 256 32 23642
16 4 256 64 23882
16 4 256 128 24244
16 4 256 256 24136
16 4 256 512 24221
16 4 512 1 24208
16 4 512 2 24206
16 4 512 4 23697
16 4 512 8 23514
16 4 512 16 23633
16 4 512 32 23594
16 4 512 64 23649
16 4 512 128 24149
16 4 512 256 24019
16 4 512 512 24097
16 8 1 1 23549
16 8 1 2 23968
16 8 1 4 23208
16 8 1 8 23157
16 8 1 16 23346
16 8 1 32 23583
16 8 1 64 23720
16 8 1 128 24069
16 8 1 256 24164
16 8 1 512 24110
16 8 2 1 23416
16 8 2 2 23348
16 8 2 4 23014
16 8 2 8 22946
16 8 2 16 22874
16 8 2 32 22961
16 8 2 64 23176
16 8 2 128 23932
16 8 2 256 23900
16 8 2 512 23858
16 8 4 1 23112
16 8 4 2 23139
16 8 4 4 22877
16 8 4 8 22820
16 8 4 16 22707
16 8 4 32 22740
16 8 4 64 23097
16 8 4 128 23794
16 8 4 256 23888
16 8 4 512 23878
16 8 8 1 23025
16 8 8 2 23202
16 8 8 4 22912
16 8 8 8 22819
16 8 8 16 22781
16 8 8 32 22960
16 8 8 64 23183
16 8 8 128 23767
16 8 8 256 23847
16 8 8 512 23735
16 8 16 1 23154
16 8 16 2 23185
16 8 16 4 22981
16 8 16 8 22856
16 8 16 16 22928
16 8 16 32 23037
16 8 16 64 23388
16 8 16 128 23767
16 8 16 256 23994
16 8 16 512 23714
16 8 32 1 23105
16 8 32 2 23246
16 8 32 4 23058
16 8 32 8 23042
16 8 32 16 23141
16 8 32 32 23181
16 8 32 64 23546
16 8 32 128 23682
16 8 32 256 23822
16 8 32 512 23868
16 8 64 1 23104
16 8 64 2 23226
16 8 64 4 23247
16 8 64 8 23184
16 8 64 16 23229
16 8 64 32 23665
16 8 64 64 23730
16 8 64 128 24065
16 8 64 256 23916
16 8 64 512 23907
16 8 128 1 23974
16 8 128 2 24051
16 8 128 4 23864
16 8 128 8 23487
16 8 128 16 23507
16 8 128 32 23581
16 8 128 64 23805
16 8 128 128 24156
16 8 128 256 24254
16 8 128 512 23807
16 8 256 1 23917
16 8 256 2 24115
16 8 256 4 23884
16 8 256 8 23651
16 8 256 16 23655
16 8 256 32 23593
16 8 256 64 23871
16 8 256 128 24151
16 8 256 256 23996
16 8 256 512 24323
16 8 512 1 23812
16 8 512 2 24118
16 8 512 4 23590
16 8 512 8 23635
16 8 512 16 23747
16 8 512 32 23673
16 8 512 64 23775
16 8 512 128 23960
16 8 512 256 24191
16 8 512 512 24240
16 16 1 1 23836
16 16 1 2 24007
16 16 1 4 23245
16 16 1 8 23205
16 16 1 16 23193
16 16 1 32 23488
16 16 1 64 23533
16 16 1 128 23982
16 16 1 256 24066
16 16 1 512 24033
16 16 2 1 23449
16 16 2 2 23563
16 16 2 4 23113
16 16 2 8 23024
16 16 2 16 22981
16 16 2 32 23041
16 16 2 64 23349
16 16 2 128 23963
16 16 2 256 23878
16 16 2 512 23982
16 16 4 1 23061
16 16 4 2 23300
16 16 4 4 22965
16 16 4 8 22852
16 16 4 16 22791
16 16 4 32 22825
16 16 4 64 22923
16 16 4 128 23842
16 16 4 256 23792
16 16 4 512 23771
16 16 8 1 23341
16 16 8 2 23381
16 16 8 4 23071
16 16 8 8 22910
16 16 8 16 22961
16 16 8 32 22897
16 16 8 64 23361
16 16 8 128 23808
16 16 8 256 23688
16 16 8 512 23850
16 16 16 1 23365
16 16 16 2 23343
16 16 16 4 23044
16 16 16 8 23057
16 16 16 16 22983
16 16 16 32 23201
16 16 16 64 23349
16 16 16 128 23860
16 16 16 256 23777
16 16 16 512 23748
16 16 32 1 23221
16 16 32 2 23279
16 16 32 4 23169
16 16 32 8 23138
16 16 32 16 23272
16 16 32 32 23393
16 16 32 64 23484
16 16 32 128 23949
16 16 32 256 23979
16 16 32 512 23954
16 16 64 1 23295
16 16 64 2 23325
16 16 64 4 23241
16 16 64 8 23335
16 16 64 16 23504
16 16 64 32 23408
16 16 64 64 23647
16 16 64 128 23770
16 16 64 256 23922
16 16 64 512 23945
16 16 128 1 23955
16 16 128 2 24181
16 16 128 4 23891
16 16 128 8 23715
16 16 128 16 23624
16 16 128 32 23578
16 16 128 64 23749
16 16 128 128 24164
16 16 128 256 24101
16 16 128 512 24143
16 16 256 1 23990
16 16 256 2 24203
16 16 256 4 23868
16 16 256 8 23643
16 16 256 16 23713
16 16 256 32 23653
16 16 256 64 23748
16 16 256 128 24146
16 16 256 256 24391
16 16 256 512 24170
16 16 512 1 24118
16 16 512 2 24186
16 16 512 4 23998
16 16 512 8 23639
16 16 512 16 23642
16 16 512 32 23492
16 16 512 64 23613
16 16 512 128 23963
16 16 512 256 24165
16 16 512 512 24068
16 32 1 1 24114
16 32 1 2 24102
16 32 1 4 23441
16 32 1 8 23233
16 32 1 16 23375
16 32 1 32 23622
16 32 1 64 23739
16 32 1 128 24159
16 32 1 256 24217
16 32 1 512 24209
16 32 2 1 23535
16 32 2 2 23587
16 32 2 4 23133
16 32 2 8 23093
16 32 2 16 23139
16 32 2 32 23188
16 32 2 64 23205
16 32 2 128 23988
16 32 2 256 23898
16 32 2 512 24118
16 32 4 1 23240
16 32 4 2 23360
16 32 4 4 23078
16 32 4 8 23030
16 32 4 16 22906
16 32 4 32 22864
16 32 4 64 23300
16 32 4 128 23694
16 32 4 256 23760
16 32 4 512 23799
16 32 8 1 24041
16 32 8 2 23766
16 32 8 4 23216
16 32 8 8 23040
16 32 8 16 23011
16 32 8 32 22941
16 32 8 64 23373
16 32 8 128 23837
16 32 8 256 23779
16 32 8 512 23870
16 32 16 1 23627
16 32 16 2 23487
16 32 16 4 23161
16 32 16 8 23128
16 32 16 16 23313
16 32 16 32 23261
16 32 16 64 23634
16 32 16 128 23875
16 32 16 256 23932
16 32 16 512 23888
16 32 32 1 23478
16 32 32 2 23515
16 32 32 4 23298
16 32 32 8 23359
16 32 32 16 23343
16 32 32 32 23599
16 32 32 64 23458
16 32 32 128 23947
16 32 32 256 24029
16 32 32 512 24002
16 32 64 1 23481
16 32 64 2 23581
16 32 64 4 23538
16 32 64 8 23343
16 32 64 16 23309
16 32 64 32 23617
16 32 64 64 23657
16 32 64 128 23884
16 32 64 256 24124
16 32 64 512 23920
16 32 128 1 24055
16 32 128 2 24225
16 32 128 4 24025
16 32 128 8 23605
16 32 128 16 23785
16 32 128 32 23667
16 32 128 64 23774
16 32 128 128 24228
16 32 128 256 23792
16 32 128 512 24035
16 32 256 1 23926
16 32 256 2 24151
16 32 256 4 23930
16 32 256 8 23671
16 32 256 16 23627
16 32 256 32 23567
16 32 256 64 23784
16 32 256 128 24332
16 32 256 256 24221
16 32 256 512 24259
16 32 512 1 24007
16 32 512 2 24251
16 32 512 4 24016
16 32 512 8 23720
16 32 512 16 23684
16 32 512 32 23682
16 32 512 64 23779
16 32 512 128 24168
16 32 512 256 24386
16 32 512 512 24302
16 64 1 1 25061
16 64 1 2 24642
16 64 1 4 24080
16 64 1 8 23895
16 64 1 16 23708
16 64 1 32 23958
16 64 1 64 23953
16 64 1 128 24300
16 64 1 256 24262
16 64 1 512 24115
16 64 2 1 25831
16 64 2 2 24819
16 64 2 4 24049
16 64 2 8 23611
16 64 2 16 23498
16 64 2 32 23494
16 64 2 64 23495
16 64 2 128 24011
16 64 2 256 23837
16 64 2 512 24028
16 64 4 1 25490
16 64 4 2 24528
16 64 4 4 23692
16 64 4 8 23301
16 64 4 16 23020
16 64 4 32 23201
16 64 4 64 22937
16 64 4 128 23617
16 64 4 256 23817
16 64 4 512 23850
16 64 8 1 24880
16 64 8 2 23930
16 64 8 4 23275
16 64 8 8 23309
16 64 8 16 23214
16 64 8 32 23328
16 64 8 64 23429
16 64 8 128 23891
16 64 8 256 23945
16 64 8 512 23935
16 64 16 1 23776
16 64 16 2 23566
16 64 16 4 23429
16 64 16 8 23277
16 64 16 16 23152
16 64 16 32 23370
16 64 16 64 23501
16 64 16 128 23914
16 64 16 256 23872
16 64 16 512 23858
16 64 32 1 23754
16 64 32 2 23762
16 64 32 4 23368
16 64 32 8 23291
16 64 32 16 23391
16 64 32 32 23525
16 64 32 64 23443
16 64 32 128 23998
16 64 32 256 24041
16 64 32 512 23978
16 64 64 1 23846
16 64 64 2 23890
16 64 64 4 23764
16 64 64 8 23562
16 64 64 16 23469
16 64 64 32 23585
16 64 64 64 23688
16 64 64 128 23965
16 64 64 256 24037
16 64 64 512 24084
16 64 128 1 24287
16 64 128 2 24669
16 64 128 4 24049
16 64 128 8 23687
16 64 128 16 23716
16 64 128 32 23721
16 64 128 64 23767
16 64 128 128 24047
16 64 128 256 24278
16 64 128 512 24301
16 64 256 1 24157
16 64 256 2 24677
16 64 256 4 24077
16 64 256 8 23765
16 64 256 16 23705
16 64 256 32 23816
16 64 256 64 23863
16 64 256 128 23901
16 64 256 256 24139
16 64 256 512 23766
16 64 512 1 24370
16 64 512 2 24497
16 64 512 4 24006
16 64 512 8 23694
16 64 512 16 23805
16 64 512 32 23752
16 64 512 64 23816
16 64 512 128 24235
16 64 512 256 24015
16 64 512 512 24254
16 128 1 1 27937
16 128 1 2 26498
16 128 1 4 25480
16 128 1 8 24548
16 128 1 16 23941
16 128 1 32 24054
16 128 1 64 24016
16 128 1 128 24214
16 128 1 256 24350
16 128 1 512 24179
16 128 2 1 29023
16 128 2 2 26289
16 128 2 4 24785
16 128 2 8 24167
16 128 2 16 23758
16 128 2 32 23497
16 128 2 64 23676
16 128 2 128 24072
16 128 2 256 24007
16 128 2 512 23969
16 128 4 1 26860
16 128 4 2 25049
16 128 4 4 23928
16 128 4 8 23545
16 128 4 16 23274
16 128 4 32 23373
16 128 4 64 23466
16 128 4 128 23931
16 128 4 256 23849
16 128 4 512 23916
16 128 8 1 25430
16 128 8 2 24172
16 128 8 4 23514
16 128 8 8 23274
16 128 8 16 23276
16 128 8 32 23356
16 128 8 64 23396
16 128 8 128 24017
16 128 8 256 23948
16 128 8 512 24048
16 128 16 1 23907
16 128 16 2 23709
16 128 16 4 23415
16 128 16 8 23391
16 128 16 16 23481
16 128 16 32 23453
16 128 16 64 23689
16 128 16 128 23945
16 128 16 256 23900
16 128 16 512 23939
16 128 32 1 23909
16 128 32 2 24014
16 128 32 4 23633
16 128 32 8 23475
16 128 32 16 23506
16 128 32 32 23635
16 128 32 64 23715
16 128 32 128 24005
16 128 32 256 23961
16 128 32 512 23747
16 128 64 1 24254
16 128 64 2 24321
16 128 64 4 24032
16 128 64 8 23576
16 128 64 16 23670
16 128 64 32 23841
16 128 64 64 23608
16 128 64 128 23759
16 128 64 256 24051
16 128 64 512 23987
16 128 128 1 24518
16 128 128 2 25027
16 128 128 4 24182
16 128 128 8 23673
16 128 128 16 23758
16 128 128 32 23751
16 128 128 64 23617
16 128 128 128 24177
16 128 128 256 24308
16 128 128 512 24302
16 128 256 1 24500
16 128 256 2 24912
16 128 256 4 24276
16 128 256 8 23785
16 128 256 16 23868
16 128 256 32 23774
16 128 256 64 23860
16 128 256 128 24247
16 128 256 256 24263
16 128 256 512 24336
16 128 512 1 24844
16 128 512 2 24959
16 128 512 4 24070
16 128 512 8 23748
16 128 512 16 23726
16 128 512 32 23826
16 128 512 64 23791
16 128 512 128 24302
16 128 512 256 24281
16 128 512 512 24335
16 256 1 1 27994
16 256 1 2 26552
16 256 1 4 25425
16 256 1 8 24499
16 256 1 16 23885
16 256 1 32 23883
16 256 1 64 23728
16 256 1 128 24166
16 256 1 256 24082
16 256 1 512 23874
16 256 2 1 29041
16 256 2 2 26358
16 256 2 4 24778
16 256 2 8 24036
16 256 2 16 23648
16 256 2 32 23515
16 256 2 64 23558
16 256 2 128 23852
16 256 2 256 23977
16 256 2 512 23981
16 256 4 1 26884
16 256 4 2 25088
16 256 4 4 24059
16 256 4 8 23608
16 256 4 16 23294
16 256 4 32 23470
16 256 4 64 23459
16 256 4 128 24080
16 256 4 256 23861
16 256 4 512 23964
16 256 8 1 25392
16 256 8 2 24191
16 256 8 4 23506
16 256 8 8 23519
16 256 8 16 23191
16 256 8 32 23458
16 256 8 64 23544
16 256 8 128 23942
16 256 8 256 23987
16 256 8 512 23988
16 256 16 1 23951
16 256 16 2 23831
16 256 16 4 23401
16 256 16 8 23432
16 256 16 16 23438
16 256 16 32 23492
16 256 16 64 23506
16 256 16 128 23959
16 256 16 256 23738
16 256 16 512 23814
16 256 32 1 23723
16 256 32 2 23972
16 256 32 4 23615
16 256 32 8 23410
16 256 32 16 23601
16 256 32 32 23514
16 256 32 64 23553
16 256 32 128 23803
16 256 32 256 23938
16 256 32 512 23904
16 256 64 1 24130
16 256 64 2 24289
16 256 64 4 23717
16 256 64 8 23642
16 256 64 16 23666
16 256 64 32 23584
16 256 64 64 23615
16 256 64 128 23976
16 256 64 256 24120
16 256 64 512 24277
16 256 128 1 24788
16 256 128 2 24660
16 256 128 4 24039
16 256 128 8 23853
16 256 128 16 23799
16 256 128 32 23601
16 256 128 64 23989
16 256 128 128 24102
16 256 128 256 24215
16 256 128 512 24211
16 256 256 1 24578
16 256 256 2 24732
16 256 256 4 24045
16 256 256 8 23709
16 256 256 16 23858
16 256 256 32 23676
16 256 256 64 23687
16 256 256 128 24229
16 256 256 256 24299
16 256 256 512 24367
16 256 512 1 24664
16 256 512 2 25022
16 256 512 4 24297
16 256 512 8 23867
16 256 512 16 23844
16 256 512 32 23713
16 256 512 64 23829
16 256 512 128 24205
16 256 512 256 24298
16 256 512 512 24121
16 512 1 1 28053
16 512 1 2 26625
16 512 1 4 25564
16 512 1 8 24591
16 512 1 16 23943
16 512 1 32 23908
16 512 1 64 23885
16 512 1 128 24327
16 512 1 256 24462
16 512 1 512 24327
16 512 2 1 29048
16 512 2 2 26312
16 512 2 4 24718
16 512 2 8 23998
16 512 2 16 23621
16 512 2 32 23536
16 512 2 64 23687
16 512 2 128 24024
16 512 2 256 24139
16 512 2 512 23968
16 512 4 1 26931
16 512 4 2 25156
16 512 4 4 24016
16 512 4 8 23495
16 512 4 16 23242
16 512 4 32 23361
16 512 4 64 23281
16 512 4 128 23841
16 512 4 256 23740
16 512 4 512 23691
16 512 8 1 25317
16 512 8 2 24177
16 512 8 4 23556
16 512 8 8 23429
16 512 8 16 23407
16 512 8 32 23458
16 512 8 64 23205
16 512 8 128 23974
16 512 8 256 23988
16 512 8 512 23997
16 512 16 1 24020
16 512 16 2 23682
16 512 16 4 23440
16 512 16 8 23494
16 512 16 16 23523
16 512 16 32 23506
16 512 16 64 23634
16 512 16 128 24051
16 512 16 256 24036
16 512 16 512 24007
16 512 32 1 23739
16 512 32 2 23863
16 512 32 4 23630
16 512 32 8 23549
16 512 32 16 23727
16 512 32 32 23626
16 512 32 64 23608
16 512 32 128 24048
16 512 32 256 23965
16 512 32 512 24014
16 512 64 1 24111
16 512 64 2 24438
16 512 64 4 23961
16 512 64 8 23637
16 512 64 16 23579
16 512 64 32 23697
16 512 64 64 23723
16 512 64 128 23884
16 512 64 256 24152
16 512 64 512 24083
16 512 128 1 24667
16 512 128 2 24925
16 512 128 4 24044
16 512 128 8 23708
16 512 128 16 23819
16 512 128 32 23752
16 512 128 64 23758
16 512 128 128 24339
16 512 128 256 24376
16 512 128 512 24291
16 512 256 1 24544
16 512 256 2 25079
16 512 256 4 24196
16 512 256 8 23854
16 512 256 16 23659
16 512 256 32 23693
16 512 256 64 23851
16 512 256 128 24141
16 512 256 256 24238
16 512 256 512 24343
16 512 512 1 24368
16 512 512 2 24873
16 512 512 4 24140
16 512 512 8 23855
16 512 512 16 23706
16 512 512 32 23842
16 512 512 64 23973
16 512 512 128 24292
16 512 512 256 24265
16 512 512 512 24289
32 1 1 1 23878
32 1 1 2 24346
32 1 1 4 23673
32 1 1 8 23654
32 1 1 16 23774
32 1 1 32 23734
32 1 1 64 23869
32 1 1 128 24401
32 1 1 256 24551
32 1 1 512 24501
32 1 2 1 24186
32 1 2 2 24208
32 1 2 4 23259
32 1 2 8 23185
32 1 2 16 22945
32 1 2 32 23179
32 1 2 64 23510
32 1 2 128 24057
32 1 2 256 24056
32 1 2 512 24027
32 1 4 1 23818
32 1 4 2 23697
32 1 4 4 22950
32 1 4 8 22893
32 1 4 16 22839
32 1 4 32 22847
32 1 4 64 23291
32 1 4 128 23850
32 1 4 256 23803
32 1 4 512 23783
32 1 8 1 23577
32 1 8 2 23751
32 1 8 4 22972
32 1 8 8 22783
32 1 8 16 22936
32 1 8 32 23187
32 1 8 64 23399
32 1 8 128 23905
32 1 8 256 23943
32 1 8 512 23808
32 1 16 1 23535
32 1 16 2 23946
32 1 16 4 22947
32 1 16 8 23282
32 1 16 16 23084
32 1 16 32 22980
32 1 16 64 23403
32 1 16 128 23780
32 1 16 256 23920
32 1 16 512 23908
32 1 32 1 23474
32 1 32 2 23633
32 1 32 4 23165
32 1 32 8 23217
32 1 32 16 23293
32 1 32 32 23337
32 1 32 64 23553
32 1 32 128 23818
32 1 32 256 24005
32 1 32 512 24076
32 1 64 1 23519
32 1 64 2 23727
32 1 64 4 23303
32 1 64 8 23248
32 1 64 16 23419
32 1 64 32 23468
32 1 64 64 23677
32 1 64 128 23656
32 1 64 256 23837
32 1 64 512 23910
32 1 128 1 24111
32 1 128 2 24475
32 1 128 4 24037
32 1 128 8 23802
32 1 128 16 23577
32 1 128 32 23816
32 1 128 64 24056
32 1 128 128 24277
32 1 128 256 24282
32 1 128 512 24365
32 1 256 1 24073
32 1 256 2 24456
32 1 256 4 24213
32 1 256 8 23684
32 1 256 16 23704
32 1 256 32 23633
32 1 256 64 23858
32 1 256 128 24261
32 1 256 256 24290
32 1 256 512 24352
32 1 512 1 24110
32 1 512 2 24383
32 1 512 4 23828
32 1 512 8 23522
32 1 512 16 23719
32 1 512 32 23661
32 1 512 64 23509
32 1 512 128 23790
32 1 512 256 23789
32 1 512 512 24293
32 2 1 1 23964
32 2 1 2 23901
32 2 1 4 23342
32 2 1 8 23234
32 2 1 16 23176
32 2 1 32 23366
32 2 1 64 23617
32 2 1 128 24205
32 2 1 256 24347
32 2 1 512 24367
32 2 2 1 23644
32 2 2 2 23460
32 2 2 4 23170
32 2 2 8 23105
32 2 2 16 22980
32 2 2 32 23037
32 2 2 64 22994
32 2 2 128 23904
32 2 2 256 23840
32 2 2 512 23983
32 2 4 1 23235
32 2 4 2 23247
32 2 4 4 22915
32 2 4 8 22791
32 2 4 16 22731
32 2 4 32 22766
32 2 4 64 22810
32 2 4 128 23492
32 2 4 256 23494
32 2 4 512 23437
32 2 8 1 23056
32 2 8 2 23197
32 2 8 4 22891
32 2 8 8 22773
32 2 8 16 22695
32 2 8 32 22770
32 2 8 64 23299
32 2 8 128 23978
32 2 8 256 24038
32 2 8 512 23728
32 2 16 1 23007
32 2 16 2 23208
32 2 16 4 22830
32 2 16 8 22756
32 2 16 16 22871
32 2 16 32 23160
32 2 16 64 23307
32 2 16 128 23682
32 2 16 256 23716
32 2 16 512 23827
32 2 32 1 22919
32 2 32 2 23040
32 2 32 4 22862
32 2 32 8 22838
32 2 32 16 23113
32 2 32 32 23256
32 2 32 64 23441
32 2 32 128 23774
32 2 32 256 23968
32 2 32 512 23869
32 2 64 1 23108
32 2 64 2 23157
32 2 64 4 22991
32 2 64 8 22985
32 2 64 16 23168
32 2 64 32 23444
32 2 64 64 23520
32 2 64 128 24055
32 2 64 256 23954
32 2 64 512 23894
32 2 128 1 24124
32 2 128 2 24034
32 2 128 4 23728
32 2 128 8 23579
32 2 128 16 23566
32 2 128 32 23493
32 2 128 64 23628
32 2 128 128 23983
32 2 128 256 24265
32 2 128 512 24084
32 2 256 1 24122
32 2 256 2 24135
32 2 256 4 23787
32 2 256 8 23620
32 2 256 16 23509
32 2 256 32 23556
32 2 256 64 23763
32 2 256 128 23770
32 2 256 256 23890
32 2 256 512 23906
32 2 512 1 23995
32 2 512 2 24140
32 2 512 4 23693
32 2 512 8 23606
32 2 512 16 23666
32 2 512 32 23545
32 2 512 64 23621
32 2 512 128 24206
32 2 512 256 23856
32 2 512 512 24097
32 4 1 1 23669
32 4 1 2 24020
32 4 1 4 23230
32 4 1 8 23121
32 4 1 16 23187
32 4 1 32 23384
32 4 1 64 23689
32 4 1 128 24072
32 4 1 256 23965
32 4 1 512 24221
32 4 2 1 23509
32 4 2 2 23435
32 4 2 4 23044
32 4 2 8 22928
32 4 2 16 22847
32 4 2 32 22876
32 4 2 64 23044
32 4 2 128 23702
32 4 2 256 23631
32 4 2 512 23735
32 4 4 1 23120
32 4 4 2 23205
32 4 4 4 22924
32 4 4 8 22844
32 4 4 16 22767
32 4 4 32 22726
32 4 4 64 22941
32 4 4 128 23659
32 4 4 256 23674
32 4 4 512 23694
32 4 8 1 23061
32 4 8 2 23157
32 4 8 4 22891
32 4 8 8 22771
32 4 8 16 22720
32 4 8 32 22833
32 4 8 64 22924
32 4 8 128 23711
32 4 8 256 23750
32 4 8 512 23785
32 4 16 1 23045
32 4 16 2 23144
32 4 16 4 22895
32 4 16 8 22803
32 4 16 16 22791
32 4 16 32 22822
32 4 16 64 23342
32 4 16 128 23802
32 4 16 256 23773
32 4 16 512 23808
32 4 32 1 23074
32 4 32 2 23124
32 4 32 4 23004
32 4 32 8 22995
32 4 32 16 23083
32 4 32 32 23128
32 4 32 64 23498
32 4 32 128 23928
32 4 32 256 23946
32 4 32 512 23834
32 4 64 1 23110
32 4 64 2 23222
32 4 64 4 23128
32 4 64 8 23062
32 4 64 16 23382
32 4 64 32 23427
32 4 64 64 23616
32 4 64 128 23976
32 4 64 256 24227
32 4 64 512 24051
32 4 128 1 24236
32 4 128 2 24129
32 4 128 4 23850
32 4 128 8 23618
32 4 128 16 23574
32 4 128 32 23529
32 4 128 64 23728
32 4 128 128 24070
32 4 128 256 24262
32 4 128 512 23985
32 4 256 1 23945
32 4 256 2 24196
32 4 256 4 23844
32 4 256 8 23621
32 4 256 16 23633
32 4 256 32 23645
32 4 256 64 23621
32 4 256 128 24080
32 4 256 256 24356
32 4 256 512 24235
32 4 512 1 24131
32 4 512 2 24242
32 4 512 4 23855
32 4 512 8 23629
32 4 512 16 23590
32 4 512 32 23672
32 4 512 64 23848
32 4 512 128 24351
32 4 512 256 24093
32 4 512 512 24024
32 8 1 1 23948
32 8 1 2 23816
32 8 1 4 23136
32 8 1 8 23196
32 8 1 16 23323
32 8 1 32 23396
32 8 1 64 23574
32 8 1 128 23991
32 8 1 256 24258
32 8 1 512 24196
32 8 2 1 23541
32 8 2 2 23545
32 8 2 4 23132
32 8 2 8 22970
32 8 2 16 22954
32 8 2 32 22919
32 8 2 64 23116
32 8 2 128 23686
32 8 2 256 23850
32 8 2 512 23853
32 8 4 1 23141
32 8 4 2 23305
32 8 4 4 22934
32 8 4 8 22863
32 8 4 16 22801
32 8 4 32 22783
32 8 4 64 22985
32 8 4 128 23836
32 8 4 256 23714
32 8 4 512 23654
32 8 8 1 23338
32 8 8 2 23330
32 8 8 4 22967
32 8 8 8 22867
32 8 8 16 22819
32 8 8 32 23172
32 8 8 64 23269
32 8 8 128 23729
32 8 8 256 23760
32 8 8 512 23882
32 8 16 1 23389
32 8 16 2 23250
32 8 16 4 23041
32 8 16 8 23029
32 8 16 16 22999
32 8 16 32 23324
32 8 16 64 23258
32 8 16 128 23705
32 8 16 256 23914
32 8 16 512 23839
32 8 32 1 23268
32 8 32 2 23279
32 8 32 4 23044
32 8 32 8 23166
32 8 32 16 23438
32 8 32 32 23482
32 8 32 64 23566
32 8 32 128 23841
32 8 32 256 23783
32 8 32 512 23787
32 8 64 1 23235
32 8 64 2 23289
32 8 64 4 23209
32 8 64 8 23207
32 8 64 16 23372
32 8 64 32 23535
32 8 64 64 23509
32 8 64 128 24070
32 8 64 256 23899
32 8 64 512 24033
32 8 128 1 24091
32 8 128 2 24153
32 8 128 4 23721
32 8 128 8 23576
32 8 128 16 23669
32 8 128 32 23751
32 8 128 64 23668
32 8 128 128 23781
32 8 128 256 24174
32 8 128 512 24198
32 8 256 1 24095
32 8 256 2 24120
32 8 256 4 23942
32 8 256 8 23633
32 8 256 16 23773
32 8 256 32 23602
32 8 256 64 23647
32 8 256 128 24032
32 8 256 256 23993
32 8 256 512 24336
32 8 512 1 24169
32 8 512 2 24131
32 8 512 4 24011
32 8 512 8 23671
32 8 512 16 23646
32 8 512 32 23617
32 8 512 64 23738
32 8 512 128 24174
32 8 512 256 24268
32 8 512 512 24252
32 16 1 1 24262
32 16 1 2 24043
32 16 1 4 23311
32 16 1 8 23425
32 16 1 16 23266
32 16 1 32 23665
32 16 1 64 23676
32 16 1 128 24266
32 16 1 256 24066
32 16 1 512 24258
32 16 2 1 23765
32 16 2 2 23673
32 16 2 4 23351
32 16 2 8 23255
32 16 2 16 23208
32 16 2 32 23083
32 16 2 64 23347
32 16 2 128 23892
32 16 2 256 24059
32 16 2 512 23871
32 16 4 1 24038
32 16 4 2 23743
32 16 4 4 23258
32 16 4 8 23034
32 16 4 16 22896
32 16 4 32 22917
32 16 4 64 23247
32 16 4 128 23781
32 16 4 256 23788
32 16 4 512 23947
32 16 8 1 24142
32 16 8 2 23717
32 16 8 4 23203
32 16 8 8 23040
32 16 8 16 23125
32 16 8 32 23110
32 16 8 64 23358
32 16 8 128 23728
32 16 8 256 23902
32 16 8 512 23718
32 16 16 1 23565
32 16 16 2 23483
32 16 16 4 23100
32 16 16 8 23301
32 16 16 16 23258
32 16 16 32 23293
32 16 16 64 23544
32 16 16 128 23650
32 16 16 256 23734
32 16 16 512 23854
32 16 32 1 23325
32 16 32 2 23434
32 16 32 4 23317
32 16 32 8 23227
32 16 32 16 23153
32 16 32 32 23459
32 16 32 64 23488
32 16 32 128 23864
32 16 32 256 23901
32 16 32 512 23898
32 16 64 1 23309
32 16 64 2 23478
32 16 64 4 23416
32 16 64 8 23341
32 16 64 16 23376
32 16 64 32 23723
32 16 64 64 23699
32 16 64 128 23915
32 16 64 256 24189
32 16 64 512 23897
32 16 128 1 23968
32 16 128 2 24317
32 16 128 4 24131
32 16 128 8 23651
32 16 128 16 23770
32 16 128 32 23579
32 16 128 64 23809
32 16 128 128 24191
32 16 128 256 24133
32 16 128 512 24257
32 16 256 1 23982
32 16 256 2 24250
32 16 256 4 23877
32 16 256 8 23757
32 16 256 16 23615
32 16 256 32 23593
32 16 256 64 23693
32 16 256 128 23973
32 16 256 256 24200
32 16 256 512 24138
32 16 512 1 23943
32 16 512 2 24252
32 16 512 4 23951
32 16 512 8 23624
32 16 512 16 23808
32 16 512 32 23800
32 16 512 64 23686
32 16 512 128 24126
32 16 512 256 24127
32 16 512 512 24175
32 32 1 1 24699
32 32 1 2 24444
32 32 1 4 24057
32 32 1 8 23814
32 32 1 16 23700
32 32 1 32 24015
32 32 1 64 23778
32 32 1 128 24230
32 32 1 256 24297
32 32 1 512 24269
32 32 2 1 25958
32 32 2 2 24891
32 32 2 4 24088
32 32 2 8 23771
32 32 2 16 23457
32 32 2 32 23439
32 32 2 64 23365
32 32 2 128 23911
32 32 2 256 23980
32 32 2 512 23843
32 32 4 1 25744
32 32 4 2 24627
32 32 4 4 23758
32 32 4 8 23318
32 32 4 16 23000
32 32 4 32 23078
32 32 4 64 23225
32 32 4 128 23787
32 32 4 256 23808
32 32 4 512 23825
32 32 8 1 25045
32 32 8 2 23972
32 32 8 4 23430
32 32 8 8 23241
32 32 8 16 23240
32 32 8 32 23140
32 32 8 64 23408
32 32 8 128 23833
32 32 8 256 23748
32 32 8 512 23726
32 32 16 1 23678
32 32 16 2 23453
32 32 16 4 23107
32 32 16 8 23218
32 32 16 16 23259
32 32 16 32 23346
32 32 16 64 23618
32 32 16 128 23884
32 32 16 256 23931
32 32 16 512 23812
32 32 32 1 23632
32 32 32 2 23613
32 32 32 4 23584
32 32 32 8 23440
32 32 32 16 23405
32 32 32 32 23484
32 32 32 64 23553
32 32 32 128 23796
32 32 32 256 23889
32 32 32 512 23973
32 32 64 1 23755
32 32 64 2 23958
32 32 64 4 23657
32 32 64 8 23667
32 32 64 16 23537
32 32 64 32 23717
32 32 64 64 23622
32 32 64 128 23981
32 32 64 256 24021
32 32 64 512 23937
32 32 128 1 24286
32 32 128 2 24591
32 32 128 4 24312
32 32 128 8 23885
32 32 128 16 23673
32 32 128 32 23669
32 32 128 64 24004
32 32 128 128 24258
32 32 128 256 24214
32 32 128 512 24084
32 32 256 1 24243
32 32 256 2 24699
32 32 256 4 24215
32 32 256 8 23817
32 32 256 16 23770
32 32 256 32 23543
32 32 256 64 23751
32 32 256 128 24039
32 32 256 256 23932
32 32 256 512 24070
32 32 512 1 24336
32 32 512 2 24638
32 32 512 4 24252
32 32 512 8 23670
32 32 512 16 23777
32 32 512 32 23549
32 32 512 64 23856
32 32 512 128 24280
32 32 512 256 24028
32 32 512 512 24148
32 64 1 1 32088
32 64 1 2 27949
32 64 1 4 25676
32 64 1 8 24523
32 64 1 16 23889
32 64 1 32 23990
32 64 1 64 24048
32 64 1 128 24403
32 64 1 256 24372
32 64 1 512 24238
32 64 2 1 28657
32 64 2 2 26082
32 64 2 4 24607
32 64 2 8 23833
32 64 2 16 23445
32 64 2 32 23404
32 64 2 64 23373
32 64 2 128 23811
32 64 2 256 23934
32 64 2 512 23848
32 64 4 1 26372
32 64 4 2 24893
32 64 4 4 23866
32 64 4 8 23499
32 64 4 16 23299
32 64 4 32 23272
32 64 4 64 23385
32 64 4 128 23738
32 64 4 256 23897
32 64 4 512 24022
32 64 8 1 25089
32 64 8 2 24138
32 64 8 4 23487
32 64 8 8 23368
32 64 8 16 23254
32 64 8 32 23416
32 64 8 64 23349
32 64 8 128 23816
32 64 8 256 23939
32 64 8 512 23793
32 64 16 1 24016
32 64 16 2 23880
32 64 16 4 23369
32 64 16 8 23558
32 64 16 16 23491
32 64 16 32 23529
32 64 16 64 23315
32 64 16 128 24015
32 64 16 256 24045
32 64 16 512 23869
32 64 32 1 24019
32 64 32 2 24198
32 64 32 4 23553
32 64 32 8 23508
32 64 32 16 23797
32 64 32 32 23715
32 64 32 64 23536
32 64 32 128 23712
32 64 32 256 23945
32 64 32 512 23899
32 64 64 1 24141
32 64 64 2 24376
32 64 64 4 23670
32 64 64 8 23785
32 64 64 16 23715
32 64 64 32 23441
32 64 64 64 23689
32 64 64 128 23994
32 64 64 256 23842
32 64 64 512 23779
32 64 128 1 24230
32 64 128 2 24909
32 64 128 4 24198
32 64 128 8 23766
32 64 128 16 23743
32 64 128 32 23795
32 64 128 64 23647
32 64 128 128 24143
32 64 128 256 24393
32 64 128 512 24320
32 64 256 1 24487
32 64 256 2 24927
32 64 256 4 24116
32 64 256 8 23750
32 64 256 16 23717
32 64 256 32 23721
32 64 256 64 24139
32 64 256 128 24149
32 64 256 256 24366
32 64 256 512 24451
32 64 512 1 24428
32 64 512 2 24817
32 64 512 4 24066
32 64 512 8 23940
32 64 512 16 23826
32 64 512 32 23719
32 64 512 64 23793
32 64 512 128 24135
32 64 512 256 24118
32 64 512 512 24215
32 128 1 1 35329
32 128 1 2 29600
32 128 1 4 26661
32 128 1 8 24929
32 128 1 16 24074
32 128 1 32 24075
32 128 1 64 24181
32 128 1 128 24305
32 128 1 256 24094
32 128 1 512 24255
32 128 2 1 30165
32 128 2 2 26714
32 128 2 4 24837
32 128 2 8 24111
32 128 2 16 23735
32 128 2 32 23611
32 128 2 64 23629
32 128 2 128 23975
32 128 2 256 23994
32 128 2 512 24040
32 128 4 1 26991
32 128 4 2 25230
32 128 4 4 24072
32 128 4 8 23650
32 128 4 16 23368
32 128 4 32 23592
32 128 4 64 23454
32 128 4 128 23984
32 128 4 256 23909
32 128 4 512 24040
32 128 8 1 25478
32 128 8 2 24249
32 128 8 4 23569
32 128 8 8 23385
32 128 8 16 23406
32 128 8 32 23573
32 128 8 64 23457
32 128 8 128 23936
32 128 8 256 23918
32 128 8 512 23950
32 128 16 1 24398
32 128 16 2 24321
32 128 16 4 23626
32 128 16 8 23585
32 128 16 16 23630
32 128 16 32 23536
32 128 16 64 23507
32 128 16 128 24019
32 128 16 256 24008
32 128 16 512 24064
32 128 32 1 24561
32 128 32 2 24668
32 128 32 4 23908
32 128 32 8 23626
32 128 32 16 23772
32 128 32 32 23852
32 128 32 64 23484
32 128 32 128 24014
32 128 32 256 24116
32 128 32 512 23875
32 128 64 1 24212
32 128 64 2 24395
32 128 64 4 23837
32 128 64 8 23721
32 128 64 16 23705
32 128 64 32 23851
32 128 64 64 23748
32 128 64 128 24157
32 128 64 256 23922
32 128 64 512 23898
32 128 128 1 24719
32 128 128 2 25146
32 128 128 4 24298
32 128 128 8 23879
32 128 128 16 23855
32 128 128 32 23713
32 128 128 64 23694
32 128 128 128 24299
32 128 128 256 24331
32 128 128 512 24080
32 128 256 1 24851
32 128 256 2 24977
32 128 256 4 23966
32 128 256 8 23869
32 128 256 16 23660
32 128 256 32 23573
32 128 256 64 24072
32 128 256 128 24329
32 128 256 256 24262
32 128 256 512 24154
32 128 512 1 24791
32 128 512 2 25046
32 128 512 4 24105
32 128 512 8 23792
32 128 512 16 23716
32 128 512 32 23514
32 128 512 64 23912
32 128 512 128 24204
32 128 512 256 24271
32 128 512 512 24281
32 256 1 1 35309
32 256 1 2 29383
32 256 1 4 26556
32 256 1 8 24883
32 256 1 16 24081
32 256 1 32 24031
32 256 1 64 24168
32 256 1 128 24331
32 256 1 256 24230
32 256 1 512 24279
32 256 2 1 30160
32 256 2 2 26728
32 256 2 4 24921
32 256 2 8 24110
32 256 2 16 23850
32 256 2 32 23676
32 256 2 64 23604
32 256 2 128 23752
32 256 2 256 23875
32 256 2 512 24002
32 256 4 1 26988
32 256 4 2 25167
32 256 4 4 24004
32 256 4 8 23530
32 256 4 16 23290
32 256 4 32 23246
32 256 4 64 23333
32 256 4 128 23916
32 256 4 256 24047
32 256 4 512 24115
32 256 8 1 25570
32 256 8 2 24387
32 256 8 4 23625
32 256 8 8 23627
32 256 8 16 23468
32 256 8 32 23602
32 256 8 64 23613
32 256 8 128 24053
32 256 8 256 23973
32 256 8 512 23942
32 256 16 1 24667
32 256 16 2 24197
32 256 16 4 23854
32 256 16 8 23691
32 256 16 16 23597
32 256 16 32 23444
32 256 16 64 23559
32 256 16 128 24160
32 256 16 256 23887
32 256 16 512 24077
32 256 32 1 24470
32 256 32 2 24513
32 256 32 4 24007
32 256 32 8 23637
32 256 32 16 23713
32 256 32 32 23545
32 256 32 64 23583
32 256 32 128 23823
32 256 32 256 23985
32 256 32 512 24014
32 256 64 1 24457
32 256 64 2 24498
32 256 64 4 23725
32 256 64 8 23500
32 256 64 16 23559
32 256 64 32 23703
32 256 64 64 23597
32 256 64 128 23912
32 256 64 256 24102
32 256 64 512 24173
32 256 128 1 24736
32 256 128 2 25001
32 256 128 4 24164
32 256 128 8 23599
32 256 128 16 23843
32 256 128 32 23720
32 256 128 64 23816
32 256 128 128 24372
32 256 128 256 24342
32 256 128 512 24088
32 256 256 1 24921
32 256 256 2 25060
32 256 256 4 24273
32 256 256 8 23821
32 256 256 16 23784
32 256 256 32 23820
32 256 256 64 24004
32 256 256 128 24344
32 256 256 256 24175
32 256 256 512 24288
32 256 512 1 24858
32 256 512 2 24823
32 256 512 4 24296
32 256 512 8 23695
32 256 512 16 23869
32 256 512 32 23823
32 256 512 64 23954
32 256 512 128 24198
32 256 512 256 24120
32 256 512 512 23882
32 512 1 1 35371
32 512 1 2 29551
32 512 1 4 26315
32 512 1 8 24681
32 512 1 16 24017
32 512 1 32 23964
32 512 1 64 24080
32 512 1 128 24529
32 512 1 256 24435
32 512 1 512 24225
32 512 2 1 30123
32 512 2 2 26797
32 512 2 4 25030
32 512 2 8 24141
32 512 2 16 23780
32 512 2 32 23526
32 512 2 64 23504
32 512 2 128 23848
32 512 2 256 24015
32 512 2 512 23812
32 512 4 1 26958
32 512 4 2 25213
32 512 4 4 24118
32 512 4 8 23542
32 512 4 16 23210
32 512 4 32 23222
32 512 4 64 23125
32 512 4 128 23860
32 512 4 256 23933
32 512 4 512 24012
32 512 8 1 25609
32 512 8 2 24310
32 512 8 4 23470
32 512 8 8 23160
32 512 8 16 23201
32 512 8 32 23229
32 512 8 64 23575
32 512 8 128 23879
32 512 8 256 23944
32 512 8 512 23964
32 512 16 1 24471
32 512 16 2 24261
32 512 16 4 23463
32 512 16 8 23428
32 512 16 16 23561
32 512 16 32 23537
32 512 16 64 23594
32 512 16 128 24051
32 512 16 256 24125
32 512 16 512 23932
32 512 32 1 24774
32 512 32 2 24502
32 512 32 4 23701
32 512 32 8 23503
32 512 32 16 23632
32 512 32 32 23611
32 512 32 64 23743
32 512 32 128 24010
32 512 32 256 24002
32 512 32 512 23898
32 512 64 1 24231
32 512 64 2 24430
32 512 64 4 24002
32 512 64 8 23745
32 512 64 16 23770
32 512 64 32 23538
32 512 64 64 23756
32 512 64 128 23822
32 512 64 256 23894
32 512 64 512 23891
32 512 128 1 24774
32 512 128 2 24893
32 512 128 4 24190
32 512 128 8 23865
32 512 128 16 23793
32 512 128 32 23594
32 512 128 64 23858
32 512 128 128 24385
32 512 128 256 24152
32 512 128 512 23955
32 512 256 1 24403
32 512 256 2 24972
32 512 256 4 24050
32 512 256 8 23791
32 512 256 16 23776
32 512 256 32 23664
32 512 256 64 23619
32 512 256 128 24259
32 512 256 256 24275
32 512 256 512 24308
32 512 512 1 24701
32 512 512 2 25049
32 512 512 4 23863
32 512 512 8 23783
32 512 512 16 23662
32 512 512 32 23674
32 512 512 64 23829
32 512 512 128 24288
32 512 512 256 24166
32 512 512 512 24216
64 1 1 1 24239
64 1 1 2 24384
64 1 1 4 23706
64 1 1 8 23559
64 1 1 16 23659
64 1 1 32 23815
64 1 1 64 23828
64 1 1 128 24275
64 1 1 256 24241
64 1 1 512 23973
64 1 2 1 23925
64 1 2 2 24027
64 1 2 4 23269
64 1 2 8 23005
64 1 2 16 23064
64 1 2 32 23350
64 1 2 64 23467
64 1 2 128 23798
64 1 2 256 23943
64 1 2 512 23965
64 1 4 1 23601
64 1 4 2 23775
64 1 4 4 22929
64 1 4 8 22838
64 1 4 16 22770
64 1 4 32 23064
64 1 4 64 23445
64 1 4 128 23846
64 1 4 256 23836
64 1 4 512 23953
64 1 8 1 23514
64 1 8 2 23852
64 1 8 4 22987
64 1 8 8 22963
64 1 8 16 22779
64 1 8 32 23099
64 1 8 64 23461
64 1 8 128 23815
64 1 8 256 23998
64 1 8 512 23982
64 1 16 1 23542
64 1 16 2 23585
64 1 16 4 23024
64 1 16 8 23208
64 1 16 16 23040
64 1 16 32 23247
64 1 16 64 23288
64 1 16 128 23748
64 1 16 256 23921
64 1 16 512 23885
64 1 32 1 23576
64 1 32 2 23761
64 1 32 4 23093
64 1 32 8 23337
64 1 32 16 23440
64 1 32 32 23510
64 1 32 64 23375
64 1 32 128 23885
64 1 32 256 23945
64 1 32 512 23972
64 1 64 1 23576
64 1 64 2 23699
64 1 64 4 23419
64 1 64 8 23232
64 1 64 16 23399
64 1 64 32 23363
64 1 64 64 23580
64 1 64 128 23783
64 1 64 256 23989
64 1 64 512 24095
64 1 128 1 24336
64 1 128 2 24463
64 1 128 4 23984
64 1 128 8 23768
64 1 128 16 23798
64 1 128 32 23645
64 1 128 64 23791
64 1 128 128 24338
64 1 128 256 23978
64 1 128 512 24289
64 1 256 1 24365
64 1 256 2 24449
64 1 256 4 23911
64 1 256 8 23823
64 1 256 16 23760
64 1 256 32 23697
64 1 256 64 23934
64 1 256 128 24276
64 1 256 256 24371
64 1 256 512 24258
64 1 512 1 23763
64 1 512 2 24152
64 1 512 4 24251
64 1 512 8 23791
64 1 512 16 23751
64 1 512 32 23697
64 1 512 64 24048
64 1 512 128 24348
64 1 512 256 24348
64 1 512 512 24294
64 2 1 1 23970
64 2 1 2 24111
64 2 1 4 23396
64 2 1 8 23144
64 2 1 16 23139
64 2 1 32 23371
64 2 1 64 23588
64 2 1 128 24323
64 2 1 256 24165
64 2 1 512 24264
64 2 2 1 23668
64 2 2 2 23565
64 2 2 4 23163
64 2 2 8 23107
64 2 2 16 23057
64 2 2 32 22951
64 2 2 64 22977
64 2 2 128 23945
64 2 2 256 24170
64 2 2 512 23736
64 2 4 1 23196
64 2 4 2 23220
64 2 4 4 22960
64 2 4 8 22875
64 2 4 16 22795
64 2 4 32 22762
64 2 4 64 22917
64 2 4 128 23342
64 2 4 256 23208
64 2 4 512 23588
64 2 8 1 23045
64 2 8 2 23249
64 2 8 4 22935
64 2 8 8 22806
64 2 8 16 22777
64 2 8 32 23178
64 2 8 64 23367
64 2 8 128 23934
64 2 8 256 23763
64 2 8 512 23688
64 2 16 1 23006
64 2 16 2 23141
64 2 16 4 22904
64 2 16 8 22823
64 2 16 16 22829
64 2 16 32 22964
64 2 16 64 23215
64 2 16 128 23739
64 2 16 256 23876
64 2 16 512 23973
64 2 32 1 23205
64 2 32 2 23263
64 2 32 4 22908
64 2 32 8 22843
64 2 32 16 22931
64 2 32 32 23151
64 2 32 64 23482
64 2 32 128 23974
64 2 32 256 23904
64 2 32 512 23867
64 2 64 1 23222
64 2 64 2 23248
64 2 64 4 22989
64 2 64 8 23026
64 2 64 16 23126
64 2 64 32 23370
64 2 64 64 23546
64 2 64 128 23924
64 2 64 256 23975
64 2 64 512 23748
64 2 128 1 24170
64 2 128 2 24217
64 2 128 4 23904
64 2 128 8 23676
64 2 128 16 23632
64 2 128 32 23597
64 2 128 64 23606
64 2 128 128 24208
64 2 128 256 24231
64 2 128 512 24232
64 2 256 1 23972
64 2 256 2 23993
64 2 256 4 23766
64 2 256 8 23585
64 2 256 16 23607
64 2 256 32 23783
64 2 256 64 23818
64 2 256 128 24076
64 2 256 256 24148
64 2 256 512 24287
64 2 512 1 24127
64 2 512 2 24144
64 2 512 4 23920
64 2 512 8 23644
64 2 512 16 23551
64 2 512 32 23716
64 2 512 64 23725
64 2 512 128 23888
64 2 512 256 24311
64 2 512 512 24312
64 4 1 1 24003
64 4 1 2 23978
64 4 1 4 23240
64 4 1 8 23016
64 4 1 16 23173
64 4 1 32 23376
64 4 1 64 23620
64 4 1 128 24045
64 4 1 256 23889
64 4 1 512 24183
64 4 2 1 23496
64 4 2 2 23568
64 4 2 4 23150
64 4 2 8 23005
64 4 2 16 22964
64 4 2 32 22966
64 4 2 64 23082
64 4 2 128 24008
64 4 2 256 23839
64 4 2 512 23814
64 4 4 1 23151
64 4 4 2 23344
64 4 4 4 22969
64 4 4 8 22874
64 4 4 16 22771
64 4 4 32 22763
64 4 4 64 22936
64 4 4 128 23698
64 4 4 256 23666
64 4 4 512 23852
64 4 8 1 23056
64 4 8 2 23265
64 4 8 4 22948
64 4 8 8 22839
64 4 8 16 22799
64 4 8 32 22957
64 4 8 64 23037
64 4 8 128 23863
64 4 8 256 23886
64 4 8 512 23921
64 4 16 1 23481
64 4 16 2 23408
64 4 16 4 23047
64 4 16 8 22820
64 4 16 16 22780
64 4 16 32 23033
64 4 16 64 23270
64 4 16 128 23864
64 4 16 256 23799
64 4 16 512 23605
64 4 32 1 23270
64 4 32 2 23258
64 4 32 4 23115
64 4 32 8 22867
64 4 32 16 23061
64 4 32 32 23341
64 4 32 64 23594
64 4 32 128 23888
64 4 32 256 23962
64 4 32 512 23951
64 4 64 1 23178
64 4 64 2 23260
64 4 64 4 23173
64 4 64 8 23141
64 4 64 16 23210
64 4 64 32 23543
64 4 64 64 23342
64 4 64 128 23710
64 4 64 256 23876
64 4 64 512 23832
64 4 128 1 24014
64 4 128 2 24128
64 4 128 4 23820
64 4 128 8 23685
64 4 128 16 23569
64 4 128 32 23776
64 4 128 64 23556
64 4 128 128 24134
64 4 128 256 24091
64 4 128 512 24184
64 4 256 1 24062
64 4 256 2 24137
64 4 256 4 23818
64 4 256 8 23438
64 4 256 16 23644
64 4 256 32 23685
64 4 256 64 23827
64 4 256 128 24170
64 4 256 256 24177
64 4 256 512 24237
64 4 512 1 23957
64 4 512 2 24193
64 4 512 4 23841
64 4 512 8 23632
64 4 512 16 23687
64 4 512 32 23701
64 4 512 64 23878
64 4 512 128 24160
64 4 512 256 24005
64 4 512 512 23993
64 8 1 1 24082
64 8 1 2 24086
64 8 1 4 23291
64 8 1 8 23384
64 8 1 16 23260
64 8 1 32 23385
64 8 1 64 23484
64 8 1 128 24260
64 8 1 256 24217
64 8 1 512 24028
64 8 2 1 23592
64 8 2 2 23533
64 8 2 4 23167
64 8 2 8 23083
64 8 2 16 22958
64 8 2 32 22969
64 8 2 64 23163
64 8 2 128 23684
64 8 2 256 23651
64 8 2 512 23865
64 8 4 1 23451
64 8 4 2 23511
64 8 4 4 23201
64 8 4 8 22980
64 8 4 16 22808
64 8 4 32 22978
64 8 4 64 23138
64 8 4 128 23527
64 8 4 256 23772
64 8 4 512 23609
64 8 8 1 24116
64 8 8 2 23716
64 8 8 4 23186
64 8 8 8 23007
64 8 8 16 22903
64 8 8 32 23075
64 8 8 64 23293
64 8 8 128 23826
64 8 8 256 23791
64 8 8 512 23676
64 8 16 1 23481
64 8 16 2 23331
64 8 16 4 23117
64 8 16 8 23186
64 8 16 16 23116
64 8 16 32 23221
64 8 16 64 23556
64 8 16 128 23734
64 8 16 256 23806
64 8 16 512 23917
64 8 32 1 23399
64 8 32 2 23363
64 8 32 4 23220
64 8 32 8 23314
64 8 32 16 23363
64 8 32 32 23410
64 8 32 64 23517
64 8 32 128 23581
64 8 32 256 24038
64 8 32 512 23771
64 8 64 1 23341
64 8 64 2 23336
64 8 64 4 23179
64 8 64 8 23350
64 8 64 16 23525
64 8 64 32 23551
64 8 64 64 23749
64 8 64 128 24143
64 8 64 256 23987
64 8 64 512 23980
64 8 128 1 23994
64 8 128 2 24316
64 8 128 4 24008
64 8 128 8 23581
64 8 128 16 23583
64 8 128 32 23608
64 8 128 64 23795
64 8 128 128 24057
64 8 128 256 24222
64 8 128 512 24151
64 8 256 1 23997
64 8 256 2 24262
64 8 256 4 24056
64 8 256 8 23627
64 8 256 16 23711
64 8 256 32 23664
64 8 256 64 23711
64 8 256 128 24122
64 8 256 256 24256
64 8 256 512 23944
64 8 512 1 24087
64 8 512 2 24170
64 8 512 4 23911
64 8 512 8 23616
64 8 512 16 23698
64 8 512 32 23504
64 8 512 64 23700
64 8 512 128 24196
64 8 512 256 24219
64 8 512 512 24281
64 16 1 1 25879
64 16 1 2 24976
64 16 1 4 24237
64 16 1 8 23862
64 16 1 16 23654
64 16 1 32 23812
64 16 1 64 23988
64 16 1 128 24322
64 16 1 256 24270
64 16 1 512 24427
64 16 2 1 26632
64 16 2 2 25159
64 16 2 4 24172
64 16 2 8 23706
64 16 2 16 23374
64 16 2 32 23360
64 16 2 64 23408
64 16 2 128 23981
64 16 2 256 24028
64 16 2 512 23950
64 16 4 1 25760
64 16 4 2 24607
64 16 4 4 23705
64 16 4 8 23313
64 16 4 16 23126
64 16 4 32 23183
64 16 4 64 23245
64 16 4 128 23829
64 16 4 256 23787
64 16 4 512 23687
64 16 8 1 25066
64 16 8 2 23969
64 16 8 4 23316
64 16 8 8 23120
64 16 8 16 23086
64 16 8 32 23146
64 16 8 64 23358
64 16 8 128 23779
64 16 8 256 23610
64 16 8 512 23955
64 16 16 1 23702
64 16 16 2 23468
64 16 16 4 23164
64 16 16 8 23193
64 16 16 16 23438
64 16 16 32 23436
64 16 16 64 23513
64 16 16 128 24125
64 16 16 256 23932
64 16 16 512 23809
64 16 32 1 23518
64 16 32 2 23599
64 16 32 4 23326
64 16 32 8 23371
64 16 32 16 23243
64 16 32 32 23537
64 16 32 64 23755
64 16 32 128 24042
64 16 32 256 23941
64 16 32 512 23715
64 16 64 1 23602
64 16 64 2 23861
64 16 64 4 23568
64 16 64 8 23437
64 16 64 16 23583
64 16 64 32 23599
64 16 64 64 23621
64 16 64 128 23886
64 16 64 256 23935
64 16 64 512 23873
64 16 128 1 24289
64 16 128 2 24683
64 16 128 4 23870
64 16 128 8 23841
64 16 128 16 23778
64 16 128 32 23795
64 16 128 64 23822
64 16 128 128 23772
64 16 128 256 24163
64 16 128 512 24331
64 16 256 1 24184
64 16 256 2 24689
64 16 256 4 24341
64 16 256 8 23606
64 16 256 16 23711
64 16 256 32 23704
64 16 256 64 23697
64 16 256 128 24093
64 16 256 256 24324
64 16 256 512 24178
64 16 512 1 24372
64 16 512 2 24654
64 16 512 4 24118
64 16 512 8 23625
64 16 512 16 23849
64 16 512 32 23736
64 16 512 64 23849
64 16 512 128 24238
64 16 512 256 24208
64 16 512 512 24303
64 32 1 1 33298
64 32 1 2 28563
64 32 1 4 26051
64 32 1 8 24752
64 32 1 16 23980
64 32 1 32 23893
64 32 1 64 24017
64 32 1 128 24489
64 32 1 256 24533
64 32 1 512 24493
64 32 2 1 29674
64 32 2 2 26588
64 32 2 4 24877
64 32 2 8 24003
64 32 2 16 23682
64 32 2 32 23498
64 32 2 64 23366
64 32 2 128 23820
64 32 2 256 23991
64 32 2 512 24108
64 32 4 1 26898
64 32 4 2 25126
64 32 4 4 24016
64 32 4 8 23476
64 32 4 16 23170
64 32 4 32 23207
64 32 4 64 23272
64 32 4 128 23921
64 32 4 256 23956
64 32 4 512 23691
64 32 8 1 25287
64 32 8 2 24096
64 32 8 4 23471
64 32 8 8 23384
64 32 8 16 23404
64 32 8 32 23317
64 32 8 64 23324
64 32 8 128 24111
64 32 8 256 24016
64 32 8 512 24042
64 32 16 1 23981
64 32 16 2 23720
64 32 16 4 23426
64 32 16 8 23499
64 32 16 16 23403
64 32 16 32 23555
64 32 16 64 23492
64 32 16 128 24070
64 32 16 256 23911
64 32 16 512 24054
64 32 32 1 24003
64 32 32 2 24022
64 32 32 4 23635
64 32 32 8 23473
64 32 32 16 23722
64 32 32 32 23685
64 32 32 64 23662
64 32 32 128 23936
64 32 32 256 23869
64 32 32 512 24072
64 32 64 1 24039
64 32 64 2 24192
64 32 64 4 23460
64 32 64 8 23649
64 32 64 16 23532
64 32 64 32 23535
64 32 64 64 23723
64 32 64 128 24007
64 32 64 256 24166
64 32 64 512 23805
64 32 128 1 24601
64 32 128 2 24994
64 32 128 4 24242
64 32 128 8 23857
64 32 128 16 23921
64 32 128 32 23689
64 32 128 64 23734
64 32 128 128 24122
64 32 128 256 24065
64 32 128 512 23818
64 32 256 1 24612
64 32 256 2 25011
64 32 256 4 24328
64 32 256 8 23898
64 32 256 16 23906
64 32 256 32 23745
64 32 256 64 23763
64 32 256 128 24220
64 32 256 256 24002
64 32 256 512 24206
64 32 512 1 24484
64 32 512 2 25017
64 32 512 4 24156
64 32 512 8 23883
64 32 512 16 23666
64 32 512 32 23707
64 32 512 64 23784
64 32 512 128 23968
64 32 512 256 24094
64 32 512 512 24243
64 64 1 1 33977
64 64 1 2 28755
64 64 1 4 26205
64 64 1 8 24677
64 64 1 16 24041
64 64 1 32 23906
64 64 1 64 23909
64 64 1 128 24383
64 64 1 256 24341
64 64 1 512 24449
64 64 2 1 29705
64 64 2 2 26539
64 64 2 4 24814
64 64 2 8 23969
64 64 2 16 23774
64 64 2 32 23585
64 64 2 64 23610
64 64 2 128 23973
64 64 2 256 24117
64 64 2 512 24046
64 64 4 1 26943
64 64 4 2 25180
64 64 4 4 24087
64 64 4 8 23679
64 64 4 16 23350
64 64 4 32 23429
64 64 4 64 23523
64 64 4 128 23885
64 64 4 256 23734
64 64 4 512 23721
64 64 8 1 25680
64 64 8 2 24548
64 64 8 4 23681
64 64 8 8 23436
64 64 8 16 23335
64 64 8 32 23159
64 64 8 64 23342
64 64 8 128 23947
64 64 8 256 23999
64 64 8 512 23936
64 64 16 1 24889
64 64 16 2 24471
64 64 16 4 23711
64 64 16 8 23752
64 64 16 16 23481
64 64 16 32 23773
64 64 16 64 23546
64 64 16 128 24061
64 64 16 256 23984
64 64 16 512 24164
64 64 32 1 24777
64 64 32 2 24501
64 64 32 4 23783
64 64 32 8 23611
64 64 32 16 23700
64 64 32 32 23429
64 64 32 64 23634
64 64 32 128 24100
64 64 32 256 23988
64 64 32 512 23910
64 64 64 1 24185
64 64 64 2 24456
64 64 64 4 23886
64 64 64 8 23522
64 64 64 16 23629
64 64 64 32 23664
64 64 64 64 23623
64 64 64 128 23863
64 64 64 256 23714
64 64 64 512 24094
64 64 128 1 24803
64 64 128 2 25001
64 64 128 4 24295
64 64 128 8 23848
64 64 128 16 23728
64 64 128 32 23741
64 64 128 64 23703
64 64 128 128 24225
64 64 128 256 24320
64 64 128 512 24198
64 64 256 1 24912
64 64 256 2 24908
64 64 256 4 24083
64 64 256 8 23684
64 64 256 16 23846
64 64 256 32 23670
64 64 256 64 23763
64 64 256 128 24250
64 64 256 256 24017
64 64 256 512 24228
64 64 512 1 25472
64 64 512 2 25222
64 64 512 4 24291
64 64 512 8 23785
64 64 512 16 23677
64 64 512 32 23566
64 64 512 64 23589
64 64 512 128 23911
64 64 512 256 23841
64 64 512 512 23796
64 128 1 1 35469
64 128 1 2 29513
64 128 1 4 26550
64 128 1 8 24813
64 128 1 16 24108
64 128 1 32 23989
64 128 1 64 24153
64 128 1 128 24033
64 128 1 256 24317
64 128 1 512 24047
64 128 2 1 30259
64 128 2 2 26823
64 128 2 4 24883
64 128 2 8 24054
64 128 2 16 23859
64 128 2 32 23611
64 128 2 64 23707
64 128 2 128 24108
64 128 2 256 24065
64 128 2 512 24127
64 128 4 1 27314
64 128 4 2 25501
64 128 4 4 24420
64 128 4 8 23902
64 128 4 16 23359
64 128 4 32 23517
64 128 4 64 23672
64 128 4 128 24060
64 128 4 256 24040
64 128 4 512 24104
64 128 8 1 26292
64 128 8 2 25051
64 128 8 4 24023
64 128 8 8 23716
64 128 8 16 23662
64 128 8 32 23331
64 128 8 64 23644
64 128 8 128 24006
64 128 8 256 23907
64 128 8 512 24155
64 128 16 1 25549
64 128 16 2 25037
64 128 16 4 23730
64 128 16 8 23637
64 128 16 16 23812
64 128 16 32 23710
64 128 16 64 23612
64 128 16 128 24056
64 128 16 256 24036
64 128 16 512 23942
64 128 32 1 25104
64 128 32 2 24844
64 128 32 4 23954
64 128 32 8 23933
64 128 32 16 23920
64 128 32 32 23442
64 128 32 64 23550
64 128 32 128 23942
64 128 32 256 24070
64 128 32 512 23959
64 128 64 1 24893
64 128 64 2 24822
64 128 64 4 23710
64 128 64 8 23454
64 128 64 16 23605
64 128 64 32 23641
64 128 64 64 23636
64 128 64 128 24022
64 128 64 256 23945
64 128 64 512 23811
64 128 128 1 24853
64 128 128 2 25053
64 128 128 4 23983
64 128 128 8 23720
64 128 128 16 23743
64 128 128 32 23608
64 128 128 64 24008
64 128 128 128 24324
64 128 128 256 24181
64 128 128 512 24312
64 128 256 1 24858
64 128 256 2 25024
64 128 256 4 24198
64 128 256 8 23868
64 128 256 16 23921
64 128 256 32 23818
64 128 256 64 23854
64 128 256 128 24284
64 128 256 256 24291
64 128 256 512 24278
64 128 512 1 24762
64 128 512 2 24851
64 128 512 4 24336
64 128 512 8 23859
64 128 512 16 23728
64 128 512 32 23816
64 128 512 64 23867
64 128 512 128 24303
64 128 512 256 24258
64 128 512 512 24346
64 256 1 1 35530
64 256 1 2 29636
64 256 1 4 26546
64 256 1 8 24870
64 256 1 16 24131
64 256 1 32 24062
64 256 1 64 24012
64 256 1 128 24301
64 256 1 256 24353
64 256 1 512 24415
64 256 2 1 30349
64 256 2 2 26774
64 256 2 4 25025
64 256 2 8 24297
64 256 2 16 23730
64 256 2 32 23635
64 256 2 64 23802
64 256 2 128 24236
64 256 2 256 23968
64 256 2 512 24009
64 256 4 1 27200
64 256 4 2 25514
64 256 4 4 24297
64 256 4 8 23958
64 256 4 16 23498
64 256 4 32 23485
64 256 4 64 23580
64 256 4 128 23863
64 256 4 256 24107
64 256 4 512 23973
64 256 8 1 26179
64 256 8 2 25128
64 256 8 4 23964
64 256 8 8 23785
64 256 8 16 23598
64 256 8 32 23563
64 256 8 64 23510
64 256 8 128 23793
64 256 8 256 23839
64 256 8 512 24029
64 256 16 1 25583
64 256 16 2 25019
64 256 16 4 24087
64 256 16 8 23842
64 256 16 16 23826
64 256 16 32 23437
64 256 16 64 23748
64 256 16 128 23728
64 256 16 256 23741
64 256 16 512 23804
64 256 32 1 25006
64 256 32 2 24871
64 256 32 4 23745
64 256 32 8 23822
64 256 32 16 23661
64 256 32 32 23528
64 256 32 64 23538
64 256 32 128 23806
64 256 32 256 23715
64 256 32 512 23956
64 256 64 1 24658
64 256 64 2 24805
64 256 64 4 23589
64 256 64 8 23654
64 256 64 16 23634
64 256 64 32 23566
64 256 64 64 23661
64 256 64 128 24009
64 256 64 256 23971
64 256 64 512 24061
64 256 128 1 24985
64 256 128 2 25067
64 256 128 4 24261
64 256 128 8 23947
64 256 128 16 23747
64 256 128 32 23795
64 256 128 64 23788
64 256 128 128 24073
64 256 128 256 23989
64 256 128 512 24116
64 256 256 1 24812
64 256 256 2 25103
64 256 256 4 24124
64 256 256 8 23808
64 256 256 16 23878
64 256 256 32 23786
64 256 256 64 24189
64 256 256 128 24138
64 256 256 256 24313
64 256 256 512 24207
64 256 512 1 24795
64 256 512 2 24848
64 256 512 4 24117
64 256 512 8 23960
64 256 512 16 23788
64 256 512 32 23783
64 256 512 64 23811
64 256 512 128 24295
64 256 512 256 24255
64 256 512 512 24194
64 512 1 1 35514
64 512 1 2 29507
64 512 1 4 26549
64 512 1 8 25000
64 512 1 16 24112
64 512 1 32 24116
64 512 1 64 24146
64 512 1 128 24371
64 512 1 256 23969
64 512 1 512 24245
64 512 2 1 30274
64 512 2 2 26844
64 512 2 4 25106
64 512 2 8 24163
64 512 2 16 23926
64 512 2 32 23791
64 512 2 64 23839
64 512 2 128 24015
64 512 2 256 24265
64 512 2 512 24142
64 512 4 1 27316
64 512 4 2 25534
64 512 4 4 24371
64 512 4 8 23761
64 512 4 16 23592
64 512 4 32 23570
64 512 4 64 23400
64 512 4 128 23960
64 512 4 256 24054
64 512 4 512 24059
64 512 8 1 26293
64 512 8 2 25063
64 512 8 4 24200
64 512 8 8 23714
64 512 8 16 23707
64 512 8 32 23492
64 512 8 64 23537
64 512 8 128 24092
64 512 8 256 24067
64 512 8 512 23844
64 512 16 1 25591
64 512 16 2 25096
64 512 16 4 23892
64 512 16 8 23792
64 512 16 16 23612
64 512 16 32 23560
64 512 16 64 23727
64 512 16 128 23998
64 512 16 256 24174
64 512 16 512 23997
64 512 32 1 25107
64 512 32 2 24719
64 512 32 4 23838
64 512 32 8 23574
64 512 32 16 23618
64 512 32 32 23546
64 512 32 64 23612
64 512 32 128 24070
64 512 32 256 23973
64 512 32 512 23997
64 512 64 1 24871
64 512 64 2 24637
64 512 64 4 23820
64 512 64 8 23658
64 512 64 16 23439
64 512 64 32 23521
64 512 64 64 23752
64 512 64 128 23839
64 512 64 256 24120
64 512 64 512 23757
64 512 128 1 24614
64 512 128 2 25009
64 512 128 4 23818
64 512 128 8 23761
64 512 128 16 23915
64 512 128 32 23655
64 512 128 64 23644
64 512 128 128 24282
64 512 128 256 24088
64 512 128 512 24211
64 512 256 1 24680
64 512 256 2 24982
64 512 256 4 24196
64 512 256 8 23610
64 512 256 16 23753
64 512 256 32 23912
64 512 256 64 23880
64 512 256 128 24145
64 512 256 256 23852
64 512 256 512 24065
64 512 512 1 24930
64 512 512 2 25103
64 512 512 4 23978
64 512 512 8 23671
64 512 512 16 23747
64 512 512 32 23556
64 512 512 64 23924
64 512 512 128 24359
64 512 512 256 24255
64 512 512 512 24245
128 1 1 1 24047
128 1 1 2 24522
128 1 1 4 23872
128 1 1 8 23760
128 1 1 16 23790
128 1 1 32 23701
128 1 1 64 23906
128 1 1 128 24353
128 1 1 256 24258
128 1 1 512 24376
128 1 2 1 24159
128 1 2 2 23991
128 1 2 4 23234
128 1 2 8 23167
128 1 2 16 23130
128 1 2 32 23377
128 1 2 64 23542
128 1 2 128 24074
128 1 2 256 24077
128 1 2 512 24122
128 1 4 1 23868
128 1 4 2 23938
128 1 4 4 23014
128 1 4 8 22904
128 1 4 16 22803
128 1 4 32 23182
128 1 4 64 23292
128 1 4 128 23841
128 1 4 256 23913
128 1 4 512 23721
128 1 8 1 23395
128 1 8 2 23870
128 1 8 4 23064
128 1 8 8 22911
128 1 8 16 22934
128 1 8 32 23177
128 1 8 64 23395
128 1 8 128 23865
128 1 8 256 23939
128 1 8 512 23893
128 1 16 1 23522
128 1 16 2 23673
128 1 16 4 23167
128 1 16 8 23169
128 1 16 16 22994
128 1 16 32 23457
128 1 16 64 23429
128 1 16 128 23792
128 1 16 256 23876
128 1 16 512 24034
128 1 32 1 23826
128 1 32 2 23572
128 1 32 4 23350
128 1 32 8 23423
128 1 32 16 23637
128 1 32 32 23460
128 1 32 64 23633
128 1 32 128 24028
128 1 32 256 24092
128 1 32 512 24027
128 1 64 1 23564
128 1 64 2 23631
128 1 64 4 23230
128 1 64 8 23339
128 1 64 16 23414
128 1 64 32 23260
128 1 64 64 23622
128 1 64 128 23985
128 1 64 256 23985
128 1 64 512 24178
128 1 128 1 24539
128 1 128 2 24453
128 1 128 4 24156
128 1 128 8 23606
128 1 128 16 23678
128 1 128 32 23557
128 1 128 64 24037
128 1 128 128 24185
128 1 128 256 24132
128 1 128 512 24347
128 1 256 1 24402
128 1 256 2 24559
128 1 256 4 24125
128 1 256 8 23811
128 1 256 16 23800
128 1 256 32 23797
128 1 256 64 24134
128 1 256 128 24281
128 1 256 256 24330
128 1 256 512 24362
128 1 512 1 24535
128 1 512 2 24531
128 1 512 4 24287
128 1 512 8 23852
128 1 512 16 23680
128 1 512 32 23835
128 1 512 64 24154
128 1 512 128 24240
128 1 512 256 24207
128 1 512 512 24258
128 2 1 1 24116
128 2 1 2 23973
128 2 1 4 23401
128 2 1 8 23177
128 2 1 16 23244
128 2 1 32 23578
128 2 1 64 23499
128 2 1 128 24289
128 2 1 256 23985
128 2 1 512 23929
128 2 2 1 23698
128 2 2 2 23709
128 2 2 4 23215
128 2 2 8 23161
128 2 2 16 22925
128 2 2 32 22993
128 2 2 64 23003
128 2 2 128 23711
128 2 2 256 24061
128 2 2 512 23972
128 2 4 1 23308
128 2 4 2 23451
128 2 4 4 23102
128 2 4 8 22923
128 2 4 16 22755
128 2 4 32 22788
128 2 4 64 23009
128 2 4 128 23621
128 2 4 256 23518
128 2 4 512 23482
128 