2024-10-27 12:49:15 [INFO] [task_scheduler.cc:160] Initializing Task #0: "main"
2024-10-27 12:49:15 [INFO] [task_scheduler.cc:35] 
# from tvm.script import ir as I
# from tvm.script import tir as T

@I.ir_module
class Module:
    @T.prim_func
    def main(A: T.Buffer((1000, 1000), "float32"), B: T.Buffer((1000, 1000), "float32"), T_matmul: T.Buffer((1000, 1000), "float32")):
        T.func_attr({"tir.noalias": T.bool(True)})
        # with T.block("root"):
        for ax0, ax1, k in T.grid(1000, 1000, 1000):
            with T.block("T_matmul"):
                v_ax0, v_ax1, v_k = T.axis.remap("SSR", [ax0, ax1, k])
                T.reads(A[v_ax0, v_k], B[v_k, v_ax1])
                T.writes(T_matmul[v_ax0, v_ax1])
                with T.init():
                    T_matmul[v_ax0, v_ax1] = T.float32(0.0)
                T_matmul[v_ax0, v_ax1] = T_matmul[v_ax0, v_ax1] + A[v_ax0, v_k] * B[v_k, v_ax1]
2024-10-27 12:49:15 [INFO] [task_scheduler.cc:164] Total 3 design space(s) generated
2024-10-27 12:49:15 [INFO] [task_scheduler.cc:170] Design space #0:
# from tvm.script import ir as I
# from tvm.script import tir as T

@I.ir_module
class Module:
    @T.prim_func
    def main(A: T.Buffer((1000, 1000), "float32"), B: T.Buffer((1000, 1000), "float32"), T_matmul: T.Buffer((1000, 1000), "float32")):
        T.func_attr({"tir.noalias": T.bool(True)})
        with T.block("root"):
            T.reads()
            T.writes()
            T.block_attr({"meta_schedule.parallel": 768, "meta_schedule.unroll_explicit": 64, "meta_schedule.vectorize": 64})
            T_matmul_global = T.alloc_buffer((1000, 1000))
            for ax0_0, ax1_0, ax0_1, ax1_1 in T.grid(5, 5, 8, 1):
                for k_0, ax0_2, ax1_2, k_1, ax0_3, ax1_3 in T.grid(25, 25, 40, 40, 1, 5):
                    with T.block("T_matmul"):
                        v_ax0 = T.axis.spatial(1000, ax0_0 * 200 + ax0_1 * 25 + ax0_2 + ax0_3)
                        v_ax1 = T.axis.spatial(1000, ax1_0 * 200 + ax1_1 * 200 + ax1_2 * 5 + ax1_3)
                        v_k = T.axis.reduce(1000, k_0 * 40 + k_1)
                        T.reads(A[v_ax0, v_k], B[v_k, v_ax1])
                        T.writes(T_matmul_global[v_ax0, v_ax1])
                        T.block_attr({"meta_schedule.tiling_structure": "SSRSRS"})
                        with T.init():
                            T_matmul_global[v_ax0, v_ax1] = T.float32(0.0)
                        T_matmul_global[v_ax0, v_ax1] = T_matmul_global[v_ax0, v_ax1] + A[v_ax0, v_k] * B[v_k, v_ax1]
                for ax0, ax1 in T.grid(25, 200):
                    with T.block("T_matmul_global"):
                        v0 = T.axis.spatial(1000, ax0_0 * 200 + ax0_1 * 25 + ax0)
                        v1 = T.axis.spatial(1000, ax1_0 * 200 + ax1)
                        T.reads(T_matmul_global[v0, v1])
                        T.writes(T_matmul[v0, v1])
                        T_matmul[v0, v1] = T_matmul_global[v0, v1]
b0 = sch.get_block(name="T_matmul", func_name="main")
b1 = sch.get_block(name="root", func_name="main")
sch.annotate(block_or_loop=b0, ann_key="meta_schedule.tiling_structure", ann_val="SSRSRS")
l2, l3, l4 = sch.get_loops(block=b0)
v5, v6, v7, v8 = sch.sample_perfect_tile(loop=l2, n=4, max_innermost_factor=64, decision=[5, 8, 25, 1])
l9, l10, l11, l12 = sch.split(loop=l2, factors=[v5, v6, v7, v8], preserve_unit_iters=True, disable_predication=False)
v13, v14, v15, v16 = sch.sample_perfect_tile(loop=l3, n=4, max_innermost_factor=64, decision=[5, 1, 40, 5])
l17, l18, l19, l20 = sch.split(loop=l3, factors=[v13, v14, v15, v16], preserve_unit_iters=True, disable_predication=False)
v21, v22 = sch.sample_perfect_tile(loop=l4, n=2, max_innermost_factor=64, decision=[25, 40])
l23, l24 = sch.split(loop=l4, factors=[v21, v22], preserve_unit_iters=True, disable_predication=False)
sch.reorder(l9, l17, l10, l18, l23, l11, l19, l24, l12, l20)
b25 = sch.cache_write(block=b0, write_buffer_index=0, storage_scope="global")
sch.reverse_compute_at(block=b25, loop=l18, preserve_unit_loops=True, index=-1)
sch.annotate(block_or_loop=b1, ann_key="meta_schedule.parallel", ann_val=768)
sch.annotate(block_or_loop=b1, ann_key="meta_schedule.vectorize", ann_val=64)
v26 = sch.sample_categorical(candidates=[0, 16, 64, 512], probs=[0.25, 0.25, 0.25, 0.25], decision=2)
sch.annotate(block_or_loop=b1, ann_key="meta_schedule.unroll_explicit", ann_val=v26)
2024-10-27 12:49:15 [INFO] [task_scheduler.cc:170] Design space #1:
# from tvm.script import ir as I
# from tvm.script import tir as T

@I.ir_module
class Module:
    @T.prim_func
    def main(A: T.Buffer((1000, 1000), "float32"), B: T.Buffer((1000, 1000), "float32"), T_matmul: T.Buffer((1000, 1000), "float32")):
        T.func_attr({"tir.noalias": T.bool(True)})
        with T.block("root"):
            T.reads()
            T.writes()
            T.block_attr({"meta_schedule.parallel": 768, "meta_schedule.unroll_explicit": 0, "meta_schedule.vectorize": 64})
            T_matmul_global = T.alloc_buffer((1000, 1000))
            for ax0_0, ax1_0 in T.grid(5, 5):
                for ax0_1, ax1_1, k_0, ax0_2, ax1_2, k_1, ax0_3, ax1_3 in T.grid(8, 1, 25, 25, 40, 40, 1, 5):
                    with T.block("T_matmul"):
                        v_ax0 = T.axis.spatial(1000, ax0_0 * 200 + ax0_1 * 25 + ax0_2 + ax0_3)
                        v_ax1 = T.axis.spatial(1000, ax1_0 * 200 + ax1_1 * 200 + ax1_2 * 5 + ax1_3)
                        v_k = T.axis.reduce(1000, k_0 * 40 + k_1)
                        T.reads(A[v_ax0, v_k], B[v_k, v_ax1])
                        T.writes(T_matmul_global[v_ax0, v_ax1])
                        T.block_attr({"meta_schedule.tiling_structure": "SSRSRS"})
                        with T.init():
                            T_matmul_global[v_ax0, v_ax1] = T.float32(0.0)
                        T_matmul_global[v_ax0, v_ax1] = T_matmul_global[v_ax0, v_ax1] + A[v_ax0, v_k] * B[v_k, v_ax1]
                for ax0, ax1 in T.grid(200, 200):
                    with T.block("T_matmul_global"):
                        v0 = T.axis.spatial(1000, ax0_0 * 200 + ax0)
                        v1 = T.axis.spatial(1000, ax1_0 * 200 + ax1)
                        T.reads(T_matmul_global[v0, v1])
                        T.writes(T_matmul[v0, v1])
                        T_matmul[v0, v1] = T_matmul_global[v0, v1]
b0 = sch.get_block(name="T_matmul", func_name="main")
b1 = sch.get_block(name="root", func_name="main")
sch.annotate(block_or_loop=b0, ann_key="meta_schedule.tiling_structure", ann_val="SSRSRS")
l2, l3, l4 = sch.get_loops(block=b0)
v5, v6, v7, v8 = sch.sample_perfect_tile(loop=l2, n=4, max_innermost_factor=64, decision=[5, 8, 25, 1])
l9, l10, l11, l12 = sch.split(loop=l2, factors=[v5, v6, v7, v8], preserve_unit_iters=True, disable_predication=False)
v13, v14, v15, v16 = sch.sample_perfect_tile(loop=l3, n=4, max_innermost_factor=64, decision=[5, 1, 40, 5])
l17, l18, l19, l20 = sch.split(loop=l3, factors=[v13, v14, v15, v16], preserve_unit_iters=True, disable_predication=False)
v21, v22 = sch.sample_perfect_tile(loop=l4, n=2, max_innermost_factor=64, decision=[25, 40])
l23, l24 = sch.split(loop=l4, factors=[v21, v22], preserve_unit_iters=True, disable_predication=False)
sch.reorder(l9, l17, l10, l18, l23, l11, l19, l24, l12, l20)
b25 = sch.cache_write(block=b0, write_buffer_index=0, storage_scope="global")
sch.reverse_compute_at(block=b25, loop=l17, preserve_unit_loops=True, index=-1)
sch.annotate(block_or_loop=b1, ann_key="meta_schedule.parallel", ann_val=768)
sch.annotate(block_or_loop=b1, ann_key="meta_schedule.vectorize", ann_val=64)
v26 = sch.sample_categorical(candidates=[0, 16, 64, 512], probs=[0.25, 0.25, 0.25, 0.25], decision=0)
sch.annotate(block_or_loop=b1, ann_key="meta_schedule.unroll_explicit", ann_val=v26)
2024-10-27 12:49:15 [INFO] [task_scheduler.cc:170] Design space #2:
# from tvm.script import ir as I
# from tvm.script import tir as T

@I.ir_module
class Module:
    @T.prim_func
    def main(A: T.Buffer((1000, 1000), "float32"), B: T.Buffer((1000, 1000), "float32"), T_matmul: T.Buffer((1000, 1000), "float32")):
        T.func_attr({"tir.noalias": T.bool(True)})
        with T.block("root"):
            T.reads()
            T.writes()
            T.block_attr({"meta_schedule.parallel": 768, "meta_schedule.unroll_explicit": 0, "meta_schedule.vectorize": 64})
            for ax0_0, ax1_0, ax0_1, ax1_1, k_0, ax0_2, ax1_2, k_1, ax0_3, ax1_3 in T.grid(5, 5, 8, 1, 25, 25, 40, 40, 1, 5):
                with T.block("T_matmul"):
                    v_ax0 = T.axis.spatial(1000, ax0_0 * 200 + ax0_1 * 25 + ax0_2 + ax0_3)
                    v_ax1 = T.axis.spatial(1000, ax1_0 * 200 + ax1_1 * 200 + ax1_2 * 5 + ax1_3)
                    v_k = T.axis.reduce(1000, k_0 * 40 + k_1)
                    T.reads(A[v_ax0, v_k], B[v_k, v_ax1])
                    T.writes(T_matmul[v_ax0, v_ax1])
                    T.block_attr({"meta_schedule.tiling_structure": "SSRSRS"})
                    with T.init():
                        T_matmul[v_ax0, v_ax1] = T.float32(0.0)
                    T_matmul[v_ax0, v_ax1] = T_matmul[v_ax0, v_ax1] + A[v_ax0, v_k] * B[v_k, v_ax1]
b0 = sch.get_block(name="T_matmul", func_name="main")
b1 = sch.get_block(name="root", func_name="main")
sch.annotate(block_or_loop=b0, ann_key="meta_schedule.tiling_structure", ann_val="SSRSRS")
l2, l3, l4 = sch.get_loops(block=b0)
v5, v6, v7, v8 = sch.sample_perfect_tile(loop=l2, n=4, max_innermost_factor=64, decision=[5, 8, 25, 1])
l9, l10, l11, l12 = sch.split(loop=l2, factors=[v5, v6, v7, v8], preserve_unit_iters=True, disable_predication=False)
v13, v14, v15, v16 = sch.sample_perfect_tile(loop=l3, n=4, max_innermost_factor=64, decision=[5, 1, 40, 5])
l17, l18, l19, l20 = sch.split(loop=l3, factors=[v13, v14, v15, v16], preserve_unit_iters=True, disable_predication=False)
v21, v22 = sch.sample_perfect_tile(loop=l4, n=2, max_innermost_factor=64, decision=[25, 40])
l23, l24 = sch.split(loop=l4, factors=[v21, v22], preserve_unit_iters=True, disable_predication=False)
sch.reorder(l9, l17, l10, l18, l23, l11, l19, l24, l12, l20)
sch.annotate(block_or_loop=b1, ann_key="meta_schedule.parallel", ann_val=768)
sch.annotate(block_or_loop=b1, ann_key="meta_schedule.vectorize", ann_val=64)
v25 = sch.sample_categorical(candidates=[0, 16, 64, 512], probs=[0.25, 0.25, 0.25, 0.25], decision=0)
sch.annotate(block_or_loop=b1, ann_key="meta_schedule.unroll_explicit", ann_val=v25)
2024-10-27 12:49:15 [INFO] [evolutionary_search.cc:713] Generating candidates......
2024-10-27 12:49:15 [INFO] [evolutionary_search.cc:715] Picked top 0 candidate(s) from database
2024-10-27 12:49:16 [INFO] [evolutionary_search.cc:533] Sample-Init-Population summary:
Postproc #0 [meta_schedule.DisallowDynamicLoop(0x555558734de8)]: 0 failure(s)
Postproc #1 [meta_schedule.RewriteParallelVectorizeUnroll(0x555558623208)]: 0 failure(s)
Postproc #2 [meta_schedule.RewriteReductionBlock(0x5555574e5088)]: 0 failure(s)
Postproc #3 [meta_schedule.RewriteLayout(0x555557533f38)]: 0 failure(s)
2024-10-27 12:49:16 [INFO] [evolutionary_search.cc:723] Sampled 512 candidate(s)
2024-10-27 12:49:16 [INFO] [evolutionary_search.cc:621] Evolve iter #0 done. Summary:
Postproc #0 [meta_schedule.DisallowDynamicLoop(0x555558734de8)]: 0 failure(s)
Postproc #1 [meta_schedule.RewriteParallelVectorizeUnroll(0x555558623208)]: 0 failure(s)
Postproc #2 [meta_schedule.RewriteReductionBlock(0x5555574e5088)]: 0 failure(s)
Postproc #3 [meta_schedule.RewriteLayout(0x555557533f38)]: 0 failure(s)
2024-10-27 12:49:16 [INFO] [evolutionary_search.cc:621] Evolve iter #1 done. Summary:
Postproc #0 [meta_schedule.DisallowDynamicLoop(0x555558734de8)]: 0 failure(s)
Postproc #1 [meta_schedule.RewriteParallelVectorizeUnroll(0x555558623208)]: 0 failure(s)
Postproc #2 [meta_schedule.RewriteReductionBlock(0x5555574e5088)]: 0 failure(s)
Postproc #3 [meta_schedule.RewriteLayout(0x555557533f38)]: 0 failure(s)
2024-10-27 12:49:17 [INFO] [evolutionary_search.cc:621] Evolve iter #2 done. Summary:
Postproc #0 [meta_schedule.DisallowDynamicLoop(0x555558734de8)]: 0 failure(s)
Postproc #1 [meta_schedule.RewriteParallelVectorizeUnroll(0x555558623208)]: 0 failure(s)
Postproc #2 [meta_schedule.RewriteReductionBlock(0x5555574e5088)]: 0 failure(s)
Postproc #3 [meta_schedule.RewriteLayout(0x555557533f38)]: 0 failure(s)
2024-10-27 12:49:17 [INFO] [evolutionary_search.cc:621] Evolve iter #3 done. Summary:
Postproc #0 [meta_schedule.DisallowDynamicLoop(0x555558734de8)]: 0 failure(s)
Postproc #1 [meta_schedule.RewriteParallelVectorizeUnroll(0x555558623208)]: 0 failure(s)
Postproc #2 [meta_schedule.RewriteReductionBlock(0x5555574e5088)]: 0 failure(s)
Postproc #3 [meta_schedule.RewriteLayout(0x555557533f38)]: 0 failure(s)
2024-10-27 12:49:17 [INFO] [evolutionary_search.cc:649] Scores of the best 64 candidates:
[1 : 16]:	0.9986  0.9985  0.9980  0.9974  0.9967  0.9958  0.9952  0.9950  0.9941  0.9940  0.9938  0.9935  0.9931  0.9931  0.9917  0.9907
[17 : 32]:	0.9900  0.9899  0.9898  0.9880  0.9873  0.9870  0.9869  0.9858  0.9858  0.9853  0.9852  0.9844  0.9843  0.9843  0.9837  0.9828
[33 : 48]:	0.9825  0.9823  0.9820  0.9819  0.9812  0.9810  0.9809  0.9808  0.9808  0.9807  0.9804  0.9795  0.9793  0.9793  0.9791  0.9789
[49 : 64]:	0.9788  0.9779  0.9779  0.9776  0.9763  0.9760  0.9757  0.9753  0.9750  0.9735  0.9728  0.9727  0.9715  0.9708  0.9698  0.9697
2024-10-27 12:49:17 [INFO] [evolutionary_search.cc:727] Got 64 candidate(s) with evolutionary search
2024-10-27 12:49:17 [INFO] [evolutionary_search.cc:730] Sending 64 candidates(s) for measurement
2024-10-27 12:50:39 [INFO] [task_scheduler.cc:131] [Task #0: main] Trial #1: GFLOPs: 120.4960. Time: 16598.0669 us. Best GFLOPs: 120.4960
2024-10-27 12:50:39 [INFO] [task_scheduler.cc:131] [Task #0: main] Trial #2: GFLOPs: 58.1609. Time: 34387.3438 us. Best GFLOPs: 120.4960
2024-10-27 12:50:39 [INFO] [task_scheduler.cc:131] [Task #0: main] Trial #3: GFLOPs: 126.1790. Time: 15850.4945 us. Best GFLOPs: 126.1790
2024-10-27 12:50:39 [INFO] [task_scheduler.cc:131] [Task #0: main] Trial #4: GFLOPs: 485.3637. Time: 4120.6211 us. Best GFLOPs: 485.3637
2024-10-27 12:50:39 [INFO] [task_scheduler.cc:131] [Task #0: main] Trial #5: GFLOPs: 369.3882. Time: 5414.3583 us. Best GFLOPs: 485.3637
2024-10-27 12:50:39 [INFO] [task_scheduler.cc:131] [Task #0: main] Trial #6: GFLOPs: 961.5859. Time: 2079.8974 us. Best GFLOPs: 961.5859
2024-10-27 12:50:39 [INFO] [task_scheduler.cc:131] [Task #0: main] Trial #7: GFLOPs: 80.2202. Time: 24931.3673 us. Best GFLOPs: 961.5859
2024-10-27 12:50:39 [INFO] [task_scheduler.cc:131] [Task #0: main] Trial #8: GFLOPs: 544.9594. Time: 3669.9979 us. Best GFLOPs: 961.5859
2024-10-27 12:50:39 [INFO] [task_scheduler.cc:131] [Task #0: main] Trial #9: GFLOPs: 490.9114. Time: 4074.0546 us. Best GFLOPs: 961.5859
2024-10-27 12:50:39 [INFO] [task_scheduler.cc:131] [Task #0: main] Trial #10: GFLOPs: 13.8052. Time: 144872.4311 us. Best GFLOPs: 961.5859
2024-10-27 12:50:39 [INFO] [task_scheduler.cc:131] [Task #0: main] Trial #11: GFLOPs: 702.6187. Time: 2846.4940 us. Best GFLOPs: 961.5859
2024-10-27 12:50:39 [INFO] [task_scheduler.cc:131] [Task #0: main] Trial #12: GFLOPs: 188.4538. Time: 10612.6831 us. Best GFLOPs: 961.5859
2024-10-27 12:50:39 [INFO] [task_scheduler.cc:131] [Task #0: main] Trial #13: GFLOPs: 383.1174. Time: 5220.3322 us. Best GFLOPs: 961.5859
2024-10-27 12:50:39 [INFO] [task_scheduler.cc:131] [Task #0: main] Trial #14: GFLOPs: 1004.6413. Time: 1990.7603 us. Best GFLOPs: 1004.6413
2024-10-27 12:50:39 [INFO] [task_scheduler.cc:131] [Task #0: main] Trial #15: GFLOPs: 266.7738. Time: 7496.9889 us. Best GFLOPs: 1004.6413
2024-10-27 12:50:39 [INFO] [task_scheduler.cc:131] [Task #0: main] Trial #16: GFLOPs: 96.4256. Time: 20741.3879 us. Best GFLOPs: 1004.6413
2024-10-27 12:50:39 [INFO] [task_scheduler.cc:131] [Task #0: main] Trial #17: GFLOPs: 73.6866. Time: 27141.9656 us. Best GFLOPs: 1004.6413
2024-10-27 12:50:39 [INFO] [task_scheduler.cc:131] [Task #0: main] Trial #18: GFLOPs: 1034.1128. Time: 1934.0251 us. Best GFLOPs: 1034.1128
2024-10-27 12:50:39 [INFO] [task_scheduler.cc:131] [Task #0: main] Trial #19: GFLOPs: 268.1048. Time: 7459.7696 us. Best GFLOPs: 1034.1128
2024-10-27 12:50:39 [INFO] [task_scheduler.cc:131] [Task #0: main] Trial #20: GFLOPs: 10.0958. Time: 198101.6782 us. Best GFLOPs: 1034.1128
2024-10-27 12:50:39 [INFO] [task_scheduler.cc:131] [Task #0: main] Trial #21: GFLOPs: 351.1468. Time: 5695.6237 us. Best GFLOPs: 1034.1128
2024-10-27 12:50:39 [INFO] [task_scheduler.cc:131] [Task #0: main] Trial #22: GFLOPs: 341.3816. Time: 5858.5465 us. Best GFLOPs: 1034.1128
2024-10-27 12:50:39 [INFO] [task_scheduler.cc:131] [Task #0: main] Trial #23: GFLOPs: 1014.9122. Time: 1970.6138 us. Best GFLOPs: 1034.1128
2024-10-27 12:50:39 [INFO] [task_scheduler.cc:131] [Task #0: main] Trial #24: GFLOPs: 120.0377. Time: 16661.4366 us. Best GFLOPs: 1034.1128
2024-10-27 12:50:39 [INFO] [task_scheduler.cc:131] [Task #0: main] Trial #25: GFLOPs: 72.5908. Time: 27551.6987 us. Best GFLOPs: 1034.1128
2024-10-27 12:50:39 [INFO] [task_scheduler.cc:131] [Task #0: main] Trial #26: GFLOPs: 502.0128. Time: 3983.9623 us. Best GFLOPs: 1034.1128
2024-10-27 12:50:39 [INFO] [task_scheduler.cc:131] [Task #0: main] Trial #27: GFLOPs: 960.0312. Time: 2083.2656 us. Best GFLOPs: 1034.1128
2024-10-27 12:50:39 [INFO] [task_scheduler.cc:131] [Task #0: main] Trial #28: GFLOPs: 242.8066. Time: 8237.0096 us. Best GFLOPs: 1034.1128
2024-10-27 12:50:39 [INFO] [task_scheduler.cc:131] [Task #0: main] Trial #29: GFLOPs: 71.9097. Time: 27812.6442 us. Best GFLOPs: 1034.1128
2024-10-27 12:50:39 [INFO] [task_scheduler.cc:131] [Task #0: main] Trial #30: GFLOPs: 778.3022. Time: 2569.6958 us. Best GFLOPs: 1034.1128
2024-10-27 12:50:39 [INFO] [task_scheduler.cc:131] [Task #0: main] Trial #31: GFLOPs: 674.1945. Time: 2966.5029 us. Best GFLOPs: 1034.1128
2024-10-27 12:50:39 [INFO] [task_scheduler.cc:131] [Task #0: main] Trial #32: GFLOPs: 501.4517. Time: 3988.4201 us. Best GFLOPs: 1034.1128
2024-10-27 12:50:39 [INFO] [task_scheduler.cc:131] [Task #0: main] Trial #33: GFLOPs: 45.4786. Time: 43976.7340 us. Best GFLOPs: 1034.1128
2024-10-27 12:50:39 [INFO] [task_scheduler.cc:131] [Task #0: main] Trial #34: GFLOPs: 598.9667. Time: 3339.0840 us. Best GFLOPs: 1034.1128
2024-10-27 12:50:39 [INFO] [task_scheduler.cc:131] [Task #0: main] Trial #35: GFLOPs: 15.5215. Time: 128853.4801 us. Best GFLOPs: 1034.1128
2024-10-27 12:50:39 [INFO] [task_scheduler.cc:131] [Task #0: main] Trial #36: GFLOPs: 304.0935. Time: 6576.9239 us. Best GFLOPs: 1034.1128
2024-10-27 12:50:39 [INFO] [task_scheduler.cc:131] [Task #0: main] Trial #37: GFLOPs: 409.7428. Time: 4881.1104 us. Best GFLOPs: 1034.1128
2024-10-27 12:50:39 [INFO] [task_scheduler.cc:131] [Task #0: main] Trial #38: GFLOPs: 448.8844. Time: 4455.4897 us. Best GFLOPs: 1034.1128
2024-10-27 12:50:39 [INFO] [task_scheduler.cc:131] [Task #0: main] Trial #39: GFLOPs: 218.3579. Time: 9159.2753 us. Best GFLOPs: 1034.1128
2024-10-27 12:50:39 [INFO] [task_scheduler.cc:131] [Task #0: main] Trial #40: GFLOPs: 350.8552. Time: 5700.3574 us. Best GFLOPs: 1034.1128
2024-10-27 12:50:39 [INFO] [task_scheduler.cc:131] [Task #0: main] Trial #41: GFLOPs: 166.0161. Time: 12047.0251 us. Best GFLOPs: 1034.1128
2024-10-27 12:50:39 [INFO] [task_scheduler.cc:131] [Task #0: main] Trial #42: GFLOPs: 787.3668. Time: 2540.1123 us. Best GFLOPs: 1034.1128
2024-10-27 12:50:39 [INFO] [task_scheduler.cc:131] [Task #0: main] Trial #43: GFLOPs: 1345.8169. Time: 1486.0863 us. Best GFLOPs: 1345.8169
2024-10-27 12:50:39 [INFO] [task_scheduler.cc:131] [Task #0: main] Trial #44: GFLOPs: 94.3072. Time: 21207.2990 us. Best GFLOPs: 1345.8169
2024-10-27 12:50:39 [INFO] [task_scheduler.cc:131] [Task #0: main] Trial #45: GFLOPs: 67.6561. Time: 29561.2590 us. Best GFLOPs: 1345.8169
2024-10-27 12:50:39 [INFO] [task_scheduler.cc:131] [Task #0: main] Trial #46: GFLOPs: 225.3040. Time: 8876.8970 us. Best GFLOPs: 1345.8169
2024-10-27 12:50:39 [INFO] [task_scheduler.cc:131] [Task #0: main] Trial #47: GFLOPs: 766.3201. Time: 2609.8753 us. Best GFLOPs: 1345.8169
2024-10-27 12:50:39 [INFO] [task_scheduler.cc:131] [Task #0: main] Trial #48: GFLOPs: 871.0949. Time: 2295.9611 us. Best GFLOPs: 1345.8169
2024-10-27 12:50:39 [INFO] [task_scheduler.cc:131] [Task #0: main] Trial #49: GFLOPs: 46.5648. Time: 42950.9289 us. Best GFLOPs: 1345.8169
2024-10-27 12:50:39 [INFO] [task_scheduler.cc:131] [Task #0: main] Trial #50: GFLOPs: 224.1779. Time: 8921.4843 us. Best GFLOPs: 1345.8169
2024-10-27 12:50:39 [INFO] [task_scheduler.cc:131] [Task #0: main] Trial #51: GFLOPs: 465.5406. Time: 4296.0808 us. Best GFLOPs: 1345.8169
2024-10-27 12:50:39 [INFO] [task_scheduler.cc:131] [Task #0: main] Trial #52: GFLOPs: 955.4578. Time: 2093.2374 us. Best GFLOPs: 1345.8169
2024-10-27 12:50:39 [INFO] [task_scheduler.cc:131] [Task #0: main] Trial #53: GFLOPs: 380.2962. Time: 5259.0585 us. Best GFLOPs: 1345.8169
2024-10-27 12:50:39 [INFO] [task_scheduler.cc:131] [Task #0: main] Trial #54: GFLOPs: 92.2197. Time: 21687.3446 us. Best GFLOPs: 1345.8169
2024-10-27 12:50:39 [INFO] [task_scheduler.cc:131] [Task #0: main] Trial #55: GFLOPs: 1292.0729. Time: 1547.9002 us. Best GFLOPs: 1345.8169
2024-10-27 12:50:39 [INFO] [task_scheduler.cc:131] [Task #0: main] Trial #56: GFLOPs: 738.8723. Time: 2706.8278 us. Best GFLOPs: 1345.8169
2024-10-27 12:50:39 [INFO] [task_scheduler.cc:131] [Task #0: main] Trial #57: GFLOPs: 974.5441. Time: 2052.2416 us. Best GFLOPs: 1345.8169
2024-10-27 12:50:39 [INFO] [task_scheduler.cc:131] [Task #0: main] Trial #58: GFLOPs: 180.0087. Time: 11110.5766 us. Best GFLOPs: 1345.8169
2024-10-27 12:50:39 [INFO] [task_scheduler.cc:131] [Task #0: main] Trial #59: GFLOPs: 165.2688. Time: 12101.4965 us. Best GFLOPs: 1345.8169
2024-10-27 12:50:39 [INFO] [task_scheduler.cc:131] [Task #0: main] Trial #60: GFLOPs: 287.8458. Time: 6948.1652 us. Best GFLOPs: 1345.8169
2024-10-27 12:50:39 [INFO] [task_scheduler.cc:131] [Task #0: main] Trial #61: GFLOPs: 40.0858. Time: 49892.9238 us. Best GFLOPs: 1345.8169
2024-10-27 12:50:39 [INFO] [task_scheduler.cc:131] [Task #0: main] Trial #62: GFLOPs: 883.6615. Time: 2263.3101 us. Best GFLOPs: 1345.8169
2024-10-27 12:50:39 [INFO] [task_scheduler.cc:131] [Task #0: main] Trial #63: GFLOPs: 361.2800. Time: 5535.8731 us. Best GFLOPs: 1345.8169
2024-10-27 12:50:39 [INFO] [task_scheduler.cc:131] [Task #0: main] Trial #64: GFLOPs: 1051.2476. Time: 1902.5013 us. Best GFLOPs: 1345.8169
2024-10-27 12:50:39 [INFO] [evolutionary_search.cc:713] Generating candidates......
2024-10-27 12:50:39 [INFO] [evolutionary_search.cc:715] Picked top 64 candidate(s) from database
2024-10-27 12:50:40 [INFO] [evolutionary_search.cc:533] Sample-Init-Population summary:
Postproc #0 [meta_schedule.DisallowDynamicLoop(0x555558734de8)]: 0 failure(s)
Postproc #1 [meta_schedule.RewriteParallelVectorizeUnroll(0x555558623208)]: 0 failure(s)
Postproc #2 [meta_schedule.RewriteReductionBlock(0x5555574e5088)]: 0 failure(s)
Postproc #3 [meta_schedule.RewriteLayout(0x555557533f38)]: 0 failure(s)
2024-10-27 12:50:40 [INFO] [evolutionary_search.cc:723] Sampled 448 candidate(s)
2024-10-27 12:50:40 [INFO] [evolutionary_search.cc:621] Evolve iter #0 done. Summary:
Postproc #0 [meta_schedule.DisallowDynamicLoop(0x555558734de8)]: 0 failure(s)
Postproc #1 [meta_schedule.RewriteParallelVectorizeUnroll(0x555558623208)]: 0 failure(s)
Postproc #2 [meta_schedule.RewriteReductionBlock(0x5555574e5088)]: 0 failure(s)
Postproc #3 [meta_schedule.RewriteLayout(0x555557533f38)]: 0 failure(s)
2024-10-27 12:50:40 [INFO] [evolutionary_search.cc:621] Evolve iter #1 done. Summary:
Postproc #0 [meta_schedule.DisallowDynamicLoop(0x555558734de8)]: 0 failure(s)
Postproc #1 [meta_schedule.RewriteParallelVectorizeUnroll(0x555558623208)]: 0 failure(s)
Postproc #2 [meta_schedule.RewriteReductionBlock(0x5555574e5088)]: 0 failure(s)
Postproc #3 [meta_schedule.RewriteLayout(0x555557533f38)]: 0 failure(s)
2024-10-27 12:50:41 [INFO] [evolutionary_search.cc:621] Evolve iter #2 done. Summary:
Postproc #0 [meta_schedule.DisallowDynamicLoop(0x555558734de8)]: 0 failure(s)
Postproc #1 [meta_schedule.RewriteParallelVectorizeUnroll(0x555558623208)]: 0 failure(s)
Postproc #2 [meta_schedule.RewriteReductionBlock(0x5555574e5088)]: 0 failure(s)
Postproc #3 [meta_schedule.RewriteLayout(0x555557533f38)]: 0 failure(s)
2024-10-27 12:50:41 [INFO] [evolutionary_search.cc:621] Evolve iter #3 done. Summary:
Postproc #0 [meta_schedule.DisallowDynamicLoop(0x555558734de8)]: 0 failure(s)
Postproc #1 [meta_schedule.RewriteParallelVectorizeUnroll(0x555558623208)]: 0 failure(s)
Postproc #2 [meta_schedule.RewriteReductionBlock(0x5555574e5088)]: 0 failure(s)
Postproc #3 [meta_schedule.RewriteLayout(0x555557533f38)]: 0 failure(s)
2024-10-27 12:50:41 [INFO] [evolutionary_search.cc:649] Scores of the best 64 candidates:
[1 : 16]:	0.9994  0.9993  0.9992  0.9987  0.9985  0.9985  0.9983  0.9981  0.9970  0.9968  0.9964  0.9959  0.9956  0.9950  0.9948  0.9947
[17 : 32]:	0.9945  0.9933  0.9927  0.9922  0.9919  0.9919  0.9918  0.9914  0.9911  0.9883  0.9882  0.9875  0.9870  0.9867  0.9864  0.9855
[33 : 48]:	0.9853  0.9852  0.9833  0.9820  0.9820  0.9812  0.9810  0.9805  0.9793  0.9791  0.9783  0.9781  0.9776  0.9774  0.9767  0.9752
[49 : 64]:	0.9751  0.9747  0.9736  0.9735  0.9730  0.9722  0.9721  0.9720  0.9719  0.9719  0.9717  0.9701  0.9697  0.9694  0.9692  0.9690
2024-10-27 12:50:41 [INFO] [evolutionary_search.cc:727] Got 64 candidate(s) with evolutionary search
2024-10-27 12:50:41 [INFO] [evolutionary_search.cc:730] Sending 64 candidates(s) for measurement
2024-10-27 12:52:13 [INFO] [task_scheduler.cc:131] [Task #0: main] Trial #65: GFLOPs: 361.4868. Time: 5532.7052 us. Best GFLOPs: 1345.8169
2024-10-27 12:52:13 [INFO] [task_scheduler.cc:131] [Task #0: main] Trial #66: GFLOPs: 693.0032. Time: 2885.9895 us. Best GFLOPs: 1345.8169
2024-10-27 12:52:13 [INFO] [task_scheduler.cc:131] [Task #0: main] Trial #67: GFLOPs: 734.7943. Time: 2721.8503 us. Best GFLOPs: 1345.8169
2024-10-27 12:52:13 [INFO] [task_scheduler.cc:131] [Task #0: main] Trial #68: GFLOPs: 451.6684. Time: 4428.0273 us. Best GFLOPs: 1345.8169
2024-10-27 12:52:13 [INFO] [task_scheduler.cc:131] [Task #0: main] Trial #69: GFLOPs: 673.6535. Time: 2968.8855 us. Best GFLOPs: 1345.8169
2024-10-27 12:52:13 [INFO] [task_scheduler.cc:131] [Task #0: main] Trial #70: GFLOPs: 1399.3338. Time: 1429.2515 us. Best GFLOPs: 1399.3338
2024-10-27 12:52:13 [INFO] [task_scheduler.cc:131] [Task #0: main] Trial #71: GFLOPs: 4.0475. Time: 494134.6688 us. Best GFLOPs: 1399.3338
2024-10-27 12:52:13 [INFO] [task_scheduler.cc:131] [Task #0: main] Trial #72: GFLOPs: 264.4802. Time: 7562.0018 us. Best GFLOPs: 1399.3338
2024-10-27 12:52:13 [INFO] [task_scheduler.cc:131] [Task #0: main] Trial #73: GFLOPs: 853.9693. Time: 2342.0045 us. Best GFLOPs: 1399.3338
2024-10-27 12:52:13 [INFO] [task_scheduler.cc:131] [Task #0: main] Trial #74: GFLOPs: 306.0214. Time: 6535.4913 us. Best GFLOPs: 1399.3338
2024-10-27 12:52:13 [INFO] [task_scheduler.cc:131] [Task #0: main] Trial #75: GFLOPs: 1014.3074. Time: 1971.7888 us. Best GFLOPs: 1399.3338
2024-10-27 12:52:13 [INFO] [task_scheduler.cc:131] [Task #0: main] Trial #76: GFLOPs: 1086.6163. Time: 1840.5762 us. Best GFLOPs: 1399.3338
2024-10-27 12:52:13 [INFO] [task_scheduler.cc:131] [Task #0: main] Trial #77: GFLOPs: 357.4693. Time: 5594.8865 us. Best GFLOPs: 1399.3338
2024-10-27 12:52:13 [INFO] [task_scheduler.cc:131] [Task #0: main] Trial #78: GFLOPs: 347.5084. Time: 5755.2574 us. Best GFLOPs: 1399.3338
2024-10-27 12:52:13 [INFO] [task_scheduler.cc:131] [Task #0: main] Trial #79: GFLOPs: 92.1372. Time: 21706.7556 us. Best GFLOPs: 1399.3338
2024-10-27 12:52:13 [INFO] [task_scheduler.cc:131] [Task #0: main] Trial #80: GFLOPs: 437.5971. Time: 4570.4143 us. Best GFLOPs: 1399.3338
2024-10-27 12:52:13 [INFO] [task_scheduler.cc:131] [Task #0: main] Trial #81: GFLOPs: 729.9751. Time: 2739.8196 us. Best GFLOPs: 1399.3338
2024-10-27 12:52:13 [INFO] [task_scheduler.cc:131] [Task #0: main] Trial #82: GFLOPs: 118.0929. Time: 16935.8183 us. Best GFLOPs: 1399.3338
2024-10-27 12:52:13 [INFO] [task_scheduler.cc:131] [Task #0: main] Trial #83: GFLOPs: 449.3766. Time: 4450.6103 us. Best GFLOPs: 1399.3338
2024-10-27 12:52:13 [INFO] [task_scheduler.cc:131] [Task #0: main] Trial #84: GFLOPs: 622.3075. Time: 3213.8451 us. Best GFLOPs: 1399.3338
2024-10-27 12:52:13 [INFO] [task_scheduler.cc:131] [Task #0: main] Trial #85: GFLOPs: 1576.2388. Time: 1268.8432 us. Best GFLOPs: 1576.2388
2024-10-27 12:52:13 [INFO] [task_scheduler.cc:131] [Task #0: main] Trial #86: GFLOPs: 516.9230. Time: 3869.0479 us. Best GFLOPs: 1576.2388
2024-10-27 12:52:13 [INFO] [task_scheduler.cc:131] [Task #0: main] Trial #87: GFLOPs: 385.5074. Time: 5187.9673 us. Best GFLOPs: 1576.2388
2024-10-27 12:52:13 [INFO] [task_scheduler.cc:131] [Task #0: main] Trial #88: GFLOPs: 1108.2586. Time: 1804.6330 us. Best GFLOPs: 1576.2388
2024-10-27 12:52:13 [INFO] [task_scheduler.cc:131] [Task #0: main] Trial #89: GFLOPs: 401.9163. Time: 4976.1601 us. Best GFLOPs: 1576.2388
2024-10-27 12:52:13 [INFO] [task_scheduler.cc:131] [Task #0: main] Trial #90: GFLOPs: 140.3430. Time: 14250.7955 us. Best GFLOPs: 1576.2388
2024-10-27 12:52:13 [INFO] [task_scheduler.cc:131] [Task #0: main] Trial #91: GFLOPs: 682.4476. Time: 2930.6281 us. Best GFLOPs: 1576.2388
2024-10-27 12:52:13 [INFO] [task_scheduler.cc:131] [Task #0: main] Trial #92: GFLOPs: 154.8928. Time: 12912.1572 us. Best GFLOPs: 1576.2388
2024-10-27 12:52:13 [INFO] [task_scheduler.cc:131] [Task #0: main] Trial #93: GFLOPs: 309.7483. Time: 6456.8554 us. Best GFLOPs: 1576.2388
2024-10-27 12:52:13 [INFO] [task_scheduler.cc:131] [Task #0: main] Trial #94: GFLOPs: 333.1069. Time: 6004.0778 us. Best GFLOPs: 1576.2388
2024-10-27 12:52:13 [INFO] [task_scheduler.cc:131] [Task #0: main] Trial #95: GFLOPs: 80.4553. Time: 24858.5223 us. Best GFLOPs: 1576.2388
2024-10-27 12:52:13 [INFO] [task_scheduler.cc:131] [Task #0: main] Trial #96: GFLOPs: 1284.3141. Time: 1557.2515 us. Best GFLOPs: 1576.2388
2024-10-27 12:52:13 [INFO] [task_scheduler.cc:131] [Task #0: main] Trial #97: GFLOPs: 12.1063. Time: 165202.7329 us. Best GFLOPs: 1576.2388
2024-10-27 12:52:13 [INFO] [task_scheduler.cc:131] [Task #0: main] Trial #98: GFLOPs: 392.2461. Time: 5098.8400 us. Best GFLOPs: 1576.2388
2024-10-27 12:52:13 [INFO] [task_scheduler.cc:131] [Task #0: main] Trial #99: GFLOPs: 426.0151. Time: 4694.6695 us. Best GFLOPs: 1576.2388
2024-10-27 12:52:13 [INFO] [task_scheduler.cc:131] [Task #0: main] Trial #100: GFLOPs: 610.3603. Time: 3276.7530 us. Best GFLOPs: 1576.2388
2024-10-27 12:52:13 [INFO] [task_scheduler.cc:131] [Task #0: main] Trial #101: GFLOPs: 32.2938. Time: 61931.4132 us. Best GFLOPs: 1576.2388
2024-10-27 12:52:13 [INFO] [task_scheduler.cc:131] [Task #0: main] Trial #102: GFLOPs: 574.2421. Time: 3482.8514 us. Best GFLOPs: 1576.2388
2024-10-27 12:52:13 [INFO] [task_scheduler.cc:131] [Task #0: main] Trial #103: GFLOPs: 9.9989. Time: 200022.7589 us. Best GFLOPs: 1576.2388
2024-10-27 12:52:13 [INFO] [task_scheduler.cc:131] [Task #0: main] Trial #104: GFLOPs: 1079.6193. Time: 1852.5048 us. Best GFLOPs: 1576.2388
2024-10-27 12:52:13 [INFO] [task_scheduler.cc:131] [Task #0: main] Trial #105: GFLOPs: 452.7215. Time: 4417.7266 us. Best GFLOPs: 1576.2388
2024-10-27 12:52:13 [INFO] [task_scheduler.cc:131] [Task #0: main] Trial #106: GFLOPs: 626.5533. Time: 3192.0669 us. Best GFLOPs: 1576.2388
2024-10-27 12:52:13 [INFO] [task_scheduler.cc:131] [Task #0: main] Trial #107: GFLOPs: 441.6677. Time: 4528.2917 us. Best GFLOPs: 1576.2388
2024-10-27 12:52:13 [INFO] [task_scheduler.cc:131] [Task #0: main] Trial #108: GFLOPs: 110.3604. Time: 18122.4408 us. Best GFLOPs: 1576.2388
2024-10-27 12:52:13 [INFO] [task_scheduler.cc:131] [Task #0: main] Trial #109: GFLOPs: 7.7733. Time: 257289.4850 us. Best GFLOPs: 1576.2388
2024-10-27 12:52:13 [INFO] [task_scheduler.cc:131] [Task #0: main] Trial #110: GFLOPs: 167.7000. Time: 11926.0578 us. Best GFLOPs: 1576.2388
2024-10-27 12:52:13 [INFO] [task_scheduler.cc:131] [Task #0: main] Trial #111: GFLOPs: 1510.7346. Time: 1323.8593 us. Best GFLOPs: 1576.2388
2024-10-27 12:52:13 [INFO] [task_scheduler.cc:131] [Task #0: main] Trial #112: GFLOPs: 357.0649. Time: 5601.2225 us. Best GFLOPs: 1576.2388
2024-10-27 12:52:13 [INFO] [task_scheduler.cc:131] [Task #0: main] Trial #113: GFLOPs: 424.8413. Time: 4707.6401 us. Best GFLOPs: 1576.2388
2024-10-27 12:52:13 [INFO] [task_scheduler.cc:131] [Task #0: main] Trial #114: GFLOPs: 272.4668. Time: 7340.3441 us. Best GFLOPs: 1576.2388
2024-10-27 12:52:13 [INFO] [task_scheduler.cc:131] [Task #0: main] Trial #115: GFLOPs: 22.9082. Time: 87304.9112 us. Best GFLOPs: 1576.2388
2024-10-27 12:52:13 [INFO] [task_scheduler.cc:131] [Task #0: main] Trial #116: GFLOPs: 555.6172. Time: 3599.6008 us. Best GFLOPs: 1576.2388
2024-10-27 12:52:13 [INFO] [task_scheduler.cc:131] [Task #0: main] Trial #117: GFLOPs: 303.6895. Time: 6585.6737 us. Best GFLOPs: 1576.2388
2024-10-27 12:52:13 [INFO] [task_scheduler.cc:131] [Task #0: main] Trial #118: GFLOPs: 322.9300. Time: 6193.2924 us. Best GFLOPs: 1576.2388
2024-10-27 12:52:13 [INFO] [task_scheduler.cc:131] [Task #0: main] Trial #119: GFLOPs: 499.5782. Time: 4003.3769 us. Best GFLOPs: 1576.2388
2024-10-27 12:52:13 [INFO] [task_scheduler.cc:131] [Task #0: main] Trial #120: GFLOPs: 1296.1482. Time: 1543.0334 us. Best GFLOPs: 1576.2388
2024-10-27 12:52:13 [INFO] [task_scheduler.cc:131] [Task #0: main] Trial #121: GFLOPs: 1753.2798. Time: 1140.7193 us. Best GFLOPs: 1753.2798
2024-10-27 12:52:13 [INFO] [task_scheduler.cc:131] [Task #0: main] Trial #122: GFLOPs: 344.8373. Time: 5799.8372 us. Best GFLOPs: 1753.2798
2024-10-27 12:52:13 [INFO] [task_scheduler.cc:131] [Task #0: main] Trial #123: GFLOPs: 359.7149. Time: 5559.9592 us. Best GFLOPs: 1753.2798
2024-10-27 12:52:13 [INFO] [task_scheduler.cc:131] [Task #0: main] Trial #124: GFLOPs: 658.8913. Time: 3035.4020 us. Best GFLOPs: 1753.2798
2024-10-27 12:52:13 [INFO] [task_scheduler.cc:131] [Task #0: main] Trial #125: GFLOPs: 697.9778. Time: 2865.4206 us. Best GFLOPs: 1753.2798
2024-10-27 12:52:13 [INFO] [task_scheduler.cc:131] [Task #0: main] Trial #126: GFLOPs: 462.4050. Time: 4325.2126 us. Best GFLOPs: 1753.2798
2024-10-27 12:52:13 [INFO] [task_scheduler.cc:131] [Task #0: main] Trial #127: GFLOPs: 787.6688. Time: 2539.1383 us. Best GFLOPs: 1753.2798
2024-10-27 12:52:13 [INFO] [task_scheduler.cc:131] [Task #0: main] Trial #128: GFLOPs: 723.3198. Time: 2765.0288 us. Best GFLOPs: 1753.2798
2024-10-27 12:52:13 [INFO] [evolutionary_search.cc:713] Generating candidates......
2024-10-27 12:52:13 [INFO] [evolutionary_search.cc:715] Picked top 102 candidate(s) from database
2024-10-27 12:52:13 [INFO] [evolutionary_search.cc:533] Sample-Init-Population summary:
Postproc #0 [meta_schedule.DisallowDynamicLoop(0x555558734de8)]: 0 failure(s)
Postproc #1 [meta_schedule.RewriteParallelVectorizeUnroll(0x555558623208)]: 0 failure(s)
Postproc #2 [meta_schedule.RewriteReductionBlock(0x5555574e5088)]: 0 failure(s)
Postproc #3 [meta_schedule.RewriteLayout(0x555557533f38)]: 0 failure(s)
2024-10-27 12:52:13 [INFO] [evolutionary_search.cc:723] Sampled 410 candidate(s)
2024-10-27 12:52:14 [INFO] [evolutionary_search.cc:621] Evolve iter #0 done. Summary:
Postproc #0 [meta_schedule.DisallowDynamicLoop(0x555558734de8)]: 0 failure(s)
Postproc #1 [meta_schedule.RewriteParallelVectorizeUnroll(0x555558623208)]: 0 failure(s)
Postproc #2 [meta_schedule.RewriteReductionBlock(0x5555574e5088)]: 0 failure(s)
Postproc #3 [meta_schedule.RewriteLayout(0x555557533f38)]: 0 failure(s)
2024-10-27 12:52:15 [INFO] [evolutionary_search.cc:621] Evolve iter #1 done. Summary:
Postproc #0 [meta_schedule.DisallowDynamicLoop(0x555558734de8)]: 0 failure(s)
Postproc #1 [meta_schedule.RewriteParallelVectorizeUnroll(0x555558623208)]: 0 failure(s)
Postproc #2 [meta_schedule.RewriteReductionBlock(0x5555574e5088)]: 0 failure(s)
Postproc #3 [meta_schedule.RewriteLayout(0x555557533f38)]: 0 failure(s)
2024-10-27 12:52:15 [INFO] [evolutionary_search.cc:621] Evolve iter #2 done. Summary:
Postproc #0 [meta_schedule.DisallowDynamicLoop(0x555558734de8)]: 0 failure(s)
Postproc #1 [meta_schedule.RewriteParallelVectorizeUnroll(0x555558623208)]: 0 failure(s)
Postproc #2 [meta_schedule.RewriteReductionBlock(0x5555574e5088)]: 0 failure(s)
Postproc #3 [meta_schedule.RewriteLayout(0x555557533f38)]: 0 failure(s)
2024-10-27 12:52:16 [INFO] [evolutionary_search.cc:621] Evolve iter #3 done. Summary:
Postproc #0 [meta_schedule.DisallowDynamicLoop(0x555558734de8)]: 0 failure(s)
Postproc #1 [meta_schedule.RewriteParallelVectorizeUnroll(0x555558623208)]: 0 failure(s)
Postproc #2 [meta_schedule.RewriteReductionBlock(0x5555574e5088)]: 0 failure(s)
Postproc #3 [meta_schedule.RewriteLayout(0x555557533f38)]: 0 failure(s)
2024-10-27 12:52:17 [INFO] [evolutionary_search.cc:649] Scores of the best 64 candidates:
[1 : 16]:	0.9288  0.8845  0.8698  0.8680  0.8680  0.8680  0.8680  0.8608  0.8583  0.8572  0.8572  0.8371  0.8274  0.8252  0.8197  0.8192
[17 : 32]:	0.8045  0.8026  0.8015  0.7941  0.7931  0.7897  0.7891  0.7891  0.7879  0.7870  0.7833  0.7802  0.7800  0.7796  0.7757  0.7697
[33 : 48]:	0.7690  0.7690  0.7681  0.7484  0.7474  0.7473  0.7450  0.7431  0.7399  0.7392  0.7341  0.7276  0.7230  0.7227  0.7227  0.7224
[49 : 64]:	0.7224  0.7167  0.7161  0.7158  0.7155  0.7155  0.7150  0.7119  0.7119  0.7109  0.7109  0.7099  0.7091  0.7060  0.7052  0.7027
2024-10-27 12:52:17 [INFO] [evolutionary_search.cc:727] Got 64 candidate(s) with evolutionary search
2024-10-27 12:52:17 [INFO] [evolutionary_search.cc:730] Sending 64 candidates(s) for measurement
2024-10-27 12:53:20 [INFO] [task_scheduler.cc:131] [Task #0: main] Trial #129: GFLOPs: 1254.5337. Time: 1594.2178 us. Best GFLOPs: 1753.2798
2024-10-27 12:53:20 [INFO] [task_scheduler.cc:131] [Task #0: main] Trial #130: GFLOPs: 1938.6423. Time: 1031.6498 us. Best GFLOPs: 1938.6423
2024-10-27 12:53:20 [INFO] [task_scheduler.cc:131] [Task #0: main] Trial #131: GFLOPs: 1271.7274. Time: 1572.6641 us. Best GFLOPs: 1938.6423
2024-10-27 12:53:20 [INFO] [task_scheduler.cc:131] [Task #0: main] Trial #132: GFLOPs: 619.1039. Time: 3230.4757 us. Best GFLOPs: 1938.6423
2024-10-27 12:53:20 [INFO] [task_scheduler.cc:131] [Task #0: main] Trial #133: GFLOPs: 860.2391. Time: 2324.9351 us. Best GFLOPs: 1938.6423
2024-10-27 12:53:20 [INFO] [task_scheduler.cc:131] [Task #0: main] Trial #134: GFLOPs: 847.6084. Time: 2359.5803 us. Best GFLOPs: 1938.6423
2024-10-27 12:53:20 [INFO] [task_scheduler.cc:131] [Task #0: main] Trial #135: GFLOPs: 928.9470. Time: 2152.9755 us. Best GFLOPs: 1938.6423
2024-10-27 12:53:20 [INFO] [task_scheduler.cc:131] [Task #0: main] Trial #136: GFLOPs: 649.0046. Time: 3081.6423 us. Best GFLOPs: 1938.6423
2024-10-27 12:53:20 [INFO] [task_scheduler.cc:131] [Task #0: main] Trial #137: GFLOPs: 286.1251. Time: 6989.9496 us. Best GFLOPs: 1938.6423
2024-10-27 12:53:20 [INFO] [task_scheduler.cc:131] [Task #0: main] Trial #138: GFLOPs: 396.5482. Time: 5043.5228 us. Best GFLOPs: 1938.6423
2024-10-27 12:53:20 [INFO] [task_scheduler.cc:131] [Task #0: main] Trial #139: GFLOPs: 420.0094. Time: 4761.7987 us. Best GFLOPs: 1938.6423
2024-10-27 12:53:20 [INFO] [task_scheduler.cc:131] [Task #0: main] Trial #140: GFLOPs: 1644.8121. Time: 1215.9444 us. Best GFLOPs: 1938.6423
2024-10-27 12:53:20 [INFO] [task_scheduler.cc:131] [Task #0: main] Trial #141: GFLOPs: 465.3361. Time: 4297.9684 us. Best GFLOPs: 1938.6423
2024-10-27 12:53:20 [INFO] [task_scheduler.cc:131] [Task #0: main] Trial #142: GFLOPs: 1112.4305. Time: 1797.8651 us. Best GFLOPs: 1938.6423
2024-10-27 12:53:20 [INFO] [task_scheduler.cc:131] [Task #0: main] Trial #143: GFLOPs: 286.6416. Time: 6977.3549 us. Best GFLOPs: 1938.6423
2024-10-27 12:53:20 [INFO] [task_scheduler.cc:131] [Task #0: main] Trial #144: GFLOPs: 427.3348. Time: 4680.1714 us. Best GFLOPs: 1938.6423
2024-10-27 12:53:20 [INFO] [task_scheduler.cc:131] [Task #0: main] Trial #145: GFLOPs: 426.8532. Time: 4685.4515 us. Best GFLOPs: 1938.6423
2024-10-27 12:53:20 [INFO] [task_scheduler.cc:131] [Task #0: main] Trial #146: GFLOPs: 1722.9525. Time: 1160.7981 us. Best GFLOPs: 1938.6423
2024-10-27 12:53:20 [INFO] [task_scheduler.cc:131] [Task #0: main] Trial #147: GFLOPs: 2065.5397. Time: 968.2699 us. Best GFLOPs: 2065.5397
2024-10-27 12:53:20 [INFO] [task_scheduler.cc:131] [Task #0: main] Trial #148: GFLOPs: 1378.6746. Time: 1450.6687 us. Best GFLOPs: 2065.5397
2024-10-27 12:53:20 [INFO] [task_scheduler.cc:131] [Task #0: main] Trial #149: GFLOPs: 520.6569. Time: 3841.3013 us. Best GFLOPs: 2065.5397
2024-10-27 12:53:20 [INFO] [task_scheduler.cc:131] [Task #0: main] Trial #150: GFLOPs: 1281.2061. Time: 1561.0291 us. Best GFLOPs: 2065.5397
2024-10-27 12:53:20 [INFO] [task_scheduler.cc:131] [Task #0: main] Trial #151: GFLOPs: 494.6207. Time: 4043.5024 us. Best GFLOPs: 2065.5397
2024-10-27 12:53:20 [INFO] [task_scheduler.cc:131] [Task #0: main] Trial #152: GFLOPs: 430.8167. Time: 4642.3455 us. Best GFLOPs: 2065.5397
2024-10-27 12:53:20 [INFO] [task_scheduler.cc:131] [Task #0: main] Trial #153: GFLOPs: 369.9343. Time: 5406.3648 us. Best GFLOPs: 2065.5397
2024-10-27 12:53:20 [INFO] [task_scheduler.cc:131] [Task #0: main] Trial #154: GFLOPs: 326.2089. Time: 6131.0399 us. Best GFLOPs: 2065.5397
2024-10-27 12:53:20 [INFO] [task_scheduler.cc:131] [Task #0: main] Trial #155: GFLOPs: 526.6430. Time: 3797.6388 us. Best GFLOPs: 2065.5397
2024-10-27 12:53:20 [INFO] [task_scheduler.cc:131] [Task #0: main] Trial #156: GFLOPs: 461.5525. Time: 4333.2015 us. Best GFLOPs: 2065.5397
2024-10-27 12:53:20 [INFO] [task_scheduler.cc:131] [Task #0: main] Trial #157: GFLOPs: 433.2487. Time: 4616.2860 us. Best GFLOPs: 2065.5397
2024-10-27 12:53:20 [INFO] [task_scheduler.cc:131] [Task #0: main] Trial #158: GFLOPs: 613.8274. Time: 3258.2448 us. Best GFLOPs: 2065.5397
2024-10-27 12:53:20 [INFO] [task_scheduler.cc:131] [Task #0: main] Trial #159: GFLOPs: 470.0162. Time: 4255.1727 us. Best GFLOPs: 2065.5397
2024-10-27 12:53:20 [INFO] [task_scheduler.cc:131] [Task #0: main] Trial #160: GFLOPs: 1393.9626. Time: 1434.7587 us. Best GFLOPs: 2065.5397
2024-10-27 12:53:20 [INFO] [task_scheduler.cc:131] [Task #0: main] Trial #161: GFLOPs: 2182.0444. Time: 916.5716 us. Best GFLOPs: 2182.0444
2024-10-27 12:53:20 [INFO] [task_scheduler.cc:131] [Task #0: main] Trial #162: GFLOPs: 1074.4715. Time: 1861.3802 us. Best GFLOPs: 2182.0444
2024-10-27 12:53:20 [INFO] [task_scheduler.cc:131] [Task #0: main] Trial #163: GFLOPs: 1390.4763. Time: 1438.3561 us. Best GFLOPs: 2182.0444
2024-10-27 12:53:20 [INFO] [task_scheduler.cc:131] [Task #0: main] Trial #164: GFLOPs: 1103.5110. Time: 1812.3970 us. Best GFLOPs: 2182.0444
2024-10-27 12:53:20 [INFO] [task_scheduler.cc:131] [Task #0: main] Trial #165: GFLOPs: 469.4606. Time: 4260.2088 us. Best GFLOPs: 2182.0444
2024-10-27 12:53:20 [INFO] [task_scheduler.cc:131] [Task #0: main] Trial #166: GFLOPs: 1409.9962. Time: 1418.4435 us. Best GFLOPs: 2182.0444
2024-10-27 12:53:20 [INFO] [task_scheduler.cc:131] [Task #0: main] Trial #167: GFLOPs: 772.4109. Time: 2589.2954 us. Best GFLOPs: 2182.0444
2024-10-27 12:53:20 [INFO] [task_scheduler.cc:131] [Task #0: main] Trial #168: GFLOPs: 1445.9843. Time: 1383.1409 us. Best GFLOPs: 2182.0444
2024-10-27 12:53:20 [INFO] [task_scheduler.cc:131] [Task #0: main] Trial #169: GFLOPs: 1175.1671. Time: 1701.8857 us. Best GFLOPs: 2182.0444
2024-10-27 12:53:20 [INFO] [task_scheduler.cc:131] [Task #0: main] Trial #170: GFLOPs: 598.9993. Time: 3338.9019 us. Best GFLOPs: 2182.0444
2024-10-27 12:53:20 [INFO] [task_scheduler.cc:131] [Task #0: main] Trial #171: GFLOPs: 514.9653. Time: 3883.7571 us. Best GFLOPs: 2182.0444
2024-10-27 12:53:20 [INFO] [task_scheduler.cc:131] [Task #0: main] Trial #172: GFLOPs: 1745.9058. Time: 1145.5372 us. Best GFLOPs: 2182.0444
2024-10-27 12:53:20 [INFO] [task_scheduler.cc:131] [Task #0: main] Trial #173: GFLOPs: 436.8914. Time: 4577.7966 us. Best GFLOPs: 2182.0444
2024-10-27 12:53:20 [INFO] [task_scheduler.cc:131] [Task #0: main] Trial #174: GFLOPs: 279.9595. Time: 7143.8914 us. Best GFLOPs: 2182.0444
2024-10-27 12:53:20 [INFO] [task_scheduler.cc:131] [Task #0: main] Trial #175: GFLOPs: 281.9150. Time: 7094.3363 us. Best GFLOPs: 2182.0444
2024-10-27 12:53:20 [INFO] [task_scheduler.cc:131] [Task #0: main] Trial #176: GFLOPs: 1452.2521. Time: 1377.1714 us. Best GFLOPs: 2182.0444
2024-10-27 12:53:20 [INFO] [task_scheduler.cc:131] [Task #0: main] Trial #177: GFLOPs: 1320.3240. Time: 1514.7797 us. Best GFLOPs: 2182.0444
2024-10-27 12:53:20 [INFO] [task_scheduler.cc:131] [Task #0: main] Trial #178: GFLOPs: 348.7242. Time: 5735.1908 us. Best GFLOPs: 2182.0444
2024-10-27 12:53:20 [INFO] [task_scheduler.cc:131] [Task #0: main] Trial #179: GFLOPs: 544.2721. Time: 3674.6324 us. Best GFLOPs: 2182.0444
2024-10-27 12:53:20 [INFO] [task_scheduler.cc:131] [Task #0: main] Trial #180: GFLOPs: 563.2125. Time: 3551.0575 us. Best GFLOPs: 2182.0444
2024-10-27 12:53:20 [INFO] [task_scheduler.cc:131] [Task #0: main] Trial #181: GFLOPs: 1504.2647. Time: 1329.5532 us. Best GFLOPs: 2182.0444
2024-10-27 12:53:20 [INFO] [task_scheduler.cc:131] [Task #0: main] Trial #182: GFLOPs: 1261.2239. Time: 1585.7612 us. Best GFLOPs: 2182.0444
2024-10-27 12:53:20 [INFO] [task_scheduler.cc:131] [Task #0: main] Trial #183: GFLOPs: 1097.0788. Time: 1823.0231 us. Best GFLOPs: 2182.0444
2024-10-27 12:53:20 [INFO] [task_scheduler.cc:131] [Task #0: main] Trial #184: GFLOPs: 211.0502. Time: 9476.4188 us. Best GFLOPs: 2182.0444
2024-10-27 12:53:20 [INFO] [task_scheduler.cc:131] [Task #0: main] Trial #185: GFLOPs: 345.6301. Time: 5786.5336 us. Best GFLOPs: 2182.0444
2024-10-27 12:53:20 [INFO] [task_scheduler.cc:131] [Task #0: main] Trial #186: GFLOPs: 1340.1894. Time: 1492.3264 us. Best GFLOPs: 2182.0444
2024-10-27 12:53:20 [INFO] [task_scheduler.cc:131] [Task #0: main] Trial #187: GFLOPs: 467.4307. Time: 4278.7093 us. Best GFLOPs: 2182.0444
2024-10-27 12:53:20 [INFO] [task_scheduler.cc:131] [Task #0: main] Trial #188: GFLOPs: 565.7443. Time: 3535.1658 us. Best GFLOPs: 2182.0444
2024-10-27 12:53:20 [INFO] [task_scheduler.cc:131] [Task #0: main] Trial #189: GFLOPs: 560.2731. Time: 3569.6878 us. Best GFLOPs: 2182.0444
2024-10-27 12:53:20 [INFO] [task_scheduler.cc:131] [Task #0: main] Trial #190: GFLOPs: 333.5394. Time: 5996.2927 us. Best GFLOPs: 2182.0444
2024-10-27 12:53:20 [INFO] [task_scheduler.cc:131] [Task #0: main] Trial #191: GFLOPs: 924.0605. Time: 2164.3604 us. Best GFLOPs: 2182.0444
2024-10-27 12:53:20 [INFO] [task_scheduler.cc:131] [Task #0: main] Trial #192: GFLOPs: 91.3434. Time: 21895.3869 us. Best GFLOPs: 2182.0444
2024-10-27 12:53:20 [INFO] [evolutionary_search.cc:713] Generating candidates......
2024-10-27 12:53:20 [INFO] [evolutionary_search.cc:715] Picked top 102 candidate(s) from database
2024-10-27 12:53:20 [INFO] [evolutionary_search.cc:533] Sample-Init-Population summary:
Postproc #0 [meta_schedule.DisallowDynamicLoop(0x555558734de8)]: 0 failure(s)
Postproc #1 [meta_schedule.RewriteParallelVectorizeUnroll(0x555558623208)]: 0 failure(s)
Postproc #2 [meta_schedule.RewriteReductionBlock(0x5555574e5088)]: 0 failure(s)
Postproc #3 [meta_schedule.RewriteLayout(0x555557533f38)]: 0 failure(s)
2024-10-27 12:53:20 [INFO] [evolutionary_search.cc:723] Sampled 410 candidate(s)
2024-10-27 12:53:21 [INFO] [evolutionary_search.cc:621] Evolve iter #0 done. Summary:
Postproc #0 [meta_schedule.DisallowDynamicLoop(0x555558734de8)]: 0 failure(s)
Postproc #1 [meta_schedule.RewriteParallelVectorizeUnroll(0x555558623208)]: 0 failure(s)
Postproc #2 [meta_schedule.RewriteReductionBlock(0x5555574e5088)]: 0 failure(s)
Postproc #3 [meta_schedule.RewriteLayout(0x555557533f38)]: 0 failure(s)
2024-10-27 12:53:22 [INFO] [evolutionary_search.cc:621] Evolve iter #1 done. Summary:
Postproc #0 [meta_schedule.DisallowDynamicLoop(0x555558734de8)]: 0 failure(s)
Postproc #1 [meta_schedule.RewriteParallelVectorizeUnroll(0x555558623208)]: 0 failure(s)
Postproc #2 [meta_schedule.RewriteReductionBlock(0x5555574e5088)]: 0 failure(s)
Postproc #3 [meta_schedule.RewriteLayout(0x555557533f38)]: 0 failure(s)
2024-10-27 12:53:23 [INFO] [evolutionary_search.cc:621] Evolve iter #2 done. Summary:
Postproc #0 [meta_schedule.DisallowDynamicLoop(0x555558734de8)]: 0 failure(s)
Postproc #1 [meta_schedule.RewriteParallelVectorizeUnroll(0x555558623208)]: 0 failure(s)
Postproc #2 [meta_schedule.RewriteReductionBlock(0x5555574e5088)]: 0 failure(s)
Postproc #3 [meta_schedule.RewriteLayout(0x555557533f38)]: 0 failure(s)
2024-10-27 12:53:23 [INFO] [evolutionary_search.cc:621] Evolve iter #3 done. Summary:
Postproc #0 [meta_schedule.DisallowDynamicLoop(0x555558734de8)]: 0 failure(s)
Postproc #1 [meta_schedule.RewriteParallelVectorizeUnroll(0x555558623208)]: 0 failure(s)
Postproc #2 [meta_schedule.RewriteReductionBlock(0x5555574e5088)]: 0 failure(s)
Postproc #3 [meta_schedule.RewriteLayout(0x555557533f38)]: 0 failure(s)
2024-10-27 12:53:24 [INFO] [evolutionary_search.cc:649] Scores of the best 64 candidates:
[1 : 16]:	0.9180  0.8331  0.8331  0.7982  0.7831  0.7703  0.7609  0.7564  0.7564  0.7541  0.7353  0.7172  0.7111  0.7034  0.7034  0.6887
[17 : 32]:	0.6887  0.6771  0.6760  0.6757  0.6713  0.6713  0.6573  0.6480  0.6480  0.6476  0.6450  0.6397  0.6397  0.6397  0.6371  0.6305
[33 : 48]:	0.6232  0.6196  0.6164  0.6132  0.6026  0.6021  0.6020  0.5990  0.5990  0.5975  0.5972  0.5968  0.5960  0.5951  0.5918  0.5912
[49 : 64]:	0.5912  0.5873  0.5856  0.5824  0.5804  0.5798  0.5794  0.5789  0.5757  0.5745  0.5731  0.5707  0.5688  0.5681  0.5673  0.5661
2024-10-27 12:53:24 [INFO] [evolutionary_search.cc:727] Got 64 candidate(s) with evolutionary search
2024-10-27 12:53:24 [INFO] [evolutionary_search.cc:730] Sending 64 candidates(s) for measurement
2024-10-27 12:54:27 [INFO] [task_scheduler.cc:131] [Task #0: main] Trial #193: GFLOPs: 1445.8363. Time: 1383.2824 us. Best GFLOPs: 2182.0444
2024-10-27 12:54:27 [INFO] [task_scheduler.cc:131] [Task #0: main] Trial #194: GFLOPs: 1883.5019. Time: 1061.8519 us. Best GFLOPs: 2182.0444
2024-10-27 12:54:27 [INFO] [task_scheduler.cc:131] [Task #0: main] Trial #195: GFLOPs: 1387.0963. Time: 1441.8609 us. Best GFLOPs: 2182.0444
2024-10-27 12:54:27 [INFO] [task_scheduler.cc:131] [Task #0: main] Trial #196: GFLOPs: 1747.5924. Time: 1144.4316 us. Best GFLOPs: 2182.0444
2024-10-27 12:54:27 [INFO] [task_scheduler.cc:131] [Task #0: main] Trial #197: GFLOPs: 1849.0204. Time: 1081.6538 us. Best GFLOPs: 2182.0444
2024-10-27 12:54:27 [INFO] [task_scheduler.cc:131] [Task #0: main] Trial #198: GFLOPs: 1556.5918. Time: 1284.8583 us. Best GFLOPs: 2182.0444
2024-10-27 12:54:27 [INFO] [task_scheduler.cc:131] [Task #0: main] Trial #199: GFLOPs: 1874.5933. Time: 1066.8981 us. Best GFLOPs: 2182.0444
2024-10-27 12:54:27 [INFO] [task_scheduler.cc:131] [Task #0: main] Trial #200: GFLOPs: 974.2474. Time: 2052.8666 us. Best GFLOPs: 2182.0444
2024-10-27 12:54:27 [INFO] [task_scheduler.cc:131] [Task #0: main] Trial #201: GFLOPs: 1255.9711. Time: 1592.3933 us. Best GFLOPs: 2182.0444
2024-10-27 12:54:27 [INFO] [task_scheduler.cc:131] [Task #0: main] Trial #202: GFLOPs: 702.9727. Time: 2845.0606 us. Best GFLOPs: 2182.0444
2024-10-27 12:54:27 [INFO] [task_scheduler.cc:131] [Task #0: main] Trial #203: GFLOPs: 1975.5962. Time: 1012.3526 us. Best GFLOPs: 2182.0444
2024-10-27 12:54:27 [INFO] [task_scheduler.cc:131] [Task #0: main] Trial #204: GFLOPs: 1100.2378. Time: 1817.7888 us. Best GFLOPs: 2182.0444
2024-10-27 12:54:27 [INFO] [task_scheduler.cc:131] [Task #0: main] Trial #205: GFLOPs: 1780.5496. Time: 1123.2487 us. Best GFLOPs: 2182.0444
2024-10-27 12:54:27 [INFO] [task_scheduler.cc:131] [Task #0: main] Trial #206: GFLOPs: 1823.0625. Time: 1097.0551 us. Best GFLOPs: 2182.0444
2024-10-27 12:54:27 [INFO] [task_scheduler.cc:131] [Task #0: main] Trial #207: GFLOPs: 1799.6728. Time: 1111.3131 us. Best GFLOPs: 2182.0444
2024-10-27 12:54:27 [INFO] [task_scheduler.cc:131] [Task #0: main] Trial #208: GFLOPs: 1947.2556. Time: 1027.0865 us. Best GFLOPs: 2182.0444
2024-10-27 12:54:27 [INFO] [task_scheduler.cc:131] [Task #0: main] Trial #209: GFLOPs: 1941.8917. Time: 1029.9235 us. Best GFLOPs: 2182.0444
2024-10-27 12:54:27 [INFO] [task_scheduler.cc:131] [Task #0: main] Trial #210: GFLOPs: 2325.5386. Time: 860.0158 us. Best GFLOPs: 2325.5386
2024-10-27 12:54:27 [INFO] [task_scheduler.cc:131] [Task #0: main] Trial #211: GFLOPs: 1329.8310. Time: 1503.9506 us. Best GFLOPs: 2325.5386
2024-10-27 12:54:27 [INFO] [task_scheduler.cc:131] [Task #0: main] Trial #212: GFLOPs: 849.5472. Time: 2354.1954 us. Best GFLOPs: 2325.5386
2024-10-27 12:54:27 [INFO] [task_scheduler.cc:131] [Task #0: main] Trial #213: GFLOPs: 1524.5925. Time: 1311.8259 us. Best GFLOPs: 2325.5386
2024-10-27 12:54:27 [INFO] [task_scheduler.cc:131] [Task #0: main] Trial #214: GFLOPs: 1438.3853. Time: 1390.4480 us. Best GFLOPs: 2325.5386
2024-10-27 12:54:27 [INFO] [task_scheduler.cc:131] [Task #0: main] Trial #215: GFLOPs: 1734.1808. Time: 1153.2823 us. Best GFLOPs: 2325.5386
2024-10-27 12:54:27 [INFO] [task_scheduler.cc:131] [Task #0: main] Trial #216: GFLOPs: 1253.9409. Time: 1594.9715 us. Best GFLOPs: 2325.5386
2024-10-27 12:54:27 [INFO] [task_scheduler.cc:131] [Task #0: main] Trial #217: GFLOPs: 1538.5413. Time: 1299.9326 us. Best GFLOPs: 2325.5386
2024-10-27 12:54:27 [INFO] [task_scheduler.cc:131] [Task #0: main] Trial #218: GFLOPs: 1135.7830. Time: 1760.8997 us. Best GFLOPs: 2325.5386
2024-10-27 12:54:27 [INFO] [task_scheduler.cc:131] [Task #0: main] Trial #219: GFLOPs: 1516.0304. Time: 1319.2347 us. Best GFLOPs: 2325.5386
2024-10-27 12:54:27 [INFO] [task_scheduler.cc:131] [Task #0: main] Trial #220: GFLOPs: 1496.5320. Time: 1336.4232 us. Best GFLOPs: 2325.5386
2024-10-27 12:54:27 [INFO] [task_scheduler.cc:131] [Task #0: main] Trial #221: GFLOPs: 988.8992. Time: 2022.4508 us. Best GFLOPs: 2325.5386
2024-10-27 12:54:27 [INFO] [task_scheduler.cc:131] [Task #0: main] Trial #222: GFLOPs: 846.6753. Time: 2362.1805 us. Best GFLOPs: 2325.5386
2024-10-27 12:54:27 [INFO] [task_scheduler.cc:131] [Task #0: main] Trial #223: GFLOPs: 702.6011. Time: 2846.5656 us. Best GFLOPs: 2325.5386
2024-10-27 12:54:27 [INFO] [task_scheduler.cc:131] [Task #0: main] Trial #224: GFLOPs: 1962.8647. Time: 1018.9189 us. Best GFLOPs: 2325.5386
2024-10-27 12:54:27 [INFO] [task_scheduler.cc:131] [Task #0: main] Trial #225: GFLOPs: 1118.3654. Time: 1788.3243 us. Best GFLOPs: 2325.5386
2024-10-27 12:54:27 [INFO] [task_scheduler.cc:131] [Task #0: main] Trial #226: GFLOPs: 1425.4816. Time: 1403.0346 us. Best GFLOPs: 2325.5386
2024-10-27 12:54:27 [INFO] [task_scheduler.cc:131] [Task #0: main] Trial #227: GFLOPs: 1586.6781. Time: 1260.4951 us. Best GFLOPs: 2325.5386
2024-10-27 12:54:27 [INFO] [task_scheduler.cc:131] [Task #0: main] Trial #228: GFLOPs: 1780.6172. Time: 1123.2060 us. Best GFLOPs: 2325.5386
2024-10-27 12:54:27 [INFO] [task_scheduler.cc:131] [Task #0: main] Trial #229: GFLOPs: 699.4546. Time: 2859.3709 us. Best GFLOPs: 2325.5386
2024-10-27 12:54:27 [INFO] [task_scheduler.cc:131] [Task #0: main] Trial #230: GFLOPs: 372.5724. Time: 5368.0835 us. Best GFLOPs: 2325.5386
2024-10-27 12:54:27 [INFO] [task_scheduler.cc:131] [Task #0: main] Trial #231: GFLOPs: 785.3393. Time: 2546.6698 us. Best GFLOPs: 2325.5386
2024-10-27 12:54:27 [INFO] [task_scheduler.cc:131] [Task #0: main] Trial #232: GFLOPs: 1259.6111. Time: 1587.7917 us. Best GFLOPs: 2325.5386
2024-10-27 12:54:27 [INFO] [task_scheduler.cc:131] [Task #0: main] Trial #233: GFLOPs: 1270.3247. Time: 1574.4007 us. Best GFLOPs: 2325.5386
2024-10-27 12:54:27 [INFO] [task_scheduler.cc:131] [Task #0: main] Trial #234: GFLOPs: 831.3069. Time: 2405.8503 us. Best GFLOPs: 2325.5386
2024-10-27 12:54:27 [INFO] [task_scheduler.cc:131] [Task #0: main] Trial #235: GFLOPs: 838.3339. Time: 2385.6843 us. Best GFLOPs: 2325.5386
2024-10-27 12:54:27 [INFO] [task_scheduler.cc:131] [Task #0: main] Trial #236: GFLOPs: 512.7452. Time: 3900.5725 us. Best GFLOPs: 2325.5386
2024-10-27 12:54:27 [INFO] [task_scheduler.cc:131] [Task #0: main] Trial #237: GFLOPs: 608.9888. Time: 3284.1329 us. Best GFLOPs: 2325.5386
2024-10-27 12:54:27 [INFO] [task_scheduler.cc:131] [Task #0: main] Trial #238: GFLOPs: 569.7717. Time: 3510.1777 us. Best GFLOPs: 2325.5386
2024-10-27 12:54:27 [INFO] [task_scheduler.cc:131] [Task #0: main] Trial #239: GFLOPs: 634.5076. Time: 3152.0507 us. Best GFLOPs: 2325.5386
2024-10-27 12:54:27 [INFO] [task_scheduler.cc:131] [Task #0: main] Trial #240: GFLOPs: 1325.8951. Time: 1508.4150 us. Best GFLOPs: 2325.5386
2024-10-27 12:54:27 [INFO] [task_scheduler.cc:131] [Task #0: main] Trial #241: GFLOPs: 827.9798. Time: 2415.5180 us. Best GFLOPs: 2325.5386
2024-10-27 12:54:27 [INFO] [task_scheduler.cc:131] [Task #0: main] Trial #242: GFLOPs: 1381.6446. Time: 1447.5503 us. Best GFLOPs: 2325.5386
2024-10-27 12:54:27 [INFO] [task_scheduler.cc:131] [Task #0: main] Trial #243: GFLOPs: 578.5014. Time: 3457.2087 us. Best GFLOPs: 2325.5386
2024-10-27 12:54:27 [INFO] [task_scheduler.cc:131] [Task #0: main] Trial #244: GFLOPs: 764.0084. Time: 2617.7723 us. Best GFLOPs: 2325.5386
2024-10-27 12:54:27 [INFO] [task_scheduler.cc:131] [Task #0: main] Trial #245: GFLOPs: 1469.0357. Time: 1361.4373 us. Best GFLOPs: 2325.5386
2024-10-27 12:54:27 [INFO] [task_scheduler.cc:131] [Task #0: main] Trial #246: GFLOPs: 964.9446. Time: 2072.6577 us. Best GFLOPs: 2325.5386
2024-10-27 12:54:27 [INFO] [task_scheduler.cc:131] [Task #0: main] Trial #247: GFLOPs: 1941.3890. Time: 1030.1902 us. Best GFLOPs: 2325.5386
2024-10-27 12:54:27 [INFO] [task_scheduler.cc:131] [Task #0: main] Trial #248: GFLOPs: 1767.4753. Time: 1131.5575 us. Best GFLOPs: 2325.5386
2024-10-27 12:54:27 [INFO] [task_scheduler.cc:131] [Task #0: main] Trial #249: GFLOPs: 1343.7956. Time: 1488.3216 us. Best GFLOPs: 2325.5386
2024-10-27 12:54:27 [INFO] [task_scheduler.cc:131] [Task #0: main] Trial #250: GFLOPs: 2059.4670. Time: 971.1251 us. Best GFLOPs: 2325.5386
2024-10-27 12:54:27 [INFO] [task_scheduler.cc:131] [Task #0: main] Trial #251: GFLOPs: 1125.5952. Time: 1776.8377 us. Best GFLOPs: 2325.5386
2024-10-27 12:54:27 [INFO] [task_scheduler.cc:131] [Task #0: main] Trial #252: GFLOPs: 1030.5607. Time: 1940.6912 us. Best GFLOPs: 2325.5386
2024-10-27 12:54:27 [INFO] [task_scheduler.cc:131] [Task #0: main] Trial #253: GFLOPs: 828.0338. Time: 2415.3604 us. Best GFLOPs: 2325.5386
2024-10-27 12:54:27 [INFO] [task_scheduler.cc:131] [Task #0: main] Trial #254: GFLOPs: 355.6598. Time: 5623.3506 us. Best GFLOPs: 2325.5386
2024-10-27 12:54:27 [INFO] [task_scheduler.cc:131] [Task #0: main] Trial #255: GFLOPs: 1157.2877. Time: 1728.1788 us. Best GFLOPs: 2325.5386
2024-10-27 12:54:27 [INFO] [task_scheduler.cc:131] [Task #0: main] Trial #256: GFLOPs: 684.7765. Time: 2920.6609 us. Best GFLOPs: 2325.5386
2024-10-27 12:54:27 [INFO] [evolutionary_search.cc:713] Generating candidates......
2024-10-27 12:54:27 [INFO] [evolutionary_search.cc:715] Picked top 102 candidate(s) from database
2024-10-27 12:54:28 [INFO] [evolutionary_search.cc:533] Sample-Init-Population summary:
Postproc #0 [meta_schedule.DisallowDynamicLoop(0x555558734de8)]: 0 failure(s)
Postproc #1 [meta_schedule.RewriteParallelVectorizeUnroll(0x555558623208)]: 0 failure(s)
Postproc #2 [meta_schedule.RewriteReductionBlock(0x5555574e5088)]: 0 failure(s)
Postproc #3 [meta_schedule.RewriteLayout(0x555557533f38)]: 0 failure(s)
2024-10-27 12:54:28 [INFO] [evolutionary_search.cc:723] Sampled 410 candidate(s)
2024-10-27 12:54:28 [INFO] [evolutionary_search.cc:621] Evolve iter #0 done. Summary:
Postproc #0 [meta_schedule.DisallowDynamicLoop(0x555558734de8)]: 0 failure(s)
Postproc #1 [meta_schedule.RewriteParallelVectorizeUnroll(0x555558623208)]: 0 failure(s)
Postproc #2 [meta_schedule.RewriteReductionBlock(0x5555574e5088)]: 0 failure(s)
Postproc #3 [meta_schedule.RewriteLayout(0x555557533f38)]: 0 failure(s)
2024-10-27 12:54:29 [INFO] [evolutionary_search.cc:621] Evolve iter #1 done. Summary:
Postproc #0 [meta_schedule.DisallowDynamicLoop(0x555558734de8)]: 0 failure(s)
Postproc #1 [meta_schedule.RewriteParallelVectorizeUnroll(0x555558623208)]: 0 failure(s)
Postproc #2 [meta_schedule.RewriteReductionBlock(0x5555574e5088)]: 0 failure(s)
Postproc #3 [meta_schedule.RewriteLayout(0x555557533f38)]: 0 failure(s)
2024-10-27 12:54:30 [INFO] [evolutionary_search.cc:621] Evolve iter #2 done. Summary:
Postproc #0 [meta_schedule.DisallowDynamicLoop(0x555558734de8)]: 0 failure(s)
Postproc #1 [meta_schedule.RewriteParallelVectorizeUnroll(0x555558623208)]: 0 failure(s)
Postproc #2 [meta_schedule.RewriteReductionBlock(0x5555574e5088)]: 0 failure(s)
Postproc #3 [meta_schedule.RewriteLayout(0x555557533f38)]: 0 failure(s)
2024-10-27 12:54:31 [INFO] [evolutionary_search.cc:621] Evolve iter #3 done. Summary:
Postproc #0 [meta_schedule.DisallowDynamicLoop(0x555558734de8)]: 0 failure(s)
Postproc #1 [meta_schedule.RewriteParallelVectorizeUnroll(0x555558623208)]: 0 failure(s)
Postproc #2 [meta_schedule.RewriteReductionBlock(0x5555574e5088)]: 0 failure(s)
Postproc #3 [meta_schedule.RewriteLayout(0x555557533f38)]: 0 failure(s)
2024-10-27 12:54:31 [INFO] [evolutionary_search.cc:649] Scores of the best 64 candidates:
[1 : 16]:	0.9422  0.8843  0.8710  0.8676  0.8672  0.8435  0.8435  0.8435  0.8435  0.8423  0.8286  0.8138  0.8054  0.7925  0.7805  0.7805
[17 : 32]:	0.7792  0.7722  0.7697  0.7662  0.7650  0.7630  0.7561  0.7535  0.7529  0.7430  0.7426  0.7382  0.7353  0.7352  0.7352  0.7339
[33 : 48]:	0.7318  0.7306  0.7306  0.7251  0.7168  0.7102  0.7102  0.7083  0.7042  0.7028  0.7028  0.7028  0.7012  0.6986  0.6986  0.6958
[49 : 64]:	0.6948  0.6929  0.6929  0.6928  0.6881  0.6878  0.6878  0.6848  0.6847  0.6809  0.6746  0.6741  0.6741  0.6741  0.6735  0.6721
2024-10-27 12:54:31 [INFO] [evolutionary_search.cc:727] Got 64 candidate(s) with evolutionary search
2024-10-27 12:54:31 [INFO] [evolutionary_search.cc:730] Sending 64 candidates(s) for measurement
2024-10-27 12:55:37 [INFO] [task_scheduler.cc:131] [Task #0: main] Trial #257: GFLOPs: 1110.1783. Time: 1801.5124 us. Best GFLOPs: 2325.5386
2024-10-27 12:55:37 [INFO] [task_scheduler.cc:131] [Task #0: main] Trial #258: GFLOPs: 866.6337. Time: 2307.7802 us. Best GFLOPs: 2325.5386
2024-10-27 12:55:37 [INFO] [task_scheduler.cc:131] [Task #0: main] Trial #259: GFLOPs: 1204.2284. Time: 1660.8145 us. Best GFLOPs: 2325.5386
2024-10-27 12:55:37 [INFO] [task_scheduler.cc:131] [Task #0: main] Trial #260: GFLOPs: 2063.3776. Time: 969.2846 us. Best GFLOPs: 2325.5386
2024-10-27 12:55:37 [INFO] [task_scheduler.cc:131] [Task #0: main] Trial #261: GFLOPs: 1466.5235. Time: 1363.7695 us. Best GFLOPs: 2325.5386
2024-10-27 12:55:37 [INFO] [task_scheduler.cc:131] [Task #0: main] Trial #262: GFLOPs: 928.7447. Time: 2153.4444 us. Best GFLOPs: 2325.5386
2024-10-27 12:55:37 [INFO] [task_scheduler.cc:131] [Task #0: main] Trial #263: GFLOPs: 1194.5766. Time: 1674.2334 us. Best GFLOPs: 2325.5386
2024-10-27 12:55:37 [INFO] [task_scheduler.cc:131] [Task #0: main] Trial #264: GFLOPs: 1297.5018. Time: 1541.4237 us. Best GFLOPs: 2325.5386
2024-10-27 12:55:37 [INFO] [task_scheduler.cc:131] [Task #0: main] Trial #265: GFLOPs: 1239.2282. Time: 1613.9077 us. Best GFLOPs: 2325.5386
2024-10-27 12:55:37 [INFO] [task_scheduler.cc:131] [Task #0: main] Trial #266: GFLOPs: 1604.1325. Time: 1246.7798 us. Best GFLOPs: 2325.5386
2024-10-27 12:55:37 [INFO] [task_scheduler.cc:131] [Task #0: main] Trial #267: GFLOPs: 1945.9920. Time: 1027.7535 us. Best GFLOPs: 2325.5386
2024-10-27 12:55:37 [INFO] [task_scheduler.cc:131] [Task #0: main] Trial #268: GFLOPs: 2128.6918. Time: 939.5442 us. Best GFLOPs: 2325.5386
2024-10-27 12:55:37 [INFO] [task_scheduler.cc:131] [Task #0: main] Trial #269: GFLOPs: 1830.3888. Time: 1092.6640 us. Best GFLOPs: 2325.5386
2024-10-27 12:55:37 [INFO] [task_scheduler.cc:131] [Task #0: main] Trial #270: GFLOPs: 1712.4540. Time: 1167.9146 us. Best GFLOPs: 2325.5386
2024-10-27 12:55:37 [INFO] [task_scheduler.cc:131] [Task #0: main] Trial #271: GFLOPs: 2071.7532. Time: 965.3659 us. Best GFLOPs: 2325.5386
2024-10-27 12:55:37 [INFO] [task_scheduler.cc:131] [Task #0: main] Trial #272: GFLOPs: 2235.0328. Time: 894.8415 us. Best GFLOPs: 2325.5386
2024-10-27 12:55:37 [INFO] [task_scheduler.cc:131] [Task #0: main] Trial #273: GFLOPs: 1954.0512. Time: 1023.5146 us. Best GFLOPs: 2325.5386
2024-10-27 12:55:37 [INFO] [task_scheduler.cc:131] [Task #0: main] Trial #274: GFLOPs: 1886.8621. Time: 1059.9609 us. Best GFLOPs: 2325.5386
2024-10-27 12:55:37 [INFO] [task_scheduler.cc:131] [Task #0: main] Trial #275: GFLOPs: 1859.7386. Time: 1075.4200 us. Best GFLOPs: 2325.5386
2024-10-27 12:55:37 [INFO] [task_scheduler.cc:131] [Task #0: main] Trial #276: GFLOPs: 1679.0053. Time: 1191.1815 us. Best GFLOPs: 2325.5386
2024-10-27 12:55:37 [INFO] [task_scheduler.cc:131] [Task #0: main] Trial #277: GFLOPs: 1212.7327. Time: 1649.1680 us. Best GFLOPs: 2325.5386
2024-10-27 12:55:37 [INFO] [task_scheduler.cc:131] [Task #0: main] Trial #278: GFLOPs: 1665.1921. Time: 1201.0626 us. Best GFLOPs: 2325.5386
2024-10-27 12:55:37 [INFO] [task_scheduler.cc:131] [Task #0: main] Trial #279: GFLOPs: 1087.1866. Time: 1839.6105 us. Best GFLOPs: 2325.5386
2024-10-27 12:55:37 [INFO] [task_scheduler.cc:131] [Task #0: main] Trial #280: GFLOPs: 2002.0970. Time: 998.9526 us. Best GFLOPs: 2325.5386
2024-10-27 12:55:37 [INFO] [task_scheduler.cc:131] [Task #0: main] Trial #281: GFLOPs: 1326.2525. Time: 1508.0085 us. Best GFLOPs: 2325.5386
2024-10-27 12:55:37 [INFO] [task_scheduler.cc:131] [Task #0: main] Trial #282: GFLOPs: 1866.3161. Time: 1071.6298 us. Best GFLOPs: 2325.5386
2024-10-27 12:55:37 [INFO] [task_scheduler.cc:131] [Task #0: main] Trial #283: GFLOPs: 775.1443. Time: 2580.1648 us. Best GFLOPs: 2325.5386
2024-10-27 12:55:37 [INFO] [task_scheduler.cc:131] [Task #0: main] Trial #284: GFLOPs: 2150.6129. Time: 929.9675 us. Best GFLOPs: 2325.5386
2024-10-27 12:55:37 [INFO] [task_scheduler.cc:131] [Task #0: main] Trial #285: GFLOPs: 1493.5311. Time: 1339.1083 us. Best GFLOPs: 2325.5386
2024-10-27 12:55:37 [INFO] [task_scheduler.cc:131] [Task #0: main] Trial #286: GFLOPs: 1996.8728. Time: 1001.5660 us. Best GFLOPs: 2325.5386
2024-10-27 12:55:37 [INFO] [task_scheduler.cc:131] [Task #0: main] Trial #287: GFLOPs: 1706.1160. Time: 1172.2532 us. Best GFLOPs: 2325.5386
2024-10-27 12:55:37 [INFO] [task_scheduler.cc:131] [Task #0: main] Trial #288: GFLOPs: 1745.8642. Time: 1145.5645 us. Best GFLOPs: 2325.5386
2024-10-27 12:55:37 [INFO] [task_scheduler.cc:131] [Task #0: main] Trial #289: GFLOPs: 1927.1574. Time: 1037.7979 us. Best GFLOPs: 2325.5386
2024-10-27 12:55:37 [INFO] [task_scheduler.cc:131] [Task #0: main] Trial #290: GFLOPs: 2153.1543. Time: 928.8698 us. Best GFLOPs: 2325.5386
2024-10-27 12:55:37 [INFO] [task_scheduler.cc:131] [Task #0: main] Trial #291: GFLOPs: 2134.2977. Time: 937.0764 us. Best GFLOPs: 2325.5386
2024-10-27 12:55:37 [INFO] [task_scheduler.cc:131] [Task #0: main] Trial #292: GFLOPs: 1704.0372. Time: 1173.6833 us. Best GFLOPs: 2325.5386
2024-10-27 12:55:37 [INFO] [task_scheduler.cc:131] [Task #0: main] Trial #293: GFLOPs: 1566.1017. Time: 1277.0563 us. Best GFLOPs: 2325.5386
2024-10-27 12:55:37 [INFO] [task_scheduler.cc:131] [Task #0: main] Trial #294: GFLOPs: 1552.7962. Time: 1287.9990 us. Best GFLOPs: 2325.5386
2024-10-27 12:55:37 [INFO] [task_scheduler.cc:131] [Task #0: main] Trial #295: GFLOPs: 1596.1209. Time: 1253.0379 us. Best GFLOPs: 2325.5386
2024-10-27 12:55:37 [INFO] [task_scheduler.cc:131] [Task #0: main] Trial #296: GFLOPs: 670.4594. Time: 2983.0293 us. Best GFLOPs: 2325.5386
2024-10-27 12:55:37 [INFO] [task_scheduler.cc:131] [Task #0: main] Trial #297: GFLOPs: 2092.0745. Time: 955.9889 us. Best GFLOPs: 2325.5386
2024-10-27 12:55:37 [INFO] [task_scheduler.cc:131] [Task #0: main] Trial #298: GFLOPs: 1765.3535. Time: 1132.9176 us. Best GFLOPs: 2325.5386
2024-10-27 12:55:37 [INFO] [task_scheduler.cc:131] [Task #0: main] Trial #299: GFLOPs: 1651.7676. Time: 1210.8241 us. Best GFLOPs: 2325.5386
2024-10-27 12:55:37 [INFO] [task_scheduler.cc:131] [Task #0: main] Trial #300: GFLOPs: 1817.8027. Time: 1100.2294 us. Best GFLOPs: 2325.5386
2024-10-27 12:55:37 [INFO] [task_scheduler.cc:131] [Task #0: main] Trial #301: GFLOPs: 2077.9394. Time: 962.4920 us. Best GFLOPs: 2325.5386
2024-10-27 12:55:37 [INFO] [task_scheduler.cc:131] [Task #0: main] Trial #302: GFLOPs: 2039.9659. Time: 980.4086 us. Best GFLOPs: 2325.5386
2024-10-27 12:55:37 [INFO] [task_scheduler.cc:131] [Task #0: main] Trial #303: GFLOPs: 1813.7528. Time: 1102.6861 us. Best GFLOPs: 2325.5386
2024-10-27 12:55:37 [INFO] [task_scheduler.cc:131] [Task #0: main] Trial #304: GFLOPs: 1635.9218. Time: 1222.5523 us. Best GFLOPs: 2325.5386
2024-10-27 12:55:37 [INFO] [task_scheduler.cc:131] [Task #0: main] Trial #305: GFLOPs: 1756.9570. Time: 1138.3318 us. Best GFLOPs: 2325.5386
2024-10-27 12:55:37 [INFO] [task_scheduler.cc:131] [Task #0: main] Trial #306: GFLOPs: 1591.3465. Time: 1256.7973 us. Best GFLOPs: 2325.5386
2024-10-27 12:55:37 [INFO] [task_scheduler.cc:131] [Task #0: main] Trial #307: GFLOPs: 1706.4600. Time: 1172.0169 us. Best GFLOPs: 2325.5386
2024-10-27 12:55:37 [INFO] [task_scheduler.cc:131] [Task #0: main] Trial #308: GFLOPs: 1986.7607. Time: 1006.6637 us. Best GFLOPs: 2325.5386
2024-10-27 12:55:37 [INFO] [task_scheduler.cc:131] [Task #0: main] Trial #309: GFLOPs: 1548.5771. Time: 1291.5081 us. Best GFLOPs: 2325.5386
2024-10-27 12:55:37 [INFO] [task_scheduler.cc:131] [Task #0: main] Trial #310: GFLOPs: 2072.7141. Time: 964.9184 us. Best GFLOPs: 2325.5386
2024-10-27 12:55:37 [INFO] [task_scheduler.cc:131] [Task #0: main] Trial #311: GFLOPs: 2254.6291. Time: 887.0639 us. Best GFLOPs: 2325.5386
2024-10-27 12:55:37 [INFO] [task_scheduler.cc:131] [Task #0: main] Trial #312: GFLOPs: 1691.6141. Time: 1182.3027 us. Best GFLOPs: 2325.5386
2024-10-27 12:55:37 [INFO] [task_scheduler.cc:131] [Task #0: main] Trial #313: GFLOPs: 1728.1093. Time: 1157.3342 us. Best GFLOPs: 2325.5386
2024-10-27 12:55:37 [INFO] [task_scheduler.cc:131] [Task #0: main] Trial #314: GFLOPs: 1572.1404. Time: 1272.1510 us. Best GFLOPs: 2325.5386
2024-10-27 12:55:37 [INFO] [task_scheduler.cc:131] [Task #0: main] Trial #315: GFLOPs: 1475.2217. Time: 1355.7284 us. Best GFLOPs: 2325.5386
2024-10-27 12:55:37 [INFO] [task_scheduler.cc:131] [Task #0: main] Trial #316: GFLOPs: 1592.2916. Time: 1256.0514 us. Best GFLOPs: 2325.5386
2024-10-27 12:55:37 [INFO] [task_scheduler.cc:131] [Task #0: main] Trial #317: GFLOPs: 1560.8603. Time: 1281.3446 us. Best GFLOPs: 2325.5386
2024-10-27 12:55:37 [INFO] [task_scheduler.cc:131] [Task #0: main] Trial #318: GFLOPs: 337.2164. Time: 5930.9099 us. Best GFLOPs: 2325.5386
2024-10-27 12:55:37 [INFO] [task_scheduler.cc:131] [Task #0: main] Trial #319: GFLOPs: 200.9424. Time: 9953.0989 us. Best GFLOPs: 2325.5386
2024-10-27 12:55:37 [INFO] [task_scheduler.cc:131] [Task #0: main] Trial #320: GFLOPs: 197.5967. Time: 10121.6277 us. Best GFLOPs: 2325.5386
2024-10-27 12:55:37 [INFO] [evolutionary_search.cc:713] Generating candidates......
2024-10-27 12:55:37 [INFO] [evolutionary_search.cc:715] Picked top 102 candidate(s) from database
2024-10-27 12:55:38 [INFO] [evolutionary_search.cc:533] Sample-Init-Population summary:
Postproc #0 [meta_schedule.DisallowDynamicLoop(0x555558734de8)]: 0 failure(s)
Postproc #1 [meta_schedule.RewriteParallelVectorizeUnroll(0x555558623208)]: 0 failure(s)
Postproc #2 [meta_schedule.RewriteReductionBlock(0x5555574e5088)]: 0 failure(s)
Postproc #3 [meta_schedule.RewriteLayout(0x555557533f38)]: 0 failure(s)
2024-10-27 12:55:38 [INFO] [evolutionary_search.cc:723] Sampled 410 candidate(s)
2024-10-27 12:55:38 [INFO] [evolutionary_search.cc:621] Evolve iter #0 done. Summary:
Postproc #0 [meta_schedule.DisallowDynamicLoop(0x555558734de8)]: 0 failure(s)
Postproc #1 [meta_schedule.RewriteParallelVectorizeUnroll(0x555558623208)]: 0 failure(s)
Postproc #2 [meta_schedule.RewriteReductionBlock(0x5555574e5088)]: 0 failure(s)
Postproc #3 [meta_schedule.RewriteLayout(0x555557533f38)]: 0 failure(s)
2024-10-27 12:55:39 [INFO] [evolutionary_search.cc:621] Evolve iter #1 done. Summary:
Postproc #0 [meta_schedule.DisallowDynamicLoop(0x555558734de8)]: 0 failure(s)
Postproc #1 [meta_schedule.RewriteParallelVectorizeUnroll(0x555558623208)]: 0 failure(s)
Postproc #2 [meta_schedule.RewriteReductionBlock(0x5555574e5088)]: 0 failure(s)
Postproc #3 [meta_schedule.RewriteLayout(0x555557533f38)]: 0 failure(s)
2024-10-27 12:55:40 [INFO] [evolutionary_search.cc:621] Evolve iter #2 done. Summary:
Postproc #0 [meta_schedule.DisallowDynamicLoop(0x555558734de8)]: 0 failure(s)
Postproc #1 [meta_schedule.RewriteParallelVectorizeUnroll(0x555558623208)]: 0 failure(s)
Postproc #2 [meta_schedule.RewriteReductionBlock(0x5555574e5088)]: 0 failure(s)
Postproc #3 [meta_schedule.RewriteLayout(0x555557533f38)]: 0 failure(s)
2024-10-27 12:55:41 [INFO] [evolutionary_search.cc:621] Evolve iter #3 done. Summary:
Postproc #0 [meta_schedule.DisallowDynamicLoop(0x555558734de8)]: 0 failure(s)
Postproc #1 [meta_schedule.RewriteParallelVectorizeUnroll(0x555558623208)]: 0 failure(s)
Postproc #2 [meta_schedule.RewriteReductionBlock(0x5555574e5088)]: 0 failure(s)
Postproc #3 [meta_schedule.RewriteLayout(0x555557533f38)]: 0 failure(s)
2024-10-27 12:55:42 [INFO] [evolutionary_search.cc:649] Scores of the best 64 candidates:
[1 : 16]:	0.8974  0.8729  0.8724  0.8716  0.8716  0.8611  0.8592  0.8542  0.8468  0.8443  0.8438  0.8389  0.8334  0.8312  0.8312  0.8304
[17 : 32]:	0.8292  0.8259  0.8161  0.8152  0.8052  0.8050  0.8047  0.8026  0.7997  0.7985  0.7970  0.7962  0.7956  0.7922  0.7918  0.7915
[33 : 48]:	0.7879  0.7876  0.7863  0.7819  0.7819  0.7815  0.7814  0.7796  0.7776  0.7756  0.7733  0.7733  0.7733  0.7708  0.7708  0.7672
[49 : 64]:	0.7665  0.7665  0.7552  0.7529  0.7529  0.7525  0.7509  0.7467  0.7448  0.7444  0.7434  0.7418  0.7395  0.7360  0.7325  0.7305
2024-10-27 12:55:42 [INFO] [evolutionary_search.cc:727] Got 64 candidate(s) with evolutionary search
2024-10-27 12:55:42 [INFO] [evolutionary_search.cc:730] Sending 64 candidates(s) for measurement
2024-10-27 12:56:44 [INFO] [task_scheduler.cc:131] [Task #0: main] Trial #321: GFLOPs: 1823.5173. Time: 1096.7815 us. Best GFLOPs: 2325.5386
2024-10-27 12:56:44 [INFO] [task_scheduler.cc:131] [Task #0: main] Trial #322: GFLOPs: 2044.8925. Time: 978.0465 us. Best GFLOPs: 2325.5386
2024-10-27 12:56:44 [INFO] [task_scheduler.cc:131] [Task #0: main] Trial #323: GFLOPs: 2013.8974. Time: 993.0992 us. Best GFLOPs: 2325.5386
2024-10-27 12:56:44 [INFO] [task_scheduler.cc:131] [Task #0: main] Trial #324: GFLOPs: 2097.9518. Time: 953.3107 us. Best GFLOPs: 2325.5386
2024-10-27 12:56:44 [INFO] [task_scheduler.cc:131] [Task #0: main] Trial #325: GFLOPs: 2158.1692. Time: 926.7114 us. Best GFLOPs: 2325.5386
2024-10-27 12:56:44 [INFO] [task_scheduler.cc:131] [Task #0: main] Trial #326: GFLOPs: 2129.0138. Time: 939.4021 us. Best GFLOPs: 2325.5386
2024-10-27 12:56:44 [INFO] [task_scheduler.cc:131] [Task #0: main] Trial #327: GFLOPs: 2137.8999. Time: 935.4975 us. Best GFLOPs: 2325.5386
2024-10-27 12:56:44 [INFO] [task_scheduler.cc:131] [Task #0: main] Trial #328: GFLOPs: 2305.0102. Time: 867.6751 us. Best GFLOPs: 2325.5386
2024-10-27 12:56:44 [INFO] [task_scheduler.cc:131] [Task #0: main] Trial #329: GFLOPs: 1925.2458. Time: 1038.8284 us. Best GFLOPs: 2325.5386
2024-10-27 12:56:44 [INFO] [task_scheduler.cc:131] [Task #0: main] Trial #330: GFLOPs: 1838.8032. Time: 1087.6640 us. Best GFLOPs: 2325.5386
2024-10-27 12:56:44 [INFO] [task_scheduler.cc:131] [Task #0: main] Trial #331: GFLOPs: 1831.8715. Time: 1091.7796 us. Best GFLOPs: 2325.5386
2024-10-27 12:56:44 [INFO] [task_scheduler.cc:131] [Task #0: main] Trial #332: GFLOPs: 800.2085. Time: 2499.3487 us. Best GFLOPs: 2325.5386
2024-10-27 12:56:44 [INFO] [task_scheduler.cc:131] [Task #0: main] Trial #333: GFLOPs: 1253.2364. Time: 1595.8681 us. Best GFLOPs: 2325.5386
2024-10-27 12:56:44 [INFO] [task_scheduler.cc:131] [Task #0: main] Trial #334: GFLOPs: 2149.5402. Time: 930.4315 us. Best GFLOPs: 2325.5386
2024-10-27 12:56:44 [INFO] [task_scheduler.cc:131] [Task #0: main] Trial #335: GFLOPs: 1957.8223. Time: 1021.5432 us. Best GFLOPs: 2325.5386
2024-10-27 12:56:44 [INFO] [task_scheduler.cc:131] [Task #0: main] Trial #336: GFLOPs: 2049.4827. Time: 975.8560 us. Best GFLOPs: 2325.5386
2024-10-27 12:56:44 [INFO] [task_scheduler.cc:131] [Task #0: main] Trial #337: GFLOPs: 1436.2142. Time: 1392.5499 us. Best GFLOPs: 2325.5386
2024-10-27 12:56:44 [INFO] [task_scheduler.cc:131] [Task #0: main] Trial #338: GFLOPs: 1722.0728. Time: 1161.3911 us. Best GFLOPs: 2325.5386
2024-10-27 12:56:44 [INFO] [task_scheduler.cc:131] [Task #0: main] Trial #339: GFLOPs: 1219.4001. Time: 1640.1507 us. Best GFLOPs: 2325.5386
2024-10-27 12:56:44 [INFO] [task_scheduler.cc:131] [Task #0: main] Trial #340: GFLOPs: 1723.8316. Time: 1160.2062 us. Best GFLOPs: 2325.5386
2024-10-27 12:56:44 [INFO] [task_scheduler.cc:131] [Task #0: main] Trial #341: GFLOPs: 2115.5860. Time: 945.3645 us. Best GFLOPs: 2325.5386
2024-10-27 12:56:44 [INFO] [task_scheduler.cc:131] [Task #0: main] Trial #342: GFLOPs: 2149.5989. Time: 930.4061 us. Best GFLOPs: 2325.5386
2024-10-27 12:56:44 [INFO] [task_scheduler.cc:131] [Task #0: main] Trial #343: GFLOPs: 2220.7345. Time: 900.6029 us. Best GFLOPs: 2325.5386
2024-10-27 12:56:44 [INFO] [task_scheduler.cc:131] [Task #0: main] Trial #344: GFLOPs: 1933.7062. Time: 1034.2833 us. Best GFLOPs: 2325.5386
2024-10-27 12:56:44 [INFO] [task_scheduler.cc:131] [Task #0: main] Trial #345: GFLOPs: 2126.8477. Time: 940.3588 us. Best GFLOPs: 2325.5386
2024-10-27 12:56:44 [INFO] [task_scheduler.cc:131] [Task #0: main] Trial #346: GFLOPs: 2020.1212. Time: 990.0396 us. Best GFLOPs: 2325.5386
2024-10-27 12:56:44 [INFO] [task_scheduler.cc:131] [Task #0: main] Trial #347: GFLOPs: 2197.9682. Time: 909.9313 us. Best GFLOPs: 2325.5386
2024-10-27 12:56:44 [INFO] [task_scheduler.cc:131] [Task #0: main] Trial #348: GFLOPs: 2298.4506. Time: 870.1514 us. Best GFLOPs: 2325.5386
2024-10-27 12:56:44 [INFO] [task_scheduler.cc:131] [Task #0: main] Trial #349: GFLOPs: 1715.1831. Time: 1166.0563 us. Best GFLOPs: 2325.5386
2024-10-27 12:56:44 [INFO] [task_scheduler.cc:131] [Task #0: main] Trial #350: GFLOPs: 891.7917. Time: 2242.6762 us. Best GFLOPs: 2325.5386
2024-10-27 12:56:44 [INFO] [task_scheduler.cc:131] [Task #0: main] Trial #351: GFLOPs: 1867.8589. Time: 1070.7447 us. Best GFLOPs: 2325.5386
2024-10-27 12:56:44 [INFO] [task_scheduler.cc:131] [Task #0: main] Trial #352: GFLOPs: 1343.8023. Time: 1488.3142 us. Best GFLOPs: 2325.5386
2024-10-27 12:56:44 [INFO] [task_scheduler.cc:131] [Task #0: main] Trial #353: GFLOPs: 1886.2998. Time: 1060.2768 us. Best GFLOPs: 2325.5386
2024-10-27 12:56:44 [INFO] [task_scheduler.cc:131] [Task #0: main] Trial #354: GFLOPs: 1759.0232. Time: 1136.9947 us. Best GFLOPs: 2325.5386
2024-10-27 12:56:44 [INFO] [task_scheduler.cc:131] [Task #0: main] Trial #355: GFLOPs: 1511.7998. Time: 1322.9264 us. Best GFLOPs: 2325.5386
2024-10-27 12:56:44 [INFO] [task_scheduler.cc:131] [Task #0: main] Trial #356: GFLOPs: 1668.3190. Time: 1198.8115 us. Best GFLOPs: 2325.5386
2024-10-27 12:56:44 [INFO] [task_scheduler.cc:131] [Task #0: main] Trial #357: GFLOPs: 2072.9270. Time: 964.8193 us. Best GFLOPs: 2325.5386
2024-10-27 12:56:44 [INFO] [task_scheduler.cc:131] [Task #0: main] Trial #358: GFLOPs: 1528.9335. Time: 1308.1014 us. Best GFLOPs: 2325.5386
2024-10-27 12:56:44 [INFO] [task_scheduler.cc:131] [Task #0: main] Trial #359: GFLOPs: 2015.6595. Time: 992.2311 us. Best GFLOPs: 2325.5386
2024-10-27 12:56:44 [INFO] [task_scheduler.cc:131] [Task #0: main] Trial #360: GFLOPs: 1960.2782. Time: 1020.2634 us. Best GFLOPs: 2325.5386
2024-10-27 12:56:44 [INFO] [task_scheduler.cc:131] [Task #0: main] Trial #361: GFLOPs: 1832.8343. Time: 1091.2061 us. Best GFLOPs: 2325.5386
2024-10-27 12:56:44 [INFO] [task_scheduler.cc:131] [Task #0: main] Trial #362: GFLOPs: 1923.6036. Time: 1039.7153 us. Best GFLOPs: 2325.5386
2024-10-27 12:56:44 [INFO] [task_scheduler.cc:131] [Task #0: main] Trial #363: GFLOPs: 1866.3265. Time: 1071.6239 us. Best GFLOPs: 2325.5386
2024-10-27 12:56:44 [INFO] [task_scheduler.cc:131] [Task #0: main] Trial #364: GFLOPs: 1499.0616. Time: 1334.1680 us. Best GFLOPs: 2325.5386
2024-10-27 12:56:44 [INFO] [task_scheduler.cc:131] [Task #0: main] Trial #365: GFLOPs: 1655.9641. Time: 1207.7557 us. Best GFLOPs: 2325.5386
2024-10-27 12:56:44 [INFO] [task_scheduler.cc:131] [Task #0: main] Trial #366: GFLOPs: 1436.5297. Time: 1392.2441 us. Best GFLOPs: 2325.5386
2024-10-27 12:56:44 [INFO] [task_scheduler.cc:131] [Task #0: main] Trial #367: GFLOPs: 1857.0892. Time: 1076.9542 us. Best GFLOPs: 2325.5386
2024-10-27 12:56:44 [INFO] [task_scheduler.cc:131] [Task #0: main] Trial #368: GFLOPs: 1458.7153. Time: 1371.0694 us. Best GFLOPs: 2325.5386
2024-10-27 12:56:44 [INFO] [task_scheduler.cc:131] [Task #0: main] Trial #369: GFLOPs: 1195.6349. Time: 1672.7515 us. Best GFLOPs: 2325.5386
2024-10-27 12:56:44 [INFO] [task_scheduler.cc:131] [Task #0: main] Trial #370: GFLOPs: 1275.8874. Time: 1567.5365 us. Best GFLOPs: 2325.5386
2024-10-27 12:56:44 [INFO] [task_scheduler.cc:131] [Task #0: main] Trial #371: GFLOPs: 1909.5622. Time: 1047.3605 us. Best GFLOPs: 2325.5386
2024-10-27 12:56:44 [INFO] [task_scheduler.cc:131] [Task #0: main] Trial #372: GFLOPs: 2291.0623. Time: 872.9575 us. Best GFLOPs: 2325.5386
2024-10-27 12:56:44 [INFO] [task_scheduler.cc:131] [Task #0: main] Trial #373: GFLOPs: 1916.2576. Time: 1043.7010 us. Best GFLOPs: 2325.5386
2024-10-27 12:56:44 [INFO] [task_scheduler.cc:131] [Task #0: main] Trial #374: GFLOPs: 1341.1456. Time: 1491.2624 us. Best GFLOPs: 2325.5386
2024-10-27 12:56:44 [INFO] [task_scheduler.cc:131] [Task #0: main] Trial #375: GFLOPs: 1210.8678. Time: 1651.7080 us. Best GFLOPs: 2325.5386
2024-10-27 12:56:44 [INFO] [task_scheduler.cc:131] [Task #0: main] Trial #376: GFLOPs: 2094.4422. Time: 954.9082 us. Best GFLOPs: 2325.5386
2024-10-27 12:56:44 [INFO] [task_scheduler.cc:131] [Task #0: main] Trial #377: GFLOPs: 1484.9810. Time: 1346.8185 us. Best GFLOPs: 2325.5386
2024-10-27 12:56:44 [INFO] [task_scheduler.cc:131] [Task #0: main] Trial #378: GFLOPs: 1192.7113. Time: 1676.8517 us. Best GFLOPs: 2325.5386
2024-10-27 12:56:44 [INFO] [task_scheduler.cc:131] [Task #0: main] Trial #379: GFLOPs: 1686.5907. Time: 1185.8241 us. Best GFLOPs: 2325.5386
2024-10-27 12:56:44 [INFO] [task_scheduler.cc:131] [Task #0: main] Trial #380: GFLOPs: 1716.2824. Time: 1165.3094 us. Best GFLOPs: 2325.5386
2024-10-27 12:56:44 [INFO] [task_scheduler.cc:131] [Task #0: main] Trial #381: GFLOPs: 2027.6062. Time: 986.3848 us. Best GFLOPs: 2325.5386
2024-10-27 12:56:44 [INFO] [task_scheduler.cc:131] [Task #0: main] Trial #382: GFLOPs: 605.1974. Time: 3304.7068 us. Best GFLOPs: 2325.5386
2024-10-27 12:56:44 [INFO] [task_scheduler.cc:131] [Task #0: main] Trial #383: GFLOPs: 773.1342. Time: 2586.8730 us. Best GFLOPs: 2325.5386
2024-10-27 12:56:44 [INFO] [task_scheduler.cc:131] [Task #0: main] Trial #384: GFLOPs: 468.5226. Time: 4268.7375 us. Best GFLOPs: 2325.5386
2024-10-27 12:56:44 [INFO] [evolutionary_search.cc:713] Generating candidates......
2024-10-27 12:56:44 [INFO] [evolutionary_search.cc:715] Picked top 102 candidate(s) from database
2024-10-27 12:56:44 [INFO] [evolutionary_search.cc:533] Sample-Init-Population summary:
Postproc #0 [meta_schedule.DisallowDynamicLoop(0x555558734de8)]: 0 failure(s)
Postproc #1 [meta_schedule.RewriteParallelVectorizeUnroll(0x555558623208)]: 0 failure(s)
Postproc #2 [meta_schedule.RewriteReductionBlock(0x5555574e5088)]: 0 failure(s)
Postproc #3 [meta_schedule.RewriteLayout(0x555557533f38)]: 0 failure(s)
2024-10-27 12:56:44 [INFO] [evolutionary_search.cc:723] Sampled 410 candidate(s)
2024-10-27 12:56:45 [INFO] [evolutionary_search.cc:621] Evolve iter #0 done. Summary:
Postproc #0 [meta_schedule.DisallowDynamicLoop(0x555558734de8)]: 0 failure(s)
Postproc #1 [meta_schedule.RewriteParallelVectorizeUnroll(0x555558623208)]: 0 failure(s)
Postproc #2 [meta_schedule.RewriteReductionBlock(0x5555574e5088)]: 0 failure(s)
Postproc #3 [meta_schedule.RewriteLayout(0x555557533f38)]: 0 failure(s)
2024-10-27 12:56:46 [INFO] [evolutionary_search.cc:621] Evolve iter #1 done. Summary:
Postproc #0 [meta_schedule.DisallowDynamicLoop(0x555558734de8)]: 0 failure(s)
Postproc #1 [meta_schedule.RewriteParallelVectorizeUnroll(0x555558623208)]: 0 failure(s)
Postproc #2 [meta_schedule.RewriteReductionBlock(0x5555574e5088)]: 0 failure(s)
Postproc #3 [meta_schedule.RewriteLayout(0x555557533f38)]: 0 failure(s)
2024-10-27 12:56:47 [INFO] [evolutionary_search.cc:621] Evolve iter #2 done. Summary:
Postproc #0 [meta_schedule.DisallowDynamicLoop(0x555558734de8)]: 0 failure(s)
Postproc #1 [meta_schedule.RewriteParallelVectorizeUnroll(0x555558623208)]: 0 failure(s)
Postproc #2 [meta_schedule.RewriteReductionBlock(0x5555574e5088)]: 0 failure(s)
Postproc #3 [meta_schedule.RewriteLayout(0x555557533f38)]: 0 failure(s)
2024-10-27 12:56:48 [INFO] [evolutionary_search.cc:621] Evolve iter #3 done. Summary:
Postproc #0 [meta_schedule.DisallowDynamicLoop(0x555558734de8)]: 0 failure(s)
Postproc #1 [meta_schedule.RewriteParallelVectorizeUnroll(0x555558623208)]: 0 failure(s)
Postproc #2 [meta_schedule.RewriteReductionBlock(0x5555574e5088)]: 0 failure(s)
Postproc #3 [meta_schedule.RewriteLayout(0x555557533f38)]: 0 failure(s)
2024-10-27 12:56:48 [INFO] [evolutionary_search.cc:649] Scores of the best 64 candidates:
[1 : 16]:	0.9378  0.9363  0.9363  0.9363  0.9227  0.9201  0.9082  0.9082  0.9068  0.9025  0.9025  0.8995  0.8990  0.8844  0.8844  0.8814
[17 : 32]:	0.8788  0.8765  0.8740  0.8734  0.8731  0.8731  0.8634  0.8634  0.8532  0.8513  0.8505  0.8419  0.8414  0.8402  0.8382  0.8372
[33 : 48]:	0.8365  0.8352  0.8351  0.8334  0.8281  0.8229  0.8197  0.8191  0.8185  0.8169  0.8145  0.8117  0.8102  0.8102  0.8091  0.8091
[49 : 64]:	0.8091  0.8074  0.8060  0.8043  0.8013  0.7998  0.7994  0.7969  0.7960  0.7940  0.7937  0.7937  0.7909  0.7909  0.7908  0.7890
2024-10-27 12:56:48 [INFO] [evolutionary_search.cc:727] Got 64 candidate(s) with evolutionary search
2024-10-27 12:56:48 [INFO] [evolutionary_search.cc:730] Sending 64 candidates(s) for measurement
2024-10-27 12:57:49 [INFO] [task_scheduler.cc:131] [Task #0: main] Trial #385: GFLOPs: 1951.5110. Time: 1024.8469 us. Best GFLOPs: 2325.5386
2024-10-27 12:57:49 [INFO] [task_scheduler.cc:131] [Task #0: main] Trial #386: GFLOPs: 2268.4891. Time: 881.6441 us. Best GFLOPs: 2325.5386
2024-10-27 12:57:49 [INFO] [task_scheduler.cc:131] [Task #0: main] Trial #387: GFLOPs: 2223.2529. Time: 899.5828 us. Best GFLOPs: 2325.5386
2024-10-27 12:57:49 [INFO] [task_scheduler.cc:131] [Task #0: main] Trial #388: GFLOPs: 1862.4416. Time: 1073.8592 us. Best GFLOPs: 2325.5386
2024-10-27 12:57:49 [INFO] [task_scheduler.cc:131] [Task #0: main] Trial #389: GFLOPs: 2117.2898. Time: 944.6038 us. Best GFLOPs: 2325.5386
2024-10-27 12:57:49 [INFO] [task_scheduler.cc:131] [Task #0: main] Trial #390: GFLOPs: 2077.1073. Time: 962.8776 us. Best GFLOPs: 2325.5386
2024-10-27 12:57:49 [INFO] [task_scheduler.cc:131] [Task #0: main] Trial #391: GFLOPs: 1625.5107. Time: 1230.3826 us. Best GFLOPs: 2325.5386
2024-10-27 12:57:49 [INFO] [task_scheduler.cc:131] [Task #0: main] Trial #392: GFLOPs: 2286.8990. Time: 874.5467 us. Best GFLOPs: 2325.5386
2024-10-27 12:57:49 [INFO] [task_scheduler.cc:131] [Task #0: main] Trial #393: GFLOPs: 2154.2693. Time: 928.3891 us. Best GFLOPs: 2325.5386
2024-10-27 12:57:49 [INFO] [task_scheduler.cc:131] [Task #0: main] Trial #394: GFLOPs: 2065.8903. Time: 968.1056 us. Best GFLOPs: 2325.5386
2024-10-27 12:57:49 [INFO] [task_scheduler.cc:131] [Task #0: main] Trial #395: GFLOPs: 2171.9173. Time: 920.8454 us. Best GFLOPs: 2325.5386
2024-10-27 12:57:49 [INFO] [task_scheduler.cc:131] [Task #0: main] Trial #396: GFLOPs: 2037.8502. Time: 981.4264 us. Best GFLOPs: 2325.5386
2024-10-27 12:57:49 [INFO] [task_scheduler.cc:131] [Task #0: main] Trial #397: GFLOPs: 1973.5022. Time: 1013.4268 us. Best GFLOPs: 2325.5386
2024-10-27 12:57:49 [INFO] [task_scheduler.cc:131] [Task #0: main] Trial #398: GFLOPs: 2042.3286. Time: 979.2743 us. Best GFLOPs: 2325.5386
2024-10-27 12:57:49 [INFO] [task_scheduler.cc:131] [Task #0: main] Trial #399: GFLOPs: 1989.0331. Time: 1005.5137 us. Best GFLOPs: 2325.5386
2024-10-27 12:57:49 [INFO] [task_scheduler.cc:131] [Task #0: main] Trial #400: GFLOPs: 2118.8431. Time: 943.9113 us. Best GFLOPs: 2325.5386
2024-10-27 12:57:49 [INFO] [task_scheduler.cc:131] [Task #0: main] Trial #401: GFLOPs: 1824.2192. Time: 1096.3595 us. Best GFLOPs: 2325.5386
2024-10-27 12:57:49 [INFO] [task_scheduler.cc:131] [Task #0: main] Trial #402: GFLOPs: 1936.4270. Time: 1032.8300 us. Best GFLOPs: 2325.5386
2024-10-27 12:57:49 [INFO] [task_scheduler.cc:131] [Task #0: main] Trial #403: GFLOPs: 1875.5312. Time: 1066.3646 us. Best GFLOPs: 2325.5386
2024-10-27 12:57:49 [INFO] [task_scheduler.cc:131] [Task #0: main] Trial #404: GFLOPs: 1931.0396. Time: 1035.7115 us. Best GFLOPs: 2325.5386
2024-10-27 12:57:49 [INFO] [task_scheduler.cc:131] [Task #0: main] Trial #405: GFLOPs: 2114.9448. Time: 945.6511 us. Best GFLOPs: 2325.5386
2024-10-27 12:57:49 [INFO] [task_scheduler.cc:131] [Task #0: main] Trial #406: GFLOPs: 1639.8443. Time: 1219.6280 us. Best GFLOPs: 2325.5386
2024-10-27 12:57:49 [INFO] [task_scheduler.cc:131] [Task #0: main] Trial #407: GFLOPs: 1922.7772. Time: 1040.1621 us. Best GFLOPs: 2325.5386
2024-10-27 12:57:49 [INFO] [task_scheduler.cc:131] [Task #0: main] Trial #408: GFLOPs: 1838.2401. Time: 1087.9972 us. Best GFLOPs: 2325.5386
2024-10-27 12:57:49 [INFO] [task_scheduler.cc:131] [Task #0: main] Trial #409: GFLOPs: 1784.9155. Time: 1120.5013 us. Best GFLOPs: 2325.5386
2024-10-27 12:57:49 [INFO] [task_scheduler.cc:131] [Task #0: main] Trial #410: GFLOPs: 2273.6388. Time: 879.6472 us. Best GFLOPs: 2325.5386
2024-10-27 12:57:49 [INFO] [task_scheduler.cc:131] [Task #0: main] Trial #411: GFLOPs: 1937.1019. Time: 1032.4702 us. Best GFLOPs: 2325.5386
2024-10-27 12:57:49 [INFO] [task_scheduler.cc:131] [Task #0: main] Trial #412: GFLOPs: 2034.5276. Time: 983.0292 us. Best GFLOPs: 2325.5386
2024-10-27 12:57:49 [INFO] [task_scheduler.cc:131] [Task #0: main] Trial #413: GFLOPs: 2127.8927. Time: 939.8970 us. Best GFLOPs: 2325.5386
2024-10-27 12:57:49 [INFO] [task_scheduler.cc:131] [Task #0: main] Trial #414: GFLOPs: 984.5616. Time: 2031.3609 us. Best GFLOPs: 2325.5386
2024-10-27 12:57:49 [INFO] [task_scheduler.cc:131] [Task #0: main] Trial #415: GFLOPs: 1954.6829. Time: 1023.1839 us. Best GFLOPs: 2325.5386
2024-10-27 12:57:49 [INFO] [task_scheduler.cc:131] [Task #0: main] Trial #416: GFLOPs: 1939.3078. Time: 1031.2958 us. Best GFLOPs: 2325.5386
2024-10-27 12:57:49 [INFO] [task_scheduler.cc:131] [Task #0: main] Trial #417: GFLOPs: 1918.4678. Time: 1042.4986 us. Best GFLOPs: 2325.5386
2024-10-27 12:57:49 [INFO] [task_scheduler.cc:131] [Task #0: main] Trial #418: GFLOPs: 1876.4830. Time: 1065.8237 us. Best GFLOPs: 2325.5386
2024-10-27 12:57:49 [INFO] [task_scheduler.cc:131] [Task #0: main] Trial #419: GFLOPs: 1930.5707. Time: 1035.9631 us. Best GFLOPs: 2325.5386
2024-10-27 12:57:49 [INFO] [task_scheduler.cc:131] [Task #0: main] Trial #420: GFLOPs: 2144.7994. Time: 932.4881 us. Best GFLOPs: 2325.5386
2024-10-27 12:57:49 [INFO] [task_scheduler.cc:131] [Task #0: main] Trial #421: GFLOPs: 1133.9598. Time: 1763.7309 us. Best GFLOPs: 2325.5386
2024-10-27 12:57:49 [INFO] [task_scheduler.cc:131] [Task #0: main] Trial #422: GFLOPs: 1980.8166. Time: 1009.6846 us. Best GFLOPs: 2325.5386
2024-10-27 12:57:49 [INFO] [task_scheduler.cc:131] [Task #0: main] Trial #423: GFLOPs: 1603.9829. Time: 1246.8961 us. Best GFLOPs: 2325.5386
2024-10-27 12:57:49 [INFO] [task_scheduler.cc:131] [Task #0: main] Trial #424: GFLOPs: 1807.7849. Time: 1106.3263 us. Best GFLOPs: 2325.5386
2024-10-27 12:57:49 [INFO] [task_scheduler.cc:131] [Task #0: main] Trial #425: GFLOPs: 1848.1004. Time: 1082.1923 us. Best GFLOPs: 2325.5386
2024-10-27 12:57:49 [INFO] [task_scheduler.cc:131] [Task #0: main] Trial #426: GFLOPs: 2001.0518. Time: 999.4744 us. Best GFLOPs: 2325.5386
2024-10-27 12:57:49 [INFO] [task_scheduler.cc:131] [Task #0: main] Trial #427: GFLOPs: 1205.4891. Time: 1659.0777 us. Best GFLOPs: 2325.5386
2024-10-27 12:57:49 [INFO] [task_scheduler.cc:131] [Task #0: main] Trial #428: GFLOPs: 1880.2973. Time: 1063.6616 us. Best GFLOPs: 2325.5386
2024-10-27 12:57:49 [INFO] [task_scheduler.cc:131] [Task #0: main] Trial #429: GFLOPs: 2132.1102. Time: 938.0378 us. Best GFLOPs: 2325.5386
2024-10-27 12:57:49 [INFO] [task_scheduler.cc:131] [Task #0: main] Trial #430: GFLOPs: 1882.9485. Time: 1062.1640 us. Best GFLOPs: 2325.5386
2024-10-27 12:57:49 [INFO] [task_scheduler.cc:131] [Task #0: main] Trial #431: GFLOPs: 1846.3814. Time: 1083.1998 us. Best GFLOPs: 2325.5386
2024-10-27 12:57:49 [INFO] [task_scheduler.cc:131] [Task #0: main] Trial #432: GFLOPs: 1699.9293. Time: 1176.5195 us. Best GFLOPs: 2325.5386
2024-10-27 12:57:49 [INFO] [task_scheduler.cc:131] [Task #0: main] Trial #433: GFLOPs: 1871.4689. Time: 1068.6793 us. Best GFLOPs: 2325.5386
2024-10-27 12:57:49 [INFO] [task_scheduler.cc:131] [Task #0: main] Trial #434: GFLOPs: 2058.7554. Time: 971.4607 us. Best GFLOPs: 2325.5386
2024-10-27 12:57:49 [INFO] [task_scheduler.cc:131] [Task #0: main] Trial #435: GFLOPs: 1830.7792. Time: 1092.4310 us. Best GFLOPs: 2325.5386
2024-10-27 12:57:49 [INFO] [task_scheduler.cc:131] [Task #0: main] Trial #436: GFLOPs: 1728.7222. Time: 1156.9239 us. Best GFLOPs: 2325.5386
2024-10-27 12:57:49 [INFO] [task_scheduler.cc:131] [Task #0: main] Trial #437: GFLOPs: 1870.9008. Time: 1069.0038 us. Best GFLOPs: 2325.5386
2024-10-27 12:57:49 [INFO] [task_scheduler.cc:131] [Task #0: main] Trial #438: GFLOPs: 2236.6486. Time: 894.1950 us. Best GFLOPs: 2325.5386
2024-10-27 12:57:49 [INFO] [task_scheduler.cc:131] [Task #0: main] Trial #439: GFLOPs: 1706.2487. Time: 1172.1621 us. Best GFLOPs: 2325.5386
2024-10-27 12:57:49 [INFO] [task_scheduler.cc:131] [Task #0: main] Trial #440: GFLOPs: 1552.0073. Time: 1288.6537 us. Best GFLOPs: 2325.5386
2024-10-27 12:57:49 [INFO] [task_scheduler.cc:131] [Task #0: main] Trial #441: GFLOPs: 1792.8602. Time: 1115.5359 us. Best GFLOPs: 2325.5386
2024-10-27 12:57:49 [INFO] [task_scheduler.cc:131] [Task #0: main] Trial #442: GFLOPs: 1401.7825. Time: 1426.7548 us. Best GFLOPs: 2325.5386
2024-10-27 12:57:49 [INFO] [task_scheduler.cc:131] [Task #0: main] Trial #443: GFLOPs: 1930.6899. Time: 1035.8992 us. Best GFLOPs: 2325.5386
2024-10-27 12:57:49 [INFO] [task_scheduler.cc:131] [Task #0: main] Trial #444: GFLOPs: 1592.3382. Time: 1256.0146 us. Best GFLOPs: 2325.5386
2024-10-27 12:57:49 [INFO] [task_scheduler.cc:131] [Task #0: main] Trial #445: GFLOPs: 1420.3066. Time: 1408.1466 us. Best GFLOPs: 2325.5386
2024-10-27 12:57:49 [INFO] [task_scheduler.cc:131] [Task #0: main] Trial #446: GFLOPs: 350.5840. Time: 5704.7677 us. Best GFLOPs: 2325.5386
2024-10-27 12:57:49 [INFO] [task_scheduler.cc:131] [Task #0: main] Trial #447: GFLOPs: 1360.2367. Time: 1470.3323 us. Best GFLOPs: 2325.5386
2024-10-27 12:57:49 [INFO] [task_scheduler.cc:131] [Task #0: main] Trial #448: GFLOPs: 1170.6944. Time: 1708.3877 us. Best GFLOPs: 2325.5386
2024-10-27 12:57:49 [INFO] [evolutionary_search.cc:713] Generating candidates......
2024-10-27 12:57:49 [INFO] [evolutionary_search.cc:715] Picked top 102 candidate(s) from database
2024-10-27 12:57:50 [INFO] [evolutionary_search.cc:533] Sample-Init-Population summary:
Postproc #0 [meta_schedule.DisallowDynamicLoop(0x555558734de8)]: 0 failure(s)
Postproc #1 [meta_schedule.RewriteParallelVectorizeUnroll(0x555558623208)]: 0 failure(s)
Postproc #2 [meta_schedule.RewriteReductionBlock(0x5555574e5088)]: 0 failure(s)
Postproc #3 [meta_schedule.RewriteLayout(0x555557533f38)]: 0 failure(s)
2024-10-27 12:57:50 [INFO] [evolutionary_search.cc:723] Sampled 410 candidate(s)
2024-10-27 12:57:50 [INFO] [evolutionary_search.cc:621] Evolve iter #0 done. Summary:
Postproc #0 [meta_schedule.DisallowDynamicLoop(0x555558734de8)]: 0 failure(s)
Postproc #1 [meta_schedule.RewriteParallelVectorizeUnroll(0x555558623208)]: 0 failure(s)
Postproc #2 [meta_schedule.RewriteReductionBlock(0x5555574e5088)]: 0 failure(s)
Postproc #3 [meta_schedule.RewriteLayout(0x555557533f38)]: 0 failure(s)
2024-10-27 12:57:51 [INFO] [evolutionary_search.cc:621] Evolve iter #1 done. Summary:
Postproc #0 [meta_schedule.DisallowDynamicLoop(0x555558734de8)]: 0 failure(s)
Postproc #1 [meta_schedule.RewriteParallelVectorizeUnroll(0x555558623208)]: 0 failure(s)
Postproc #2 [meta_schedule.RewriteReductionBlock(0x5555574e5088)]: 0 failure(s)
Postproc #3 [meta_schedule.RewriteLayout(0x555557533f38)]: 0 failure(s)
2024-10-27 12:57:52 [INFO] [evolutionary_search.cc:621] Evolve iter #2 done. Summary:
Postproc #0 [meta_schedule.DisallowDynamicLoop(0x555558734de8)]: 0 failure(s)
Postproc #1 [meta_schedule.RewriteParallelVectorizeUnroll(0x555558623208)]: 0 failure(s)
Postproc #2 [meta_schedule.RewriteReductionBlock(0x5555574e5088)]: 0 failure(s)
Postproc #3 [meta_schedule.RewriteLayout(0x555557533f38)]: 0 failure(s)
2024-10-27 12:57:53 [INFO] [evolutionary_search.cc:621] Evolve iter #3 done. Summary:
Postproc #0 [meta_schedule.DisallowDynamicLoop(0x555558734de8)]: 0 failure(s)
Postproc #1 [meta_schedule.RewriteParallelVectorizeUnroll(0x555558623208)]: 0 failure(s)
Postproc #2 [meta_schedule.RewriteReductionBlock(0x5555574e5088)]: 0 failure(s)
Postproc #3 [meta_schedule.RewriteLayout(0x555557533f38)]: 0 failure(s)
2024-10-27 12:57:54 [INFO] [evolutionary_search.cc:649] Scores of the best 64 candidates:
[1 : 16]:	0.9669  0.9255  0.9211  0.9102  0.9078  0.9055  0.9042  0.9032  0.8995  0.8969  0.8917  0.8778  0.8778  0.8653  0.8629  0.8629
[17 : 32]:	0.8602  0.8602  0.8569  0.8564  0.8553  0.8529  0.8507  0.8470  0.8467  0.8462  0.8441  0.8336  0.8332  0.8328  0.8307  0.8288
[33 : 48]:	0.8242  0.8222  0.8200  0.8139  0.8132  0.8132  0.8119  0.8103  0.8089  0.8082  0.8080  0.8074  0.8041  0.8015  0.7994  0.7985
[49 : 64]:	0.7981  0.7981  0.7974  0.7951  0.7936  0.7882  0.7870  0.7859  0.7859  0.7839  0.7833  0.7811  0.7811  0.7786  0.7779  0.7777
2024-10-27 12:57:54 [INFO] [evolutionary_search.cc:727] Got 64 candidate(s) with evolutionary search
2024-10-27 12:57:54 [INFO] [evolutionary_search.cc:730] Sending 64 candidates(s) for measurement
2024-10-27 12:58:56 [INFO] [task_scheduler.cc:131] [Task #0: main] Trial #449: GFLOPs: 2286.5588. Time: 874.6768 us. Best GFLOPs: 2325.5386
2024-10-27 12:58:56 [INFO] [task_scheduler.cc:131] [Task #0: main] Trial #450: GFLOPs: 2263.0572. Time: 883.7603 us. Best GFLOPs: 2325.5386
2024-10-27 12:58:56 [INFO] [task_scheduler.cc:131] [Task #0: main] Trial #451: GFLOPs: 1605.2350. Time: 1245.9235 us. Best GFLOPs: 2325.5386
2024-10-27 12:58:56 [INFO] [task_scheduler.cc:131] [Task #0: main] Trial #452: GFLOPs: 1191.8959. Time: 1677.9989 us. Best GFLOPs: 2325.5386
2024-10-27 12:58:56 [INFO] [task_scheduler.cc:131] [Task #0: main] Trial #453: GFLOPs: 1932.0812. Time: 1035.1532 us. Best GFLOPs: 2325.5386
2024-10-27 12:58:56 [INFO] [task_scheduler.cc:131] [Task #0: main] Trial #454: GFLOPs: 2149.9293. Time: 930.2631 us. Best GFLOPs: 2325.5386
2024-10-27 12:58:56 [INFO] [task_scheduler.cc:131] [Task #0: main] Trial #455: GFLOPs: 2037.4007. Time: 981.6429 us. Best GFLOPs: 2325.5386
2024-10-27 12:58:56 [INFO] [task_scheduler.cc:131] [Task #0: main] Trial #456: GFLOPs: 2318.1421. Time: 862.7599 us. Best GFLOPs: 2325.5386
2024-10-27 12:58:56 [INFO] [task_scheduler.cc:131] [Task #0: main] Trial #457: GFLOPs: 2194.1030. Time: 911.5342 us. Best GFLOPs: 2325.5386
2024-10-27 12:58:56 [INFO] [task_scheduler.cc:131] [Task #0: main] Trial #458: GFLOPs: 2034.5560. Time: 983.0155 us. Best GFLOPs: 2325.5386
2024-10-27 12:58:56 [INFO] [task_scheduler.cc:131] [Task #0: main] Trial #459: GFLOPs: 2043.6560. Time: 978.6383 us. Best GFLOPs: 2325.5386
2024-10-27 12:58:56 [INFO] [task_scheduler.cc:131] [Task #0: main] Trial #460: GFLOPs: 1353.7851. Time: 1477.3393 us. Best GFLOPs: 2325.5386
2024-10-27 12:58:56 [INFO] [task_scheduler.cc:131] [Task #0: main] Trial #461: GFLOPs: 2023.7645. Time: 988.2573 us. Best GFLOPs: 2325.5386
2024-10-27 12:58:56 [INFO] [task_scheduler.cc:131] [Task #0: main] Trial #462: GFLOPs: 2143.3134. Time: 933.1346 us. Best GFLOPs: 2325.5386
2024-10-27 12:58:56 [INFO] [task_scheduler.cc:131] [Task #0: main] Trial #463: GFLOPs: 2129.2481. Time: 939.2987 us. Best GFLOPs: 2325.5386
2024-10-27 12:58:56 [INFO] [task_scheduler.cc:131] [Task #0: main] Trial #464: GFLOPs: 2072.2141. Time: 965.1512 us. Best GFLOPs: 2325.5386
2024-10-27 12:58:56 [INFO] [task_scheduler.cc:131] [Task #0: main] Trial #465: GFLOPs: 1901.4358. Time: 1051.8367 us. Best GFLOPs: 2325.5386
2024-10-27 12:58:56 [INFO] [task_scheduler.cc:131] [Task #0: main] Trial #466: GFLOPs: 1306.2812. Time: 1531.0639 us. Best GFLOPs: 2325.5386
2024-10-27 12:58:56 [INFO] [task_scheduler.cc:131] [Task #0: main] Trial #467: GFLOPs: 2036.1346. Time: 982.2533 us. Best GFLOPs: 2325.5386
2024-10-27 12:58:56 [INFO] [task_scheduler.cc:131] [Task #0: main] Trial #468: GFLOPs: 1629.4347. Time: 1227.4196 us. Best GFLOPs: 2325.5386
2024-10-27 12:58:56 [INFO] [task_scheduler.cc:131] [Task #0: main] Trial #469: GFLOPs: 2032.5494. Time: 983.9859 us. Best GFLOPs: 2325.5386
2024-10-27 12:58:56 [INFO] [task_scheduler.cc:131] [Task #0: main] Trial #470: GFLOPs: 1824.0850. Time: 1096.4401 us. Best GFLOPs: 2325.5386
2024-10-27 12:58:56 [INFO] [task_scheduler.cc:131] [Task #0: main] Trial #471: GFLOPs: 2110.5200. Time: 947.6338 us. Best GFLOPs: 2325.5386
2024-10-27 12:58:56 [INFO] [task_scheduler.cc:131] [Task #0: main] Trial #472: GFLOPs: 1218.4981. Time: 1641.3649 us. Best GFLOPs: 2325.5386
2024-10-27 12:58:56 [INFO] [task_scheduler.cc:131] [Task #0: main] Trial #473: GFLOPs: 1988.0059. Time: 1006.0332 us. Best GFLOPs: 2325.5386
2024-10-27 12:58:56 [INFO] [task_scheduler.cc:131] [Task #0: main] Trial #474: GFLOPs: 2251.6693. Time: 888.2299 us. Best GFLOPs: 2325.5386
2024-10-27 12:58:56 [INFO] [task_scheduler.cc:131] [Task #0: main] Trial #475: GFLOPs: 1615.7882. Time: 1237.7860 us. Best GFLOPs: 2325.5386
2024-10-27 12:58:56 [INFO] [task_scheduler.cc:131] [Task #0: main] Trial #476: GFLOPs: 2135.4854. Time: 936.5552 us. Best GFLOPs: 2325.5386
2024-10-27 12:58:56 [INFO] [task_scheduler.cc:131] [Task #0: main] Trial #477: GFLOPs: 2119.1358. Time: 943.7810 us. Best GFLOPs: 2325.5386
2024-10-27 12:58:56 [INFO] [task_scheduler.cc:131] [Task #0: main] Trial #478: GFLOPs: 1688.4614. Time: 1184.5104 us. Best GFLOPs: 2325.5386
2024-10-27 12:58:56 [INFO] [task_scheduler.cc:131] [Task #0: main] Trial #479: GFLOPs: 2070.8106. Time: 965.8054 us. Best GFLOPs: 2325.5386
2024-10-27 12:58:56 [INFO] [task_scheduler.cc:131] [Task #0: main] Trial #480: GFLOPs: 1853.6381. Time: 1078.9593 us. Best GFLOPs: 2325.5386
2024-10-27 12:58:56 [INFO] [task_scheduler.cc:131] [Task #0: main] Trial #481: GFLOPs: 1971.3321. Time: 1014.5424 us. Best GFLOPs: 2325.5386
2024-10-27 12:58:56 [INFO] [task_scheduler.cc:131] [Task #0: main] Trial #482: GFLOPs: 1293.4820. Time: 1546.2140 us. Best GFLOPs: 2325.5386
2024-10-27 12:58:56 [INFO] [task_scheduler.cc:131] [Task #0: main] Trial #483: GFLOPs: 2012.8044. Time: 993.6385 us. Best GFLOPs: 2325.5386
2024-10-27 12:58:56 [INFO] [task_scheduler.cc:131] [Task #0: main] Trial #484: GFLOPs: 1806.8826. Time: 1106.8788 us. Best GFLOPs: 2325.5386
2024-10-27 12:58:56 [INFO] [task_scheduler.cc:131] [Task #0: main] Trial #485: GFLOPs: 1929.2392. Time: 1036.6781 us. Best GFLOPs: 2325.5386
2024-10-27 12:58:56 [INFO] [task_scheduler.cc:131] [Task #0: main] Trial #486: GFLOPs: 1864.7903. Time: 1072.5066 us. Best GFLOPs: 2325.5386
2024-10-27 12:58:56 [INFO] [task_scheduler.cc:131] [Task #0: main] Trial #487: GFLOPs: 1724.3171. Time: 1159.8795 us. Best GFLOPs: 2325.5386
2024-10-27 12:58:56 [INFO] [task_scheduler.cc:131] [Task #0: main] Trial #488: GFLOPs: 1978.5691. Time: 1010.8315 us. Best GFLOPs: 2325.5386
2024-10-27 12:58:56 [INFO] [task_scheduler.cc:131] [Task #0: main] Trial #489: GFLOPs: 1787.8227. Time: 1118.6792 us. Best GFLOPs: 2325.5386
2024-10-27 12:58:56 [INFO] [task_scheduler.cc:131] [Task #0: main] Trial #490: GFLOPs: 1893.3825. Time: 1056.3106 us. Best GFLOPs: 2325.5386
2024-10-27 12:58:56 [INFO] [task_scheduler.cc:131] [Task #0: main] Trial #491: GFLOPs: 1918.4464. Time: 1042.5102 us. Best GFLOPs: 2325.5386
2024-10-27 12:58:56 [INFO] [task_scheduler.cc:131] [Task #0: main] Trial #492: GFLOPs: 1319.4660. Time: 1515.7647 us. Best GFLOPs: 2325.5386
2024-10-27 12:58:56 [INFO] [task_scheduler.cc:131] [Task #0: main] Trial #493: GFLOPs: 1776.8074. Time: 1125.6144 us. Best GFLOPs: 2325.5386
2024-10-27 12:58:56 [INFO] [task_scheduler.cc:131] [Task #0: main] Trial #494: GFLOPs: 1193.7373. Time: 1675.4105 us. Best GFLOPs: 2325.5386
2024-10-27 12:58:56 [INFO] [task_scheduler.cc:131] [Task #0: main] Trial #495: GFLOPs: 2352.6739. Time: 850.0966 us. Best GFLOPs: 2352.6739
2024-10-27 12:58:56 [INFO] [task_scheduler.cc:131] [Task #0: main] Trial #496: GFLOPs: 1999.6869. Time: 1000.1566 us. Best GFLOPs: 2352.6739
2024-10-27 12:58:56 [INFO] [task_scheduler.cc:131] [Task #0: main] Trial #497: GFLOPs: 2260.9926. Time: 884.5673 us. Best GFLOPs: 2352.6739
2024-10-27 12:58:56 [INFO] [task_scheduler.cc:131] [Task #0: main] Trial #498: GFLOPs: 2102.0218. Time: 951.4649 us. Best GFLOPs: 2352.6739
2024-10-27 12:58:56 [INFO] [task_scheduler.cc:131] [Task #0: main] Trial #499: GFLOPs: 1841.4239. Time: 1086.1160 us. Best GFLOPs: 2352.6739
2024-10-27 12:58:56 [INFO] [task_scheduler.cc:131] [Task #0: main] Trial #500: GFLOPs: 2151.0695. Time: 929.7701 us. Best GFLOPs: 2352.6739
2024-10-27 12:58:56 [INFO] [task_scheduler.cc:131] [Task #0: main] Trial #501: GFLOPs: 1807.1705. Time: 1106.7024 us. Best GFLOPs: 2352.6739
2024-10-27 12:58:56 [INFO] [task_scheduler.cc:131] [Task #0: main] Trial #502: GFLOPs: 1890.9341. Time: 1057.6783 us. Best GFLOPs: 2352.6739
2024-10-27 12:58:56 [INFO] [task_scheduler.cc:131] [Task #0: main] Trial #503: GFLOPs: 1991.4322. Time: 1004.3023 us. Best GFLOPs: 2352.6739
2024-10-27 12:58:56 [INFO] [task_scheduler.cc:131] [Task #0: main] Trial #504: GFLOPs: 1952.6949. Time: 1024.2255 us. Best GFLOPs: 2352.6739
2024-10-27 12:58:56 [INFO] [task_scheduler.cc:131] [Task #0: main] Trial #505: GFLOPs: 2238.7956. Time: 893.3375 us. Best GFLOPs: 2352.6739
2024-10-27 12:58:56 [INFO] [task_scheduler.cc:131] [Task #0: main] Trial #506: GFLOPs: 1986.5541. Time: 1006.7685 us. Best GFLOPs: 2352.6739
2024-10-27 12:58:56 [INFO] [task_scheduler.cc:131] [Task #0: main] Trial #507: GFLOPs: 1627.2623. Time: 1229.0582 us. Best GFLOPs: 2352.6739
2024-10-27 12:58:56 [INFO] [task_scheduler.cc:131] [Task #0: main] Trial #508: GFLOPs: 1536.4571. Time: 1301.6960 us. Best GFLOPs: 2352.6739
2024-10-27 12:58:56 [INFO] [task_scheduler.cc:131] [Task #0: main] Trial #509: GFLOPs: 1537.0171. Time: 1301.2217 us. Best GFLOPs: 2352.6739
2024-10-27 12:58:56 [INFO] [task_scheduler.cc:131] [Task #0: main] Trial #510: GFLOPs: 1201.3264. Time: 1664.8264 us. Best GFLOPs: 2352.6739
2024-10-27 12:58:56 [INFO] [task_scheduler.cc:131] [Task #0: main] Trial #511: GFLOPs: 556.7451. Time: 3592.3082 us. Best GFLOPs: 2352.6739
2024-10-27 12:58:56 [INFO] [task_scheduler.cc:131] [Task #0: main] Trial #512: GFLOPs: 451.5726. Time: 4428.9665 us. Best GFLOPs: 2352.6739
2024-10-27 12:58:56 [INFO] [evolutionary_search.cc:713] Generating candidates......
2024-10-27 12:58:56 [INFO] [evolutionary_search.cc:715] Picked top 102 candidate(s) from database
2024-10-27 12:58:56 [INFO] [evolutionary_search.cc:533] Sample-Init-Population summary:
Postproc #0 [meta_schedule.DisallowDynamicLoop(0x555558734de8)]: 0 failure(s)
Postproc #1 [meta_schedule.RewriteParallelVectorizeUnroll(0x555558623208)]: 0 failure(s)
Postproc #2 [meta_schedule.RewriteReductionBlock(0x5555574e5088)]: 0 failure(s)
Postproc #3 [meta_schedule.RewriteLayout(0x555557533f38)]: 0 failure(s)
2024-10-27 12:58:56 [INFO] [evolutionary_search.cc:723] Sampled 410 candidate(s)
2024-10-27 12:58:57 [INFO] [evolutionary_search.cc:621] Evolve iter #0 done. Summary:
Postproc #0 [meta_schedule.DisallowDynamicLoop(0x555558734de8)]: 0 failure(s)
Postproc #1 [meta_schedule.RewriteParallelVectorizeUnroll(0x555558623208)]: 0 failure(s)
Postproc #2 [meta_schedule.RewriteReductionBlock(0x5555574e5088)]: 0 failure(s)
Postproc #3 [meta_schedule.RewriteLayout(0x555557533f38)]: 0 failure(s)
2024-10-27 12:58:58 [INFO] [evolutionary_search.cc:621] Evolve iter #1 done. Summary:
Postproc #0 [meta_schedule.DisallowDynamicLoop(0x555558734de8)]: 0 failure(s)
Postproc #1 [meta_schedule.RewriteParallelVectorizeUnroll(0x555558623208)]: 0 failure(s)
Postproc #2 [meta_schedule.RewriteReductionBlock(0x5555574e5088)]: 0 failure(s)
Postproc #3 [meta_schedule.RewriteLayout(0x555557533f38)]: 0 failure(s)
2024-10-27 12:58:58 [INFO] [evolutionary_search.cc:621] Evolve iter #2 done. Summary:
Postproc #0 [meta_schedule.DisallowDynamicLoop(0x555558734de8)]: 0 failure(s)
Postproc #1 [meta_schedule.RewriteParallelVectorizeUnroll(0x555558623208)]: 0 failure(s)
Postproc #2 [meta_schedule.RewriteReductionBlock(0x5555574e5088)]: 0 failure(s)
Postproc #3 [meta_schedule.RewriteLayout(0x555557533f38)]: 0 failure(s)
2024-10-27 12:58:59 [INFO] [evolutionary_search.cc:621] Evolve iter #3 done. Summary:
Postproc #0 [meta_schedule.DisallowDynamicLoop(0x555558734de8)]: 0 failure(s)
Postproc #1 [meta_schedule.RewriteParallelVectorizeUnroll(0x555558623208)]: 0 failure(s)
Postproc #2 [meta_schedule.RewriteReductionBlock(0x5555574e5088)]: 0 failure(s)
Postproc #3 [meta_schedule.RewriteLayout(0x555557533f38)]: 0 failure(s)
2024-10-27 12:59:00 [INFO] [evolutionary_search.cc:649] Scores of the best 64 candidates:
[1 : 16]:	0.8953  0.8951  0.8944  0.8944  0.8871  0.8801  0.8796  0.8775  0.8770  0.8710  0.8702  0.8693  0.8682  0.8612  0.8576  0.8546
[17 : 32]:	0.8541  0.8481  0.8432  0.8306  0.8302  0.8302  0.8297  0.8278  0.8267  0.8262  0.8234  0.8234  0.8224  0.8202  0.8119  0.8112
[33 : 48]:	0.8099  0.8091  0.8063  0.8038  0.8037  0.8034  0.8010  0.8005  0.7998  0.7978  0.7919  0.7900  0.7875  0.7875  0.7865  0.7847
[49 : 64]:	0.7834  0.7809  0.7799  0.7784  0.7784  0.7723  0.7723  0.7706  0.7706  0.7676  0.7656  0.7635  0.7635  0.7629  0.7613  0.7607
2024-10-27 12:59:00 [INFO] [evolutionary_search.cc:727] Got 64 candidate(s) with evolutionary search
2024-10-27 12:59:00 [INFO] [evolutionary_search.cc:730] Sending 64 candidates(s) for measurement
2024-10-27 13:00:04 [INFO] [task_scheduler.cc:131] [Task #0: main] Trial #513: GFLOPs: 2002.7507. Time: 998.6266 us. Best GFLOPs: 2352.6739
2024-10-27 13:00:04 [INFO] [task_scheduler.cc:131] [Task #0: main] Trial #514: GFLOPs: 2183.3182. Time: 916.0369 us. Best GFLOPs: 2352.6739
2024-10-27 13:00:04 [INFO] [task_scheduler.cc:131] [Task #0: main] Trial #515: GFLOPs: 2039.1814. Time: 980.7857 us. Best GFLOPs: 2352.6739
2024-10-27 13:00:04 [INFO] [task_scheduler.cc:131] [Task #0: main] Trial #516: GFLOPs: 2077.8997. Time: 962.5103 us. Best GFLOPs: 2352.6739
2024-10-27 13:00:04 [INFO] [task_scheduler.cc:131] [Task #0: main] Trial #517: GFLOPs: 2048.8132. Time: 976.1749 us. Best GFLOPs: 2352.6739
2024-10-27 13:00:04 [INFO] [task_scheduler.cc:131] [Task #0: main] Trial #518: GFLOPs: 2199.1946. Time: 909.4238 us. Best GFLOPs: 2352.6739
2024-10-27 13:00:04 [INFO] [task_scheduler.cc:131] [Task #0: main] Trial #519: GFLOPs: 1945.2255. Time: 1028.1584 us. Best GFLOPs: 2352.6739
2024-10-27 13:00:04 [INFO] [task_scheduler.cc:131] [Task #0: main] Trial #520: GFLOPs: 2082.2170. Time: 960.5147 us. Best GFLOPs: 2352.6739
2024-10-27 13:00:04 [INFO] [task_scheduler.cc:131] [Task #0: main] Trial #521: GFLOPs: 1820.0676. Time: 1098.8603 us. Best GFLOPs: 2352.6739
2024-10-27 13:00:04 [INFO] [task_scheduler.cc:131] [Task #0: main] Trial #522: GFLOPs: 2091.9186. Time: 956.0602 us. Best GFLOPs: 2352.6739
2024-10-27 13:00:04 [INFO] [task_scheduler.cc:131] [Task #0: main] Trial #523: GFLOPs: 2122.4297. Time: 942.3163 us. Best GFLOPs: 2352.6739
2024-10-27 13:00:04 [INFO] [task_scheduler.cc:131] [Task #0: main] Trial #524: GFLOPs: 1882.6932. Time: 1062.3080 us. Best GFLOPs: 2352.6739
2024-10-27 13:00:04 [INFO] [task_scheduler.cc:131] [Task #0: main] Trial #525: GFLOPs: 1596.7716. Time: 1252.5273 us. Best GFLOPs: 2352.6739
2024-10-27 13:00:04 [INFO] [task_scheduler.cc:131] [Task #0: main] Trial #526: GFLOPs: 2186.9222. Time: 914.5273 us. Best GFLOPs: 2352.6739
2024-10-27 13:00:04 [INFO] [task_scheduler.cc:131] [Task #0: main] Trial #527: GFLOPs: 2190.2179. Time: 913.1511 us. Best GFLOPs: 2352.6739
2024-10-27 13:00:04 [INFO] [task_scheduler.cc:131] [Task #0: main] Trial #528: GFLOPs: 2101.9586. Time: 951.4935 us. Best GFLOPs: 2352.6739
2024-10-27 13:00:04 [INFO] [task_scheduler.cc:131] [Task #0: main] Trial #529: GFLOPs: 1902.3210. Time: 1051.3473 us. Best GFLOPs: 2352.6739
2024-10-27 13:00:04 [INFO] [task_scheduler.cc:131] [Task #0: main] Trial #530: GFLOPs: 2118.7331. Time: 943.9603 us. Best GFLOPs: 2352.6739
2024-10-27 13:00:04 [INFO] [task_scheduler.cc:131] [Task #0: main] Trial #531: GFLOPs: 1909.5514. Time: 1047.3664 us. Best GFLOPs: 2352.6739
2024-10-27 13:00:04 [INFO] [task_scheduler.cc:131] [Task #0: main] Trial #532: GFLOPs: 2063.2388. Time: 969.3497 us. Best GFLOPs: 2352.6739
2024-10-27 13:00:04 [INFO] [task_scheduler.cc:131] [Task #0: main] Trial #533: GFLOPs: 1649.5776. Time: 1212.4316 us. Best GFLOPs: 2352.6739
2024-10-27 13:00:04 [INFO] [task_scheduler.cc:131] [Task #0: main] Trial #534: GFLOPs: 1870.0106. Time: 1069.5126 us. Best GFLOPs: 2352.6739
2024-10-27 13:00:04 [INFO] [task_scheduler.cc:131] [Task #0: main] Trial #535: GFLOPs: 2136.5146. Time: 936.1041 us. Best GFLOPs: 2352.6739
2024-10-27 13:00:04 [INFO] [task_scheduler.cc:131] [Task #0: main] Trial #536: GFLOPs: 1901.8276. Time: 1051.6200 us. Best GFLOPs: 2352.6739
2024-10-27 13:00:04 [INFO] [task_scheduler.cc:131] [Task #0: main] Trial #537: GFLOPs: 1969.9110. Time: 1015.2743 us. Best GFLOPs: 2352.6739
2024-10-27 13:00:04 [INFO] [task_scheduler.cc:131] [Task #0: main] Trial #538: GFLOPs: 2129.0443. Time: 939.3886 us. Best GFLOPs: 2352.6739
2024-10-27 13:00:04 [INFO] [task_scheduler.cc:131] [Task #0: main] Trial #539: GFLOPs: 1411.5852. Time: 1416.8468 us. Best GFLOPs: 2352.6739
2024-10-27 13:00:04 [INFO] [task_scheduler.cc:131] [Task #0: main] Trial #540: GFLOPs: 1283.0984. Time: 1558.7268 us. Best GFLOPs: 2352.6739
2024-10-27 13:00:04 [INFO] [task_scheduler.cc:131] [Task #0: main] Trial #541: GFLOPs: 1948.5855. Time: 1026.3855 us. Best GFLOPs: 2352.6739
2024-10-27 13:00:04 [INFO] [task_scheduler.cc:131] [Task #0: main] Trial #542: GFLOPs: 2010.5286. Time: 994.7633 us. Best GFLOPs: 2352.6739
2024-10-27 13:00:04 [INFO] [task_scheduler.cc:131] [Task #0: main] Trial #543: GFLOPs: 2137.9622. Time: 935.4702 us. Best GFLOPs: 2352.6739
2024-10-27 13:00:04 [INFO] [task_scheduler.cc:131] [Task #0: main] Trial #544: GFLOPs: 1987.5446. Time: 1006.2667 us. Best GFLOPs: 2352.6739
2024-10-27 13:00:04 [INFO] [task_scheduler.cc:131] [Task #0: main] Trial #545: GFLOPs: 1998.5858. Time: 1000.7076 us. Best GFLOPs: 2352.6739
2024-10-27 13:00:04 [INFO] [task_scheduler.cc:131] [Task #0: main] Trial #546: GFLOPs: 2209.5592. Time: 905.1579 us. Best GFLOPs: 2352.6739
2024-10-27 13:00:04 [INFO] [task_scheduler.cc:131] [Task #0: main] Trial #547: GFLOPs: 2045.3505. Time: 977.8275 us. Best GFLOPs: 2352.6739
2024-10-27 13:00:04 [INFO] [task_scheduler.cc:131] [Task #0: main] Trial #548: GFLOPs: 2104.4906. Time: 950.3488 us. Best GFLOPs: 2352.6739
2024-10-27 13:00:04 [INFO] [task_scheduler.cc:131] [Task #0: main] Trial #549: GFLOPs: 2206.7909. Time: 906.2934 us. Best GFLOPs: 2352.6739
2024-10-27 13:00:04 [INFO] [task_scheduler.cc:131] [Task #0: main] Trial #550: GFLOPs: 1646.6287. Time: 1214.6029 us. Best GFLOPs: 2352.6739
2024-10-27 13:00:04 [INFO] [task_scheduler.cc:131] [Task #0: main] Trial #551: GFLOPs: 2033.9840. Time: 983.2919 us. Best GFLOPs: 2352.6739
2024-10-27 13:00:04 [INFO] [task_scheduler.cc:131] [Task #0: main] Trial #552: GFLOPs: 1668.8006. Time: 1198.4655 us. Best GFLOPs: 2352.6739
2024-10-27 13:00:04 [INFO] [task_scheduler.cc:131] [Task #0: main] Trial #553: GFLOPs: 1976.6743. Time: 1011.8005 us. Best GFLOPs: 2352.6739
2024-10-27 13:00:04 [INFO] [task_scheduler.cc:131] [Task #0: main] Trial #554: GFLOPs: 2005.2225. Time: 997.3955 us. Best GFLOPs: 2352.6739
2024-10-27 13:00:04 [INFO] [task_scheduler.cc:131] [Task #0: main] Trial #555: GFLOPs: 1595.3722. Time: 1253.6259 us. Best GFLOPs: 2352.6739
2024-10-27 13:00:04 [INFO] [task_scheduler.cc:131] [Task #0: main] Trial #556: GFLOPs: 2346.4471. Time: 852.3525 us. Best GFLOPs: 2352.6739
2024-10-27 13:00:04 [INFO] [task_scheduler.cc:131] [Task #0: main] Trial #557: GFLOPs: 2120.8925. Time: 942.9992 us. Best GFLOPs: 2352.6739
2024-10-27 13:00:04 [INFO] [task_scheduler.cc:131] [Task #0: main] Trial #558: GFLOPs: 2139.7834. Time: 934.6740 us. Best GFLOPs: 2352.6739
2024-10-27 13:00:04 [INFO] [task_scheduler.cc:131] [Task #0: main] Trial #559: GFLOPs: 1543.8793. Time: 1295.4380 us. Best GFLOPs: 2352.6739
2024-10-27 13:00:04 [INFO] [task_scheduler.cc:131] [Task #0: main] Trial #560: GFLOPs: 1948.3167. Time: 1026.5272 us. Best GFLOPs: 2352.6739
2024-10-27 13:00:04 [INFO] [task_scheduler.cc:131] [Task #0: main] Trial #561: GFLOPs: 1809.2335. Time: 1105.4405 us. Best GFLOPs: 2352.6739
2024-10-27 13:00:04 [INFO] [task_scheduler.cc:131] [Task #0: main] Trial #562: GFLOPs: 1678.2228. Time: 1191.7369 us. Best GFLOPs: 2352.6739
2024-10-27 13:00:04 [INFO] [task_scheduler.cc:131] [Task #0: main] Trial #563: GFLOPs: 1892.9394. Time: 1056.5578 us. Best GFLOPs: 2352.6739
2024-10-27 13:00:04 [INFO] [task_scheduler.cc:131] [Task #0: main] Trial #564: GFLOPs: 2076.1167. Time: 963.3370 us. Best GFLOPs: 2352.6739
2024-10-27 13:00:04 [INFO] [task_scheduler.cc:131] [Task #0: main] Trial #565: GFLOPs: 1915.0925. Time: 1044.3360 us. Best GFLOPs: 2352.6739
2024-10-27 13:00:04 [INFO] [task_scheduler.cc:131] [Task #0: main] Trial #566: GFLOPs: 2270.9790. Time: 880.6774 us. Best GFLOPs: 2352.6739
2024-10-27 13:00:04 [INFO] [task_scheduler.cc:131] [Task #0: main] Trial #567: GFLOPs: 1781.2978. Time: 1122.7769 us. Best GFLOPs: 2352.6739
2024-10-27 13:00:04 [INFO] [task_scheduler.cc:131] [Task #0: main] Trial #568: GFLOPs: 1379.0905. Time: 1450.2312 us. Best GFLOPs: 2352.6739
2024-10-27 13:00:04 [INFO] [task_scheduler.cc:131] [Task #0: main] Trial #569: GFLOPs: 1880.3465. Time: 1063.6337 us. Best GFLOPs: 2352.6739
2024-10-27 13:00:04 [INFO] [task_scheduler.cc:131] [Task #0: main] Trial #570: GFLOPs: 1459.6472. Time: 1370.1941 us. Best GFLOPs: 2352.6739
2024-10-27 13:00:04 [INFO] [task_scheduler.cc:131] [Task #0: main] Trial #571: GFLOPs: 1637.1296. Time: 1221.6504 us. Best GFLOPs: 2352.6739
2024-10-27 13:00:04 [INFO] [task_scheduler.cc:131] [Task #0: main] Trial #572: GFLOPs: 2021.5657. Time: 989.3322 us. Best GFLOPs: 2352.6739
2024-10-27 13:00:04 [INFO] [task_scheduler.cc:131] [Task #0: main] Trial #573: GFLOPs: 2017.0932. Time: 991.5258 us. Best GFLOPs: 2352.6739
2024-10-27 13:00:04 [INFO] [task_scheduler.cc:131] [Task #0: main] Trial #574: GFLOPs: 701.2098. Time: 2852.2134 us. Best GFLOPs: 2352.6739
2024-10-27 13:00:04 [INFO] [task_scheduler.cc:131] [Task #0: main] Trial #575: GFLOPs: 581.9193. Time: 3436.9024 us. Best GFLOPs: 2352.6739
2024-10-27 13:00:04 [INFO] [task_scheduler.cc:131] [Task #0: main] Trial #576: GFLOPs: 343.4190. Time: 5823.7899 us. Best GFLOPs: 2352.6739
2024-10-27 13:00:04 [INFO] [evolutionary_search.cc:713] Generating candidates......
2024-10-27 13:00:04 [INFO] [evolutionary_search.cc:715] Picked top 102 candidate(s) from database
2024-10-27 13:00:04 [INFO] [evolutionary_search.cc:533] Sample-Init-Population summary:
Postproc #0 [meta_schedule.DisallowDynamicLoop(0x555558734de8)]: 0 failure(s)
Postproc #1 [meta_schedule.RewriteParallelVectorizeUnroll(0x555558623208)]: 0 failure(s)
Postproc #2 [meta_schedule.RewriteReductionBlock(0x5555574e5088)]: 0 failure(s)
Postproc #3 [meta_schedule.RewriteLayout(0x555557533f38)]: 0 failure(s)
2024-10-27 13:00:04 [INFO] [evolutionary_search.cc:723] Sampled 410 candidate(s)
2024-10-27 13:00:05 [INFO] [evolutionary_search.cc:621] Evolve iter #0 done. Summary:
Postproc #0 [meta_schedule.DisallowDynamicLoop(0x555558734de8)]: 0 failure(s)
Postproc #1 [meta_schedule.RewriteParallelVectorizeUnroll(0x555558623208)]: 0 failure(s)
Postproc #2 [meta_schedule.RewriteReductionBlock(0x5555574e5088)]: 0 failure(s)
Postproc #3 [meta_schedule.RewriteLayout(0x555557533f38)]: 0 failure(s)
2024-10-27 13:00:06 [INFO] [evolutionary_search.cc:621] Evolve iter #1 done. Summary:
Postproc #0 [meta_schedule.DisallowDynamicLoop(0x555558734de8)]: 0 failure(s)
Postproc #1 [meta_schedule.RewriteParallelVectorizeUnroll(0x555558623208)]: 0 failure(s)
Postproc #2 [meta_schedule.RewriteReductionBlock(0x5555574e5088)]: 0 failure(s)
Postproc #3 [meta_schedule.RewriteLayout(0x555557533f38)]: 0 failure(s)
2024-10-27 13:00:06 [INFO] [evolutionary_search.cc:621] Evolve iter #2 done. Summary:
Postproc #0 [meta_schedule.DisallowDynamicLoop(0x555558734de8)]: 0 failure(s)
Postproc #1 [meta_schedule.RewriteParallelVectorizeUnroll(0x555558623208)]: 0 failure(s)
Postproc #2 [meta_schedule.RewriteReductionBlock(0x5555574e5088)]: 0 failure(s)
Postproc #3 [meta_schedule.RewriteLayout(0x555557533f38)]: 0 failure(s)
2024-10-27 13:00:07 [INFO] [evolutionary_search.cc:621] Evolve iter #3 done. Summary:
Postproc #0 [meta_schedule.DisallowDynamicLoop(0x555558734de8)]: 0 failure(s)
Postproc #1 [meta_schedule.RewriteParallelVectorizeUnroll(0x555558623208)]: 0 failure(s)
Postproc #2 [meta_schedule.RewriteReductionBlock(0x5555574e5088)]: 0 failure(s)
Postproc #3 [meta_schedule.RewriteLayout(0x555557533f38)]: 0 failure(s)
2024-10-27 13:00:08 [INFO] [evolutionary_search.cc:649] Scores of the best 64 candidates:
[1 : 16]:	0.9624  0.9608  0.9508  0.9489  0.9489  0.9424  0.9180  0.9043  0.9009  0.9009  0.8938  0.8924  0.8904  0.8875  0.8875  0.8819
[17 : 32]:	0.8796  0.8768  0.8762  0.8762  0.8762  0.8733  0.8716  0.8716  0.8684  0.8683  0.8672  0.8662  0.8619  0.8619  0.8619  0.8563
[33 : 48]:	0.8561  0.8554  0.8549  0.8546  0.8521  0.8521  0.8516  0.8482  0.8462  0.8454  0.8451  0.8446  0.8445  0.8445  0.8384  0.8350
[49 : 64]:	0.8343  0.8338  0.8329  0.8329  0.8319  0.8277  0.8277  0.8275  0.8257  0.8256  0.8223  0.8223  0.8205  0.8195  0.8127  0.8127
2024-10-27 13:00:08 [INFO] [evolutionary_search.cc:727] Got 64 candidate(s) with evolutionary search
2024-10-27 13:00:08 [INFO] [evolutionary_search.cc:730] Sending 64 candidates(s) for measurement
2024-10-27 13:01:08 [INFO] [task_scheduler.cc:131] [Task #0: main] Trial #577: GFLOPs: 2244.6971. Time: 890.9888 us. Best GFLOPs: 2352.6739
2024-10-27 13:01:08 [INFO] [task_scheduler.cc:131] [Task #0: main] Trial #578: GFLOPs: 2344.4488. Time: 853.0790 us. Best GFLOPs: 2352.6739
2024-10-27 13:01:08 [INFO] [task_scheduler.cc:131] [Task #0: main] Trial #579: GFLOPs: 2327.5338. Time: 859.2786 us. Best GFLOPs: 2352.6739
2024-10-27 13:01:08 [INFO] [task_scheduler.cc:131] [Task #0: main] Trial #580: GFLOPs: 2094.1516. Time: 955.0407 us. Best GFLOPs: 2352.6739
2024-10-27 13:01:08 [INFO] [task_scheduler.cc:131] [Task #0: main] Trial #581: GFLOPs: 2106.4492. Time: 949.4651 us. Best GFLOPs: 2352.6739
2024-10-27 13:01:08 [INFO] [task_scheduler.cc:131] [Task #0: main] Trial #582: GFLOPs: 2223.4779. Time: 899.4917 us. Best GFLOPs: 2352.6739
2024-10-27 13:01:08 [INFO] [task_scheduler.cc:131] [Task #0: main] Trial #583: GFLOPs: 2216.3946. Time: 902.3664 us. Best GFLOPs: 2352.6739
2024-10-27 13:01:08 [INFO] [task_scheduler.cc:131] [Task #0: main] Trial #584: GFLOPs: 2258.5163. Time: 885.5371 us. Best GFLOPs: 2352.6739
2024-10-27 13:01:08 [INFO] [task_scheduler.cc:131] [Task #0: main] Trial #585: GFLOPs: 1908.0499. Time: 1048.1906 us. Best GFLOPs: 2352.6739
2024-10-27 13:01:08 [INFO] [task_scheduler.cc:131] [Task #0: main] Trial #586: GFLOPs: 1845.4938. Time: 1083.7208 us. Best GFLOPs: 2352.6739
2024-10-27 13:01:08 [INFO] [task_scheduler.cc:131] [Task #0: main] Trial #587: GFLOPs: 2245.6663. Time: 890.6043 us. Best GFLOPs: 2352.6739
2024-10-27 13:01:08 [INFO] [task_scheduler.cc:131] [Task #0: main] Trial #588: GFLOPs: 2026.5131. Time: 986.9169 us. Best GFLOPs: 2352.6739
2024-10-27 13:01:08 [INFO] [task_scheduler.cc:131] [Task #0: main] Trial #589: GFLOPs: 2218.0555. Time: 901.6907 us. Best GFLOPs: 2352.6739
2024-10-27 13:01:08 [INFO] [task_scheduler.cc:131] [Task #0: main] Trial #590: GFLOPs: 1958.8821. Time: 1020.9905 us. Best GFLOPs: 2352.6739
2024-10-27 13:01:08 [INFO] [task_scheduler.cc:131] [Task #0: main] Trial #591: GFLOPs: 2155.2730. Time: 927.9567 us. Best GFLOPs: 2352.6739
2024-10-27 13:01:08 [INFO] [task_scheduler.cc:131] [Task #0: main] Trial #592: GFLOPs: 2126.4139. Time: 940.5507 us. Best GFLOPs: 2352.6739
2024-10-27 13:01:08 [INFO] [task_scheduler.cc:131] [Task #0: main] Trial #593: GFLOPs: 1781.2998. Time: 1122.7756 us. Best GFLOPs: 2352.6739
2024-10-27 13:01:08 [INFO] [task_scheduler.cc:131] [Task #0: main] Trial #594: GFLOPs: 1823.2930. Time: 1096.9164 us. Best GFLOPs: 2352.6739
2024-10-27 13:01:08 [INFO] [task_scheduler.cc:131] [Task #0: main] Trial #595: GFLOPs: 2208.0364. Time: 905.7822 us. Best GFLOPs: 2352.6739
2024-10-27 13:01:08 [INFO] [task_scheduler.cc:131] [Task #0: main] Trial #596: GFLOPs: 2318.1349. Time: 862.7626 us. Best GFLOPs: 2352.6739
2024-10-27 13:01:08 [INFO] [task_scheduler.cc:131] [Task #0: main] Trial #597: GFLOPs: 1992.7291. Time: 1003.6487 us. Best GFLOPs: 2352.6739
2024-10-27 13:01:08 [INFO] [task_scheduler.cc:131] [Task #0: main] Trial #598: GFLOPs: 2082.3607. Time: 960.4484 us. Best GFLOPs: 2352.6739
2024-10-27 13:01:08 [INFO] [task_scheduler.cc:131] [Task #0: main] Trial #599: GFLOPs: 1863.2169. Time: 1073.4123 us. Best GFLOPs: 2352.6739
2024-10-27 13:01:08 [INFO] [task_scheduler.cc:131] [Task #0: main] Trial #600: GFLOPs: 1838.8764. Time: 1087.6207 us. Best GFLOPs: 2352.6739
2024-10-27 13:01:08 [INFO] [task_scheduler.cc:131] [Task #0: main] Trial #601: GFLOPs: 2190.5701. Time: 913.0043 us. Best GFLOPs: 2352.6739
2024-10-27 13:01:08 [INFO] [task_scheduler.cc:131] [Task #0: main] Trial #602: GFLOPs: 1910.3014. Time: 1046.9552 us. Best GFLOPs: 2352.6739
2024-10-27 13:01:08 [INFO] [task_scheduler.cc:131] [Task #0: main] Trial #603: GFLOPs: 2356.8605. Time: 848.5865 us. Best GFLOPs: 2356.8605
2024-10-27 13:01:08 [INFO] [task_scheduler.cc:131] [Task #0: main] Trial #604: GFLOPs: 2000.8077. Time: 999.5963 us. Best GFLOPs: 2356.8605
2024-10-27 13:01:08 [INFO] [task_scheduler.cc:131] [Task #0: main] Trial #605: GFLOPs: 2265.2636. Time: 882.8995 us. Best GFLOPs: 2356.8605
2024-10-27 13:01:08 [INFO] [task_scheduler.cc:131] [Task #0: main] Trial #606: GFLOPs: 1955.0190. Time: 1023.0080 us. Best GFLOPs: 2356.8605
2024-10-27 13:01:08 [INFO] [task_scheduler.cc:131] [Task #0: main] Trial #607: GFLOPs: 1889.5128. Time: 1058.4739 us. Best GFLOPs: 2356.8605
2024-10-27 13:01:08 [INFO] [task_scheduler.cc:131] [Task #0: main] Trial #608: GFLOPs: 2234.7764. Time: 894.9441 us. Best GFLOPs: 2356.8605
2024-10-27 13:01:08 [INFO] [task_scheduler.cc:131] [Task #0: main] Trial #609: GFLOPs: 2260.1729. Time: 884.8881 us. Best GFLOPs: 2356.8605
2024-10-27 13:01:08 [INFO] [task_scheduler.cc:131] [Task #0: main] Trial #610: GFLOPs: 2007.9415. Time: 996.0450 us. Best GFLOPs: 2356.8605
2024-10-27 13:01:08 [INFO] [task_scheduler.cc:131] [Task #0: main] Trial #611: GFLOPs: 2029.2342. Time: 985.5935 us. Best GFLOPs: 2356.8605
2024-10-27 13:01:08 [INFO] [task_scheduler.cc:131] [Task #0: main] Trial #612: GFLOPs: 2130.0712. Time: 938.9358 us. Best GFLOPs: 2356.8605
2024-10-27 13:01:08 [INFO] [task_scheduler.cc:131] [Task #0: main] Trial #613: GFLOPs: 1952.0220. Time: 1024.5786 us. Best GFLOPs: 2356.8605
2024-10-27 13:01:08 [INFO] [task_scheduler.cc:131] [Task #0: main] Trial #614: GFLOPs: 2136.4132. Time: 936.1485 us. Best GFLOPs: 2356.8605
2024-10-27 13:01:08 [INFO] [task_scheduler.cc:131] [Task #0: main] Trial #615: GFLOPs: 2034.3817. Time: 983.0997 us. Best GFLOPs: 2356.8605
2024-10-27 13:01:08 [INFO] [task_scheduler.cc:131] [Task #0: main] Trial #616: GFLOPs: 2107.3226. Time: 949.0716 us. Best GFLOPs: 2356.8605
2024-10-27 13:01:08 [INFO] [task_scheduler.cc:131] [Task #0: main] Trial #617: GFLOPs: 1922.1912. Time: 1040.4792 us. Best GFLOPs: 2356.8605
2024-10-27 13:01:08 [INFO] [task_scheduler.cc:131] [Task #0: main] Trial #618: GFLOPs: 2019.1446. Time: 990.5185 us. Best GFLOPs: 2356.8605
2024-10-27 13:01:08 [INFO] [task_scheduler.cc:131] [Task #0: main] Trial #619: GFLOPs: 2233.8535. Time: 895.3139 us. Best GFLOPs: 2356.8605
2024-10-27 13:01:08 [INFO] [task_scheduler.cc:131] [Task #0: main] Trial #620: GFLOPs: 1649.5993. Time: 1212.4156 us. Best GFLOPs: 2356.8605
2024-10-27 13:01:08 [INFO] [task_scheduler.cc:131] [Task #0: main] Trial #621: GFLOPs: 2188.3263. Time: 913.9405 us. Best GFLOPs: 2356.8605
2024-10-27 13:01:08 [INFO] [task_scheduler.cc:131] [Task #0: main] Trial #622: GFLOPs: 2062.6193. Time: 969.6409 us. Best GFLOPs: 2356.8605
2024-10-27 13:01:08 [INFO] [task_scheduler.cc:131] [Task #0: main] Trial #623: GFLOPs: 2135.5778. Time: 936.5147 us. Best GFLOPs: 2356.8605
2024-10-27 13:01:08 [INFO] [task_scheduler.cc:131] [Task #0: main] Trial #624: GFLOPs: 1840.6434. Time: 1086.5766 us. Best GFLOPs: 2356.8605
2024-10-27 13:01:08 [INFO] [task_scheduler.cc:131] [Task #0: main] Trial #625: GFLOPs: 2065.1622. Time: 968.4469 us. Best GFLOPs: 2356.8605
2024-10-27 13:01:08 [INFO] [task_scheduler.cc:131] [Task #0: main] Trial #626: GFLOPs: 2079.7998. Time: 961.6310 us. Best GFLOPs: 2356.8605
2024-10-27 13:01:08 [INFO] [task_scheduler.cc:131] [Task #0: main] Trial #627: GFLOPs: 2106.0113. Time: 949.6625 us. Best GFLOPs: 2356.8605
2024-10-27 13:01:08 [INFO] [task_scheduler.cc:131] [Task #0: main] Trial #628: GFLOPs: 1846.2087. Time: 1083.3011 us. Best GFLOPs: 2356.8605
2024-10-27 13:01:08 [INFO] [task_scheduler.cc:131] [Task #0: main] Trial #629: GFLOPs: 2251.4808. Time: 888.3043 us. Best GFLOPs: 2356.8605
2024-10-27 13:01:08 [INFO] [task_scheduler.cc:131] [Task #0: main] Trial #630: GFLOPs: 1968.2587. Time: 1016.1266 us. Best GFLOPs: 2356.8605
2024-10-27 13:01:08 [INFO] [task_scheduler.cc:131] [Task #0: main] Trial #631: GFLOPs: 1925.7883. Time: 1038.5358 us. Best GFLOPs: 2356.8605
2024-10-27 13:01:08 [INFO] [task_scheduler.cc:131] [Task #0: main] Trial #632: GFLOPs: 1977.0160. Time: 1011.6256 us. Best GFLOPs: 2356.8605
2024-10-27 13:01:08 [INFO] [task_scheduler.cc:131] [Task #0: main] Trial #633: GFLOPs: 2052.9484. Time: 974.2086 us. Best GFLOPs: 2356.8605
2024-10-27 13:01:08 [INFO] [task_scheduler.cc:131] [Task #0: main] Trial #634: GFLOPs: 2253.7738. Time: 887.4005 us. Best GFLOPs: 2356.8605
2024-10-27 13:01:08 [INFO] [task_scheduler.cc:131] [Task #0: main] Trial #635: GFLOPs: 1962.5740. Time: 1019.0698 us. Best GFLOPs: 2356.8605
2024-10-27 13:01:08 [INFO] [task_scheduler.cc:131] [Task #0: main] Trial #636: GFLOPs: 1960.4441. Time: 1020.1770 us. Best GFLOPs: 2356.8605
2024-10-27 13:01:08 [INFO] [task_scheduler.cc:131] [Task #0: main] Trial #637: GFLOPs: 1603.8645. Time: 1246.9882 us. Best GFLOPs: 2356.8605
2024-10-27 13:01:08 [INFO] [task_scheduler.cc:131] [Task #0: main] Trial #638: GFLOPs: 159.5913. Time: 12532.0129 us. Best GFLOPs: 2356.8605
2024-10-27 13:01:08 [INFO] [task_scheduler.cc:131] [Task #0: main] Trial #639: GFLOPs: 1024.4200. Time: 1952.3243 us. Best GFLOPs: 2356.8605
2024-10-27 13:01:08 [INFO] [task_scheduler.cc:131] [Task #0: main] Trial #640: GFLOPs: 398.8885. Time: 5013.9325 us. Best GFLOPs: 2356.8605
2024-10-27 13:01:08 [INFO] [evolutionary_search.cc:713] Generating candidates......
2024-10-27 13:01:08 [INFO] [evolutionary_search.cc:715] Picked top 102 candidate(s) from database
2024-10-27 13:01:08 [INFO] [evolutionary_search.cc:533] Sample-Init-Population summary:
Postproc #0 [meta_schedule.DisallowDynamicLoop(0x555558734de8)]: 0 failure(s)
Postproc #1 [meta_schedule.RewriteParallelVectorizeUnroll(0x555558623208)]: 0 failure(s)
Postproc #2 [meta_schedule.RewriteReductionBlock(0x5555574e5088)]: 0 failure(s)
Postproc #3 [meta_schedule.RewriteLayout(0x555557533f38)]: 0 failure(s)
2024-10-27 13:01:08 [INFO] [evolutionary_search.cc:723] Sampled 410 candidate(s)
2024-10-27 13:01:09 [INFO] [evolutionary_search.cc:621] Evolve iter #0 done. Summary:
Postproc #0 [meta_schedule.DisallowDynamicLoop(0x555558734de8)]: 0 failure(s)
Postproc #1 [meta_schedule.RewriteParallelVectorizeUnroll(0x555558623208)]: 0 failure(s)
Postproc #2 [meta_schedule.RewriteReductionBlock(0x5555574e5088)]: 0 failure(s)
Postproc #3 [meta_schedule.RewriteLayout(0x555557533f38)]: 0 failure(s)
2024-10-27 13:01:10 [INFO] [evolutionary_search.cc:621] Evolve iter #1 done. Summary:
Postproc #0 [meta_schedule.DisallowDynamicLoop(0x555558734de8)]: 0 failure(s)
Postproc #1 [meta_schedule.RewriteParallelVectorizeUnroll(0x555558623208)]: 0 failure(s)
Postproc #2 [meta_schedule.RewriteReductionBlock(0x5555574e5088)]: 0 failure(s)
Postproc #3 [meta_schedule.RewriteLayout(0x555557533f38)]: 0 failure(s)
2024-10-27 13:01:11 [INFO] [evolutionary_search.cc:621] Evolve iter #2 done. Summary:
Postproc #0 [meta_schedule.DisallowDynamicLoop(0x555558734de8)]: 0 failure(s)
Postproc #1 [meta_schedule.RewriteParallelVectorizeUnroll(0x555558623208)]: 0 failure(s)
Postproc #2 [meta_schedule.RewriteReductionBlock(0x5555574e5088)]: 0 failure(s)
Postproc #3 [meta_schedule.RewriteLayout(0x555557533f38)]: 0 failure(s)
2024-10-27 13:01:12 [INFO] [evolutionary_search.cc:621] Evolve iter #3 done. Summary:
Postproc #0 [meta_schedule.DisallowDynamicLoop(0x555558734de8)]: 0 failure(s)
Postproc #1 [meta_schedule.RewriteParallelVectorizeUnroll(0x555558623208)]: 0 failure(s)
Postproc #2 [meta_schedule.RewriteReductionBlock(0x5555574e5088)]: 0 failure(s)
Postproc #3 [meta_schedule.RewriteLayout(0x555557533f38)]: 0 failure(s)
2024-10-27 13:01:13 [INFO] [evolutionary_search.cc:649] Scores of the best 64 candidates:
[1 : 16]:	0.9861  0.9708  0.9670  0.9578  0.9571  0.9482  0.9396  0.9396  0.9396  0.9390  0.9378  0.9354  0.9336  0.9234  0.9172  0.9154
[17 : 32]:	0.9154  0.9154  0.9046  0.9000  0.8982  0.8982  0.8943  0.8943  0.8867  0.8866  0.8866  0.8801  0.8746  0.8682  0.8673  0.8657
[33 : 48]:	0.8655  0.8604  0.8585  0.8583  0.8505  0.8505  0.8501  0.8476  0.8421  0.8369  0.8366  0.8364  0.8337  0.8282  0.8277  0.8263
[49 : 64]:	0.8255  0.8245  0.8243  0.8243  0.8242  0.8233  0.8231  0.8193  0.8168  0.8126  0.8114  0.8084  0.8070  0.8020  0.8020  0.7937
2024-10-27 13:01:13 [INFO] [evolutionary_search.cc:727] Got 64 candidate(s) with evolutionary search
2024-10-27 13:01:13 [INFO] [evolutionary_search.cc:730] Sending 64 candidates(s) for measurement
2024-10-27 13:02:15 [INFO] [task_scheduler.cc:131] [Task #0: main] Trial #641: GFLOPs: 2207.2098. Time: 906.1214 us. Best GFLOPs: 2356.8605
2024-10-27 13:02:15 [INFO] [task_scheduler.cc:131] [Task #0: main] Trial #642: GFLOPs: 2265.3657. Time: 882.8597 us. Best GFLOPs: 2356.8605
2024-10-27 13:02:15 [INFO] [task_scheduler.cc:131] [Task #0: main] Trial #643: GFLOPs: 2083.5484. Time: 959.9009 us. Best GFLOPs: 2356.8605
2024-10-27 13:02:15 [INFO] [task_scheduler.cc:131] [Task #0: main] Trial #644: GFLOPs: 1815.7441. Time: 1101.4768 us. Best GFLOPs: 2356.8605
2024-10-27 13:02:15 [INFO] [task_scheduler.cc:131] [Task #0: main] Trial #645: GFLOPs: 2251.9051. Time: 888.1369 us. Best GFLOPs: 2356.8605
2024-10-27 13:02:15 [INFO] [task_scheduler.cc:131] [Task #0: main] Trial #646: GFLOPs: 2205.2792. Time: 906.9147 us. Best GFLOPs: 2356.8605
2024-10-27 13:02:15 [INFO] [task_scheduler.cc:131] [Task #0: main] Trial #647: GFLOPs: 1875.5903. Time: 1066.3309 us. Best GFLOPs: 2356.8605
2024-10-27 13:02:15 [INFO] [task_scheduler.cc:131] [Task #0: main] Trial #648: GFLOPs: 1713.5277. Time: 1167.1827 us. Best GFLOPs: 2356.8605
2024-10-27 13:02:15 [INFO] [task_scheduler.cc:131] [Task #0: main] Trial #649: GFLOPs: 2158.4620. Time: 926.5857 us. Best GFLOPs: 2356.8605
2024-10-27 13:02:15 [INFO] [task_scheduler.cc:131] [Task #0: main] Trial #650: GFLOPs: 2344.8838. Time: 852.9207 us. Best GFLOPs: 2356.8605
2024-10-27 13:02:15 [INFO] [task_scheduler.cc:131] [Task #0: main] Trial #651: GFLOPs: 2261.6092. Time: 884.3261 us. Best GFLOPs: 2356.8605
2024-10-27 13:02:15 [INFO] [task_scheduler.cc:131] [Task #0: main] Trial #652: GFLOPs: 2125.7671. Time: 940.8368 us. Best GFLOPs: 2356.8605
2024-10-27 13:02:15 [INFO] [task_scheduler.cc:131] [Task #0: main] Trial #653: GFLOPs: 2221.3665. Time: 900.3467 us. Best GFLOPs: 2356.8605
2024-10-27 13:02:15 [INFO] [task_scheduler.cc:131] [Task #0: main] Trial #654: GFLOPs: 1608.2891. Time: 1243.5575 us. Best GFLOPs: 2356.8605
2024-10-27 13:02:15 [INFO] [task_scheduler.cc:131] [Task #0: main] Trial #655: GFLOPs: 2260.7603. Time: 884.6581 us. Best GFLOPs: 2356.8605
2024-10-27 13:02:15 [INFO] [task_scheduler.cc:131] [Task #0: main] Trial #656: GFLOPs: 2186.4125. Time: 914.7405 us. Best GFLOPs: 2356.8605
2024-10-27 13:02:15 [INFO] [task_scheduler.cc:131] [Task #0: main] Trial #657: GFLOPs: 2177.2797. Time: 918.5774 us. Best GFLOPs: 2356.8605
2024-10-27 13:02:15 [INFO] [task_scheduler.cc:131] [Task #0: main] Trial #658: GFLOPs: 2049.9294. Time: 975.6434 us. Best GFLOPs: 2356.8605
2024-10-27 13:02:15 [INFO] [task_scheduler.cc:131] [Task #0: main] Trial #659: GFLOPs: 2216.5122. Time: 902.3185 us. Best GFLOPs: 2356.8605
2024-10-27 13:02:15 [INFO] [task_scheduler.cc:131] [Task #0: main] Trial #660: GFLOPs: 2207.8595. Time: 905.8547 us. Best GFLOPs: 2356.8605
2024-10-27 13:02:15 [INFO] [task_scheduler.cc:131] [Task #0: main] Trial #661: GFLOPs: 1930.6916. Time: 1035.8982 us. Best GFLOPs: 2356.8605
2024-10-27 13:02:15 [INFO] [task_scheduler.cc:131] [Task #0: main] Trial #662: GFLOPs: 1868.8705. Time: 1070.1651 us. Best GFLOPs: 2356.8605
2024-10-27 13:02:15 [INFO] [task_scheduler.cc:131] [Task #0: main] Trial #663: GFLOPs: 2169.4696. Time: 921.8843 us. Best GFLOPs: 2356.8605
2024-10-27 13:02:15 [INFO] [task_scheduler.cc:131] [Task #0: main] Trial #664: GFLOPs: 2187.3443. Time: 914.3508 us. Best GFLOPs: 2356.8605
2024-10-27 13:02:15 [INFO] [task_scheduler.cc:131] [Task #0: main] Trial #665: GFLOPs: 1302.8217. Time: 1535.1295 us. Best GFLOPs: 2356.8605
2024-10-27 13:02:15 [INFO] [task_scheduler.cc:131] [Task #0: main] Trial #666: GFLOPs: 2064.0951. Time: 968.9476 us. Best GFLOPs: 2356.8605
2024-10-27 13:02:15 [INFO] [task_scheduler.cc:131] [Task #0: main] Trial #667: GFLOPs: 2139.5517. Time: 934.7752 us. Best GFLOPs: 2356.8605
2024-10-27 13:02:15 [INFO] [task_scheduler.cc:131] [Task #0: main] Trial #668: GFLOPs: 2336.1280. Time: 856.1175 us. Best GFLOPs: 2356.8605
2024-10-27 13:02:15 [INFO] [task_scheduler.cc:131] [Task #0: main] Trial #669: GFLOPs: 1806.3818. Time: 1107.1856 us. Best GFLOPs: 2356.8605
2024-10-27 13:02:15 [INFO] [task_scheduler.cc:131] [Task #0: main] Trial #670: GFLOPs: 1764.7651. Time: 1133.2953 us. Best GFLOPs: 2356.8605
2024-10-27 13:02:15 [INFO] [task_scheduler.cc:131] [Task #0: main] Trial #671: GFLOPs: 2109.7227. Time: 947.9919 us. Best GFLOPs: 2356.8605
2024-10-27 13:02:15 [INFO] [task_scheduler.cc:131] [Task #0: main] Trial #672: GFLOPs: 2187.1942. Time: 914.4135 us. Best GFLOPs: 2356.8605
2024-10-27 13:02:15 [INFO] [task_scheduler.cc:131] [Task #0: main] Trial #673: GFLOPs: 1658.3451. Time: 1206.0216 us. Best GFLOPs: 2356.8605
2024-10-27 13:02:15 [INFO] [task_scheduler.cc:131] [Task #0: main] Trial #674: GFLOPs: 1623.2273. Time: 1232.1133 us. Best GFLOPs: 2356.8605
2024-10-27 13:02:15 [INFO] [task_scheduler.cc:131] [Task #0: main] Trial #675: GFLOPs: 2299.5606. Time: 869.7314 us. Best GFLOPs: 2356.8605
2024-10-27 13:02:15 [INFO] [task_scheduler.cc:131] [Task #0: main] Trial #676: GFLOPs: 2140.5213. Time: 934.3518 us. Best GFLOPs: 2356.8605
2024-10-27 13:02:15 [INFO] [task_scheduler.cc:131] [Task #0: main] Trial #677: GFLOPs: 2134.0962. Time: 937.1649 us. Best GFLOPs: 2356.8605
2024-10-27 13:02:15 [INFO] [task_scheduler.cc:131] [Task #0: main] Trial #678: GFLOPs: 2207.1857. Time: 906.1313 us. Best GFLOPs: 2356.8605
2024-10-27 13:02:15 [INFO] [task_scheduler.cc:131] [Task #0: main] Trial #679: GFLOPs: 1902.7286. Time: 1051.1221 us. Best GFLOPs: 2356.8605
2024-10-27 13:02:15 [INFO] [task_scheduler.cc:131] [Task #0: main] Trial #680: GFLOPs: 1917.9938. Time: 1042.7562 us. Best GFLOPs: 2356.8605
2024-10-27 13:02:15 [INFO] [task_scheduler.cc:131] [Task #0: main] Trial #681: GFLOPs: 1865.7825. Time: 1071.9363 us. Best GFLOPs: 2356.8605
2024-10-27 13:02:15 [INFO] [task_scheduler.cc:131] [Task #0: main] Trial #682: GFLOPs: 2237.1413. Time: 893.9981 us. Best GFLOPs: 2356.8605
2024-10-27 13:02:15 [INFO] [task_scheduler.cc:131] [Task #0: main] Trial #683: GFLOPs: 1668.3255. Time: 1198.8068 us. Best GFLOPs: 2356.8605
2024-10-27 13:02:15 [INFO] [task_scheduler.cc:131] [Task #0: main] Trial #684: GFLOPs: 1892.3495. Time: 1056.8872 us. Best GFLOPs: 2356.8605
2024-10-27 13:02:15 [INFO] [task_scheduler.cc:131] [Task #0: main] Trial #685: GFLOPs: 2100.2628. Time: 952.2618 us. Best GFLOPs: 2356.8605
2024-10-27 13:02:15 [INFO] [task_scheduler.cc:131] [Task #0: main] Trial #686: GFLOPs: 1870.8997. Time: 1069.0044 us. Best GFLOPs: 2356.8605
2024-10-27 13:02:15 [INFO] [task_scheduler.cc:131] [Task #0: main] Trial #687: GFLOPs: 2115.7884. Time: 945.2741 us. Best GFLOPs: 2356.8605
2024-10-27 13:02:15 [INFO] [task_scheduler.cc:131] [Task #0: main] Trial #688: GFLOPs: 2074.2414. Time: 964.2079 us. Best GFLOPs: 2356.8605
2024-10-27 13:02:15 [INFO] [task_scheduler.cc:131] [Task #0: main] Trial #689: GFLOPs: 2084.4760. Time: 959.4737 us. Best GFLOPs: 2356.8605
2024-10-27 13:02:15 [INFO] [task_scheduler.cc:131] [Task #0: main] Trial #690: GFLOPs: 2120.1545. Time: 943.3275 us. Best GFLOPs: 2356.8605
2024-10-27 13:02:15 [INFO] [task_scheduler.cc:131] [Task #0: main] Trial #691: GFLOPs: 2062.5846. Time: 969.6572 us. Best GFLOPs: 2356.8605
2024-10-27 13:02:15 [INFO] [task_scheduler.cc:131] [Task #0: main] Trial #692: GFLOPs: 2081.7738. Time: 960.7192 us. Best GFLOPs: 2356.8605
2024-10-27 13:02:15 [INFO] [task_scheduler.cc:131] [Task #0: main] Trial #693: GFLOPs: 1975.6230. Time: 1012.3389 us. Best GFLOPs: 2356.8605
2024-10-27 13:02:15 [INFO] [task_scheduler.cc:131] [Task #0: main] Trial #694: GFLOPs: 2214.1228. Time: 903.2923 us. Best GFLOPs: 2356.8605
2024-10-27 13:02:15 [INFO] [task_scheduler.cc:131] [Task #0: main] Trial #695: GFLOPs: 1951.7926. Time: 1024.6990 us. Best GFLOPs: 2356.8605
2024-10-27 13:02:15 [INFO] [task_scheduler.cc:131] [Task #0: main] Trial #696: GFLOPs: 2128.4164. Time: 939.6657 us. Best GFLOPs: 2356.8605
2024-10-27 13:02:15 [INFO] [task_scheduler.cc:131] [Task #0: main] Trial #697: GFLOPs: 2125.8631. Time: 940.7944 us. Best GFLOPs: 2356.8605
2024-10-27 13:02:15 [INFO] [task_scheduler.cc:131] [Task #0: main] Trial #698: GFLOPs: 1161.5103. Time: 1721.8960 us. Best GFLOPs: 2356.8605
2024-10-27 13:02:15 [INFO] [task_scheduler.cc:131] [Task #0: main] Trial #699: GFLOPs: 1897.0336. Time: 1054.2776 us. Best GFLOPs: 2356.8605
2024-10-27 13:02:15 [INFO] [task_scheduler.cc:131] [Task #0: main] Trial #700: GFLOPs: 2099.4002. Time: 952.6531 us. Best GFLOPs: 2356.8605
2024-10-27 13:02:15 [INFO] [task_scheduler.cc:131] [Task #0: main] Trial #701: GFLOPs: 2022.0155. Time: 989.1121 us. Best GFLOPs: 2356.8605
2024-10-27 13:02:15 [INFO] [task_scheduler.cc:131] [Task #0: main] Trial #702: GFLOPs: 64.5708. Time: 30973.7401 us. Best GFLOPs: 2356.8605
2024-10-27 13:02:15 [INFO] [task_scheduler.cc:131] [Task #0: main] Trial #703: GFLOPs: 509.3942. Time: 3926.2327 us. Best GFLOPs: 2356.8605
2024-10-27 13:02:15 [INFO] [task_scheduler.cc:131] [Task #0: main] Trial #704: GFLOPs: 445.9049. Time: 4485.2611 us. Best GFLOPs: 2356.8605
2024-10-27 13:02:15 [INFO] [evolutionary_search.cc:713] Generating candidates......
2024-10-27 13:02:15 [INFO] [evolutionary_search.cc:715] Picked top 102 candidate(s) from database
2024-10-27 13:02:15 [INFO] [evolutionary_search.cc:533] Sample-Init-Population summary:
Postproc #0 [meta_schedule.DisallowDynamicLoop(0x555558734de8)]: 0 failure(s)
Postproc #1 [meta_schedule.RewriteParallelVectorizeUnroll(0x555558623208)]: 0 failure(s)
Postproc #2 [meta_schedule.RewriteReductionBlock(0x5555574e5088)]: 0 failure(s)
Postproc #3 [meta_schedule.RewriteLayout(0x555557533f38)]: 0 failure(s)
2024-10-27 13:02:15 [INFO] [evolutionary_search.cc:723] Sampled 410 candidate(s)
2024-10-27 13:02:16 [INFO] [evolutionary_search.cc:621] Evolve iter #0 done. Summary:
Postproc #0 [meta_schedule.DisallowDynamicLoop(0x555558734de8)]: 0 failure(s)
Postproc #1 [meta_schedule.RewriteParallelVectorizeUnroll(0x555558623208)]: 0 failure(s)
Postproc #2 [meta_schedule.RewriteReductionBlock(0x5555574e5088)]: 0 failure(s)
Postproc #3 [meta_schedule.RewriteLayout(0x555557533f38)]: 0 failure(s)
2024-10-27 13:02:17 [INFO] [evolutionary_search.cc:621] Evolve iter #1 done. Summary:
Postproc #0 [meta_schedule.DisallowDynamicLoop(0x555558734de8)]: 0 failure(s)
Postproc #1 [meta_schedule.RewriteParallelVectorizeUnroll(0x555558623208)]: 0 failure(s)
Postproc #2 [meta_schedule.RewriteReductionBlock(0x5555574e5088)]: 0 failure(s)
Postproc #3 [meta_schedule.RewriteLayout(0x555557533f38)]: 0 failure(s)
2024-10-27 13:02:18 [INFO] [evolutionary_search.cc:621] Evolve iter #2 done. Summary:
Postproc #0 [meta_schedule.DisallowDynamicLoop(0x555558734de8)]: 0 failure(s)
Postproc #1 [meta_schedule.RewriteParallelVectorizeUnroll(0x555558623208)]: 0 failure(s)
Postproc #2 [meta_schedule.RewriteReductionBlock(0x5555574e5088)]: 0 failure(s)
Postproc #3 [meta_schedule.RewriteLayout(0x555557533f38)]: 0 failure(s)
2024-10-27 13:02:19 [INFO] [evolutionary_search.cc:621] Evolve iter #3 done. Summary:
Postproc #0 [meta_schedule.DisallowDynamicLoop(0x555558734de8)]: 0 failure(s)
Postproc #1 [meta_schedule.RewriteParallelVectorizeUnroll(0x555558623208)]: 0 failure(s)
Postproc #2 [meta_schedule.RewriteReductionBlock(0x5555574e5088)]: 0 failure(s)
Postproc #3 [meta_schedule.RewriteLayout(0x555557533f38)]: 0 failure(s)
2024-10-27 13:02:19 [INFO] [evolutionary_search.cc:649] Scores of the best 64 candidates:
[1 : 16]:	0.9522  0.9522  0.9505  0.9433  0.9270  0.9217  0.9145  0.9145  0.9100  0.9083  0.9083  0.9069  0.8980  0.8980  0.8940  0.8909
[17 : 32]:	0.8886  0.8802  0.8772  0.8771  0.8751  0.8726  0.8712  0.8703  0.8679  0.8654  0.8654  0.8646  0.8637  0.8551  0.8540  0.8519
[33 : 48]:	0.8508  0.8508  0.8507  0.8475  0.8462  0.8421  0.8414  0.8397  0.8374  0.8283  0.8257  0.8185  0.8161  0.8121  0.8100  0.8095
[49 : 64]:	0.8074  0.8073  0.8063  0.7899  0.7877  0.7871  0.7871  0.7868  0.7858  0.7858  0.7858  0.7850  0.7842  0.7833  0.7798  0.7790
2024-10-27 13:02:19 [INFO] [evolutionary_search.cc:727] Got 64 candidate(s) with evolutionary search
2024-10-27 13:02:19 [INFO] [evolutionary_search.cc:730] Sending 64 candidates(s) for measurement
2024-10-27 13:03:20 [INFO] [task_scheduler.cc:131] [Task #0: main] Trial #705: GFLOPs: 2397.3050. Time: 834.2701 us. Best GFLOPs: 2397.3050
2024-10-27 13:03:20 [INFO] [task_scheduler.cc:131] [Task #0: main] Trial #706: GFLOPs: 2352.7366. Time: 850.0739 us. Best GFLOPs: 2397.3050
2024-10-27 13:03:20 [INFO] [task_scheduler.cc:131] [Task #0: main] Trial #707: GFLOPs: 2207.9795. Time: 905.8055 us. Best GFLOPs: 2397.3050
2024-10-27 13:03:20 [INFO] [task_scheduler.cc:131] [Task #0: main] Trial #708: GFLOPs: 2251.9446. Time: 888.1213 us. Best GFLOPs: 2397.3050
2024-10-27 13:03:20 [INFO] [task_scheduler.cc:131] [Task #0: main] Trial #709: GFLOPs: 2234.8740. Time: 894.9050 us. Best GFLOPs: 2397.3050
2024-10-27 13:03:20 [INFO] [task_scheduler.cc:131] [Task #0: main] Trial #710: GFLOPs: 2171.5901. Time: 920.9841 us. Best GFLOPs: 2397.3050
2024-10-27 13:03:20 [INFO] [task_scheduler.cc:131] [Task #0: main] Trial #711: GFLOPs: 2044.7817. Time: 978.0995 us. Best GFLOPs: 2397.3050
2024-10-27 13:03:20 [INFO] [task_scheduler.cc:131] [Task #0: main] Trial #712: GFLOPs: 2272.9319. Time: 879.9208 us. Best GFLOPs: 2397.3050
2024-10-27 13:03:20 [INFO] [task_scheduler.cc:131] [Task #0: main] Trial #713: GFLOPs: 2195.1309. Time: 911.1074 us. Best GFLOPs: 2397.3050
2024-10-27 13:03:20 [INFO] [task_scheduler.cc:131] [Task #0: main] Trial #714: GFLOPs: 2118.5244. Time: 944.0533 us. Best GFLOPs: 2397.3050
2024-10-27 13:03:20 [INFO] [task_scheduler.cc:131] [Task #0: main] Trial #715: GFLOPs: 2139.8993. Time: 934.6234 us. Best GFLOPs: 2397.3050
2024-10-27 13:03:20 [INFO] [task_scheduler.cc:131] [Task #0: main] Trial #716: GFLOPs: 2138.0471. Time: 935.4331 us. Best GFLOPs: 2397.3050
2024-10-27 13:03:20 [INFO] [task_scheduler.cc:131] [Task #0: main] Trial #717: GFLOPs: 1430.2841. Time: 1398.3236 us. Best GFLOPs: 2397.3050
2024-10-27 13:03:20 [INFO] [task_scheduler.cc:131] [Task #0: main] Trial #718: GFLOPs: 2239.2939. Time: 893.1387 us. Best GFLOPs: 2397.3050
2024-10-27 13:03:20 [INFO] [task_scheduler.cc:131] [Task #0: main] Trial #719: GFLOPs: 2084.6652. Time: 959.3867 us. Best GFLOPs: 2397.3050
2024-10-27 13:03:20 [INFO] [task_scheduler.cc:131] [Task #0: main] Trial #720: GFLOPs: 2247.3180. Time: 889.9497 us. Best GFLOPs: 2397.3050
2024-10-27 13:03:20 [INFO] [task_scheduler.cc:131] [Task #0: main] Trial #721: GFLOPs: 2182.2421. Time: 916.4886 us. Best GFLOPs: 2397.3050
2024-10-27 13:03:20 [INFO] [task_scheduler.cc:131] [Task #0: main] Trial #722: GFLOPs: 1929.3786. Time: 1036.6032 us. Best GFLOPs: 2397.3050
2024-10-27 13:03:20 [INFO] [task_scheduler.cc:131] [Task #0: main] Trial #723: GFLOPs: 2110.6663. Time: 947.5681 us. Best GFLOPs: 2397.3050
2024-10-27 13:03:20 [INFO] [task_scheduler.cc:131] [Task #0: main] Trial #724: GFLOPs: 2271.2372. Time: 880.5773 us. Best GFLOPs: 2397.3050
2024-10-27 13:03:20 [INFO] [task_scheduler.cc:131] [Task #0: main] Trial #725: GFLOPs: 2042.3757. Time: 979.2518 us. Best GFLOPs: 2397.3050
2024-10-27 13:03:20 [INFO] [task_scheduler.cc:131] [Task #0: main] Trial #726: GFLOPs: 1905.9472. Time: 1049.3470 us. Best GFLOPs: 2397.3050
2024-10-27 13:03:20 [INFO] [task_scheduler.cc:131] [Task #0: main] Trial #727: GFLOPs: 1866.0458. Time: 1071.7850 us. Best GFLOPs: 2397.3050
2024-10-27 13:03:20 [INFO] [task_scheduler.cc:131] [Task #0: main] Trial #728: GFLOPs: 2018.2037. Time: 990.9802 us. Best GFLOPs: 2397.3050
2024-10-27 13:03:20 [INFO] [task_scheduler.cc:131] [Task #0: main] Trial #729: GFLOPs: 2225.6332. Time: 898.6207 us. Best GFLOPs: 2397.3050
2024-10-27 13:03:20 [INFO] [task_scheduler.cc:131] [Task #0: main] Trial #730: GFLOPs: 2197.4712. Time: 910.1371 us. Best GFLOPs: 2397.3050
2024-10-27 13:03:20 [INFO] [task_scheduler.cc:131] [Task #0: main] Trial #731: GFLOPs: 2152.1645. Time: 929.2970 us. Best GFLOPs: 2397.3050
2024-10-27 13:03:20 [INFO] [task_scheduler.cc:131] [Task #0: main] Trial #732: GFLOPs: 1944.8073. Time: 1028.3795 us. Best GFLOPs: 2397.3050
2024-10-27 13:03:20 [INFO] [task_scheduler.cc:131] [Task #0: main] Trial #733: GFLOPs: 2018.0501. Time: 991.0557 us. Best GFLOPs: 2397.3050
2024-10-27 13:03:20 [INFO] [task_scheduler.cc:131] [Task #0: main] Trial #734: GFLOPs: 2140.6200. Time: 934.3088 us. Best GFLOPs: 2397.3050
2024-10-27 13:03:20 [INFO] [task_scheduler.cc:131] [Task #0: main] Trial #735: GFLOPs: 1713.3417. Time: 1167.3095 us. Best GFLOPs: 2397.3050
2024-10-27 13:03:20 [INFO] [task_scheduler.cc:131] [Task #0: main] Trial #736: GFLOPs: 1941.1104. Time: 1030.3381 us. Best GFLOPs: 2397.3050
2024-10-27 13:03:20 [INFO] [task_scheduler.cc:131] [Task #0: main] Trial #737: GFLOPs: 1806.1535. Time: 1107.3256 us. Best GFLOPs: 2397.3050
2024-10-27 13:03:20 [INFO] [task_scheduler.cc:131] [Task #0: main] Trial #738: GFLOPs: 2351.0641. Time: 850.6786 us. Best GFLOPs: 2397.3050
2024-10-27 13:03:20 [INFO] [task_scheduler.cc:131] [Task #0: main] Trial #739: GFLOPs: 2088.8494. Time: 957.4649 us. Best GFLOPs: 2397.3050
2024-10-27 13:03:20 [INFO] [task_scheduler.cc:131] [Task #0: main] Trial #740: GFLOPs: 1959.8932. Time: 1020.4638 us. Best GFLOPs: 2397.3050
2024-10-27 13:03:20 [INFO] [task_scheduler.cc:131] [Task #0: main] Trial #741: GFLOPs: 2196.8073. Time: 910.4121 us. Best GFLOPs: 2397.3050
2024-10-27 13:03:20 [INFO] [task_scheduler.cc:131] [Task #0: main] Trial #742: GFLOPs: 2072.3311. Time: 965.0967 us. Best GFLOPs: 2397.3050
2024-10-27 13:03:20 [INFO] [task_scheduler.cc:131] [Task #0: main] Trial #743: GFLOPs: 2198.1749. Time: 909.8457 us. Best GFLOPs: 2397.3050
2024-10-27 13:03:20 [INFO] [task_scheduler.cc:131] [Task #0: main] Trial #744: GFLOPs: 2149.5604. Time: 930.4228 us. Best GFLOPs: 2397.3050
2024-10-27 13:03:20 [INFO] [task_scheduler.cc:131] [Task #0: main] Trial #745: GFLOPs: 2057.8936. Time: 971.8675 us. Best GFLOPs: 2397.3050
2024-10-27 13:03:20 [INFO] [task_scheduler.cc:131] [Task #0: main] Trial #746: GFLOPs: 1645.9142. Time: 1215.1301 us. Best GFLOPs: 2397.3050
2024-10-27 13:03:20 [INFO] [task_scheduler.cc:131] [Task #0: main] Trial #747: GFLOPs: 2216.7403. Time: 902.2257 us. Best GFLOPs: 2397.3050
2024-10-27 13:03:20 [INFO] [task_scheduler.cc:131] [Task #0: main] Trial #748: GFLOPs: 1500.5054. Time: 1332.8842 us. Best GFLOPs: 2397.3050
2024-10-27 13:03:20 [INFO] [task_scheduler.cc:131] [Task #0: main] Trial #749: GFLOPs: 2123.5377. Time: 941.8246 us. Best GFLOPs: 2397.3050
2024-10-27 13:03:20 [INFO] [task_scheduler.cc:131] [Task #0: main] Trial #750: GFLOPs: 2169.3083. Time: 921.9529 us. Best GFLOPs: 2397.3050
2024-10-27 13:03:20 [INFO] [task_scheduler.cc:131] [Task #0: main] Trial #751: GFLOPs: 2252.6767. Time: 887.8327 us. Best GFLOPs: 2397.3050
2024-10-27 13:03:20 [INFO] [task_scheduler.cc:131] [Task #0: main] Trial #752: GFLOPs: 2338.8984. Time: 855.1034 us. Best GFLOPs: 2397.3050
2024-10-27 13:03:20 [INFO] [task_scheduler.cc:131] [Task #0: main] Trial #753: GFLOPs: 2147.0058. Time: 931.5298 us. Best GFLOPs: 2397.3050
2024-10-27 13:03:20 [INFO] [task_scheduler.cc:131] [Task #0: main] Trial #754: GFLOPs: 2128.1494. Time: 939.7836 us. Best GFLOPs: 2397.3050
2024-10-27 13:03:20 [INFO] [task_scheduler.cc:131] [Task #0: main] Trial #755: GFLOPs: 2391.0736. Time: 836.4443 us. Best GFLOPs: 2397.3050
2024-10-27 13:03:20 [INFO] [task_scheduler.cc:131] [Task #0: main] Trial #756: GFLOPs: 1137.0098. Time: 1758.9999 us. Best GFLOPs: 2397.3050
2024-10-27 13:03:20 [INFO] [task_scheduler.cc:131] [Task #0: main] Trial #757: GFLOPs: 1165.7930. Time: 1715.5704 us. Best GFLOPs: 2397.3050
2024-10-27 13:03:20 [INFO] [task_scheduler.cc:131] [Task #0: main] Trial #758: GFLOPs: 1434.1013. Time: 1394.6016 us. Best GFLOPs: 2397.3050
2024-10-27 13:03:20 [INFO] [task_scheduler.cc:131] [Task #0: main] Trial #759: GFLOPs: 1469.0975. Time: 1361.3800 us. Best GFLOPs: 2397.3050
2024-10-27 13:03:20 [INFO] [task_scheduler.cc:131] [Task #0: main] Trial #760: GFLOPs: 1225.4276. Time: 1632.0833 us. Best GFLOPs: 2397.3050
2024-10-27 13:03:20 [INFO] [task_scheduler.cc:131] [Task #0: main] Trial #761: GFLOPs: 1529.2837. Time: 1307.8018 us. Best GFLOPs: 2397.3050
2024-10-27 13:03:20 [INFO] [task_scheduler.cc:131] [Task #0: main] Trial #762: GFLOPs: 1170.6472. Time: 1708.4567 us. Best GFLOPs: 2397.3050
2024-10-27 13:03:20 [INFO] [task_scheduler.cc:131] [Task #0: main] Trial #763: GFLOPs: 1121.4460. Time: 1783.4118 us. Best GFLOPs: 2397.3050
2024-10-27 13:03:20 [INFO] [task_scheduler.cc:131] [Task #0: main] Trial #764: GFLOPs: 1765.9418. Time: 1132.5402 us. Best GFLOPs: 2397.3050
2024-10-27 13:03:20 [INFO] [task_scheduler.cc:131] [Task #0: main] Trial #765: GFLOPs: 1904.7748. Time: 1049.9929 us. Best GFLOPs: 2397.3050
2024-10-27 13:03:20 [INFO] [task_scheduler.cc:131] [Task #0: main] Trial #766: GFLOPs: 903.2312. Time: 2214.2725 us. Best GFLOPs: 2397.3050
2024-10-27 13:03:20 [INFO] [task_scheduler.cc:131] [Task #0: main] Trial #767: GFLOPs: 701.4991. Time: 2851.0372 us. Best GFLOPs: 2397.3050
2024-10-27 13:03:20 [INFO] [task_scheduler.cc:131] [Task #0: main] Trial #768: GFLOPs: 930.2525. Time: 2149.9539 us. Best GFLOPs: 2397.3050
2024-10-27 13:03:20 [INFO] [evolutionary_search.cc:713] Generating candidates......
2024-10-27 13:03:20 [INFO] [evolutionary_search.cc:715] Picked top 102 candidate(s) from database
2024-10-27 13:03:20 [INFO] [evolutionary_search.cc:533] Sample-Init-Population summary:
Postproc #0 [meta_schedule.DisallowDynamicLoop(0x555558734de8)]: 0 failure(s)
Postproc #1 [meta_schedule.RewriteParallelVectorizeUnroll(0x555558623208)]: 0 failure(s)
Postproc #2 [meta_schedule.RewriteReductionBlock(0x5555574e5088)]: 0 failure(s)
Postproc #3 [meta_schedule.RewriteLayout(0x555557533f38)]: 0 failure(s)
2024-10-27 13:03:20 [INFO] [evolutionary_search.cc:723] Sampled 410 candidate(s)
2024-10-27 13:03:21 [INFO] [evolutionary_search.cc:621] Evolve iter #0 done. Summary:
Postproc #0 [meta_schedule.DisallowDynamicLoop(0x555558734de8)]: 0 failure(s)
Postproc #1 [meta_schedule.RewriteParallelVectorizeUnroll(0x555558623208)]: 0 failure(s)
Postproc #2 [meta_schedule.RewriteReductionBlock(0x5555574e5088)]: 0 failure(s)
Postproc #3 [meta_schedule.RewriteLayout(0x555557533f38)]: 0 failure(s)
2024-10-27 13:03:22 [INFO] [evolutionary_search.cc:621] Evolve iter #1 done. Summary:
Postproc #0 [meta_schedule.DisallowDynamicLoop(0x555558734de8)]: 0 failure(s)
Postproc #1 [meta_schedule.RewriteParallelVectorizeUnroll(0x555558623208)]: 0 failure(s)
Postproc #2 [meta_schedule.RewriteReductionBlock(0x5555574e5088)]: 0 failure(s)
Postproc #3 [meta_schedule.RewriteLayout(0x555557533f38)]: 0 failure(s)
2024-10-27 13:03:23 [INFO] [evolutionary_search.cc:621] Evolve iter #2 done. Summary:
Postproc #0 [meta_schedule.DisallowDynamicLoop(0x555558734de8)]: 0 failure(s)
Postproc #1 [meta_schedule.RewriteParallelVectorizeUnroll(0x555558623208)]: 0 failure(s)
Postproc #2 [meta_schedule.RewriteReductionBlock(0x5555574e5088)]: 0 failure(s)
Postproc #3 [meta_schedule.RewriteLayout(0x555557533f38)]: 0 failure(s)
2024-10-27 13:03:24 [INFO] [evolutionary_search.cc:621] Evolve iter #3 done. Summary:
Postproc #0 [meta_schedule.DisallowDynamicLoop(0x555558734de8)]: 0 failure(s)
Postproc #1 [meta_schedule.RewriteParallelVectorizeUnroll(0x555558623208)]: 0 failure(s)
Postproc #2 [meta_schedule.RewriteReductionBlock(0x5555574e5088)]: 0 failure(s)
Postproc #3 [meta_schedule.RewriteLayout(0x555557533f38)]: 0 failure(s)
2024-10-27 13:03:24 [INFO] [evolutionary_search.cc:649] Scores of the best 64 candidates:
[1 : 16]:	0.9656  0.9335  0.9319  0.9287  0.9249  0.9249  0.9240  0.9234  0.9225  0.9225  0.9225  0.9209  0.9206  0.9206  0.9196  0.9196
[17 : 32]:	0.9176  0.9171  0.9147  0.9147  0.9140  0.9095  0.9084  0.9073  0.9073  0.9071  0.9040  0.9032  0.9032  0.8985  0.8981  0.8959
[33 : 48]:	0.8914  0.8903  0.8880  0.8863  0.8820  0.8778  0.8748  0.8683  0.8680  0.8665  0.8656  0.8628  0.8618  0.8618  0.8607  0.8607
[49 : 64]:	0.8594  0.8594  0.8566  0.8565  0.8551  0.8529  0.8478  0.8465  0.8460  0.8433  0.8428  0.8427  0.8388  0.8367  0.8338  0.8338
2024-10-27 13:03:24 [INFO] [evolutionary_search.cc:727] Got 64 candidate(s) with evolutionary search
2024-10-27 13:03:24 [INFO] [evolutionary_search.cc:730] Sending 64 candidates(s) for measurement
2024-10-27 13:04:25 [INFO] [task_scheduler.cc:131] [Task #0: main] Trial #769: GFLOPs: 1773.7710. Time: 1127.5413 us. Best GFLOPs: 2397.3050
2024-10-27 13:04:25 [INFO] [task_scheduler.cc:131] [Task #0: main] Trial #770: GFLOPs: 2225.3791. Time: 898.7233 us. Best GFLOPs: 2397.3050
2024-10-27 13:04:25 [INFO] [task_scheduler.cc:131] [Task #0: main] Trial #771: GFLOPs: 2056.6038. Time: 972.4770 us. Best GFLOPs: 2397.3050
2024-10-27 13:04:25 [INFO] [task_scheduler.cc:131] [Task #0: main] Trial #772: GFLOPs: 2300.3622. Time: 869.4283 us. Best GFLOPs: 2397.3050
2024-10-27 13:04:25 [INFO] [task_scheduler.cc:131] [Task #0: main] Trial #773: GFLOPs: 1827.6438. Time: 1094.3051 us. Best GFLOPs: 2397.3050
2024-10-27 13:04:25 [INFO] [task_scheduler.cc:131] [Task #0: main] Trial #774: GFLOPs: 2034.7548. Time: 982.9194 us. Best GFLOPs: 2397.3050
2024-10-27 13:04:25 [INFO] [task_scheduler.cc:131] [Task #0: main] Trial #775: GFLOPs: 1918.3303. Time: 1042.5733 us. Best GFLOPs: 2397.3050
2024-10-27 13:04:25 [INFO] [task_scheduler.cc:131] [Task #0: main] Trial #776: GFLOPs: 2150.1574. Time: 930.1645 us. Best GFLOPs: 2397.3050
2024-10-27 13:04:25 [INFO] [task_scheduler.cc:131] [Task #0: main] Trial #777: GFLOPs: 2321.1397. Time: 861.6457 us. Best GFLOPs: 2397.3050
2024-10-27 13:04:25 [INFO] [task_scheduler.cc:131] [Task #0: main] Trial #778: GFLOPs: 2253.9721. Time: 887.3224 us. Best GFLOPs: 2397.3050
2024-10-27 13:04:25 [INFO] [task_scheduler.cc:131] [Task #0: main] Trial #779: GFLOPs: 2300.6204. Time: 869.3307 us. Best GFLOPs: 2397.3050
2024-10-27 13:04:25 [INFO] [task_scheduler.cc:131] [Task #0: main] Trial #780: GFLOPs: 1485.6925. Time: 1346.1736 us. Best GFLOPs: 2397.3050
2024-10-27 13:04:25 [INFO] [task_scheduler.cc:131] [Task #0: main] Trial #781: GFLOPs: 2285.2857. Time: 875.1641 us. Best GFLOPs: 2397.3050
2024-10-27 13:04:25 [INFO] [task_scheduler.cc:131] [Task #0: main] Trial #782: GFLOPs: 2306.8249. Time: 866.9926 us. Best GFLOPs: 2397.3050
2024-10-27 13:04:25 [INFO] [task_scheduler.cc:131] [Task #0: main] Trial #783: GFLOPs: 2063.6799. Time: 969.1426 us. Best GFLOPs: 2397.3050
2024-10-27 13:04:25 [INFO] [task_scheduler.cc:131] [Task #0: main] Trial #784: GFLOPs: 2204.7314. Time: 907.1400 us. Best GFLOPs: 2397.3050
2024-10-27 13:04:25 [INFO] [task_scheduler.cc:131] [Task #0: main] Trial #785: GFLOPs: 2294.5253. Time: 871.6400 us. Best GFLOPs: 2397.3050
2024-10-27 13:04:25 [INFO] [task_scheduler.cc:131] [Task #0: main] Trial #786: GFLOPs: 2142.8332. Time: 933.3438 us. Best GFLOPs: 2397.3050
2024-10-27 13:04:25 [INFO] [task_scheduler.cc:131] [Task #0: main] Trial #787: GFLOPs: 2058.1820. Time: 971.7313 us. Best GFLOPs: 2397.3050
2024-10-27 13:04:25 [INFO] [task_scheduler.cc:131] [Task #0: main] Trial #788: GFLOPs: 2207.2019. Time: 906.1246 us. Best GFLOPs: 2397.3050
2024-10-27 13:04:25 [INFO] [task_scheduler.cc:131] [Task #0: main] Trial #789: GFLOPs: 2079.5186. Time: 961.7611 us. Best GFLOPs: 2397.3050
2024-10-27 13:04:25 [INFO] [task_scheduler.cc:131] [Task #0: main] Trial #790: GFLOPs: 1041.2366. Time: 1920.7931 us. Best GFLOPs: 2397.3050
2024-10-27 13:04:25 [INFO] [task_scheduler.cc:131] [Task #0: main] Trial #791: GFLOPs: 991.8375. Time: 2016.4594 us. Best GFLOPs: 2397.3050
2024-10-27 13:04:25 [INFO] [task_scheduler.cc:131] [Task #0: main] Trial #792: GFLOPs: 2172.1516. Time: 920.7460 us. Best GFLOPs: 2397.3050
2024-10-27 13:04:25 [INFO] [task_scheduler.cc:131] [Task #0: main] Trial #793: GFLOPs: 2074.6830. Time: 964.0027 us. Best GFLOPs: 2397.3050
2024-10-27 13:04:25 [INFO] [task_scheduler.cc:131] [Task #0: main] Trial #794: GFLOPs: 1920.2730. Time: 1041.5186 us. Best GFLOPs: 2397.3050
2024-10-27 13:04:25 [INFO] [task_scheduler.cc:131] [Task #0: main] Trial #795: GFLOPs: 2190.7412. Time: 912.9330 us. Best GFLOPs: 2397.3050
2024-10-27 13:04:25 [INFO] [task_scheduler.cc:131] [Task #0: main] Trial #796: GFLOPs: 2318.7895. Time: 862.5190 us. Best GFLOPs: 2397.3050
2024-10-27 13:04:25 [INFO] [task_scheduler.cc:131] [Task #0: main] Trial #797: GFLOPs: 1982.4536. Time: 1008.8508 us. Best GFLOPs: 2397.3050
2024-10-27 13:04:25 [INFO] [task_scheduler.cc:131] [Task #0: main] Trial #798: GFLOPs: 2203.1172. Time: 907.8046 us. Best GFLOPs: 2397.3050
2024-10-27 13:04:25 [INFO] [task_scheduler.cc:131] [Task #0: main] Trial #799: GFLOPs: 2198.6739. Time: 909.6392 us. Best GFLOPs: 2397.3050
2024-10-27 13:04:25 [INFO] [task_scheduler.cc:131] [Task #0: main] Trial #800: GFLOPs: 2087.9905. Time: 957.8588 us. Best GFLOPs: 2397.3050
2024-10-27 13:04:25 [INFO] [task_scheduler.cc:131] [Task #0: main] Trial #801: GFLOPs: 2244.9457. Time: 890.8901 us. Best GFLOPs: 2397.3050
2024-10-27 13:04:25 [INFO] [task_scheduler.cc:131] [Task #0: main] Trial #802: GFLOPs: 1876.4057. Time: 1065.8676 us. Best GFLOPs: 2397.3050
2024-10-27 13:04:25 [INFO] [task_scheduler.cc:131] [Task #0: main] Trial #803: GFLOPs: 2127.3818. Time: 940.1227 us. Best GFLOPs: 2397.3050
2024-10-27 13:04:25 [INFO] [task_scheduler.cc:131] [Task #0: main] Trial #804: GFLOPs: 2312.1109. Time: 865.0104 us. Best GFLOPs: 2397.3050
2024-10-27 13:04:25 [INFO] [task_scheduler.cc:131] [Task #0: main] Trial #805: GFLOPs: 2331.9755. Time: 857.6419 us. Best GFLOPs: 2397.3050
2024-10-27 13:04:25 [INFO] [task_scheduler.cc:131] [Task #0: main] Trial #806: GFLOPs: 1750.4298. Time: 1142.5766 us. Best GFLOPs: 2397.3050
2024-10-27 13:04:25 [INFO] [task_scheduler.cc:131] [Task #0: main] Trial #807: GFLOPs: 2265.6137. Time: 882.7630 us. Best GFLOPs: 2397.3050
2024-10-27 13:04:25 [INFO] [task_scheduler.cc:131] [Task #0: main] Trial #808: GFLOPs: 2300.8379. Time: 869.2486 us. Best GFLOPs: 2397.3050
2024-10-27 13:04:25 [INFO] [task_scheduler.cc:131] [Task #0: main] Trial #809: GFLOPs: 2244.7113. Time: 890.9832 us. Best GFLOPs: 2397.3050
2024-10-27 13:04:25 [INFO] [task_scheduler.cc:131] [Task #0: main] Trial #810: GFLOPs: 2066.4536. Time: 967.8417 us. Best GFLOPs: 2397.3050
2024-10-27 13:04:25 [INFO] [task_scheduler.cc:131] [Task #0: main] Trial #811: GFLOPs: 2264.7416. Time: 883.1030 us. Best GFLOPs: 2397.3050
2024-10-27 13:04:25 [INFO] [task_scheduler.cc:131] [Task #0: main] Trial #812: GFLOPs: 2218.8707. Time: 901.3594 us. Best GFLOPs: 2397.3050
2024-10-27 13:04:25 [INFO] [task_scheduler.cc:131] [Task #0: main] Trial #813: GFLOPs: 1190.3149. Time: 1680.2277 us. Best GFLOPs: 2397.3050
2024-10-27 13:04:25 [INFO] [task_scheduler.cc:131] [Task #0: main] Trial #814: GFLOPs: 2121.7557. Time: 942.6156 us. Best GFLOPs: 2397.3050
2024-10-27 13:04:25 [INFO] [task_scheduler.cc:131] [Task #0: main] Trial #815: GFLOPs: 2271.0889. Time: 880.6348 us. Best GFLOPs: 2397.3050
2024-10-27 13:04:25 [INFO] [task_scheduler.cc:131] [Task #0: main] Trial #816: GFLOPs: 2070.5765. Time: 965.9146 us. Best GFLOPs: 2397.3050
2024-10-27 13:04:25 [INFO] [task_scheduler.cc:131] [Task #0: main] Trial #817: GFLOPs: 2140.2776. Time: 934.4582 us. Best GFLOPs: 2397.3050
2024-10-27 13:04:25 [INFO] [task_scheduler.cc:131] [Task #0: main] Trial #818: GFLOPs: 1752.1442. Time: 1141.4586 us. Best GFLOPs: 2397.3050
2024-10-27 13:04:25 [INFO] [task_scheduler.cc:131] [Task #0: main] Trial #819: GFLOPs: 2207.8025. Time: 905.8781 us. Best GFLOPs: 2397.3050
2024-10-27 13:04:25 [INFO] [task_scheduler.cc:131] [Task #0: main] Trial #820: GFLOPs: 2204.5526. Time: 907.2135 us. Best GFLOPs: 2397.3050
2024-10-27 13:04:25 [INFO] [task_scheduler.cc:131] [Task #0: main] Trial #821: GFLOPs: 1842.1640. Time: 1085.6797 us. Best GFLOPs: 2397.3050
2024-10-27 13:04:25 [INFO] [task_scheduler.cc:131] [Task #0: main] Trial #822: GFLOPs: 2078.9244. Time: 962.0360 us. Best GFLOPs: 2397.3050
2024-10-27 13:04:25 [INFO] [task_scheduler.cc:131] [Task #0: main] Trial #823: GFLOPs: 2045.5920. Time: 977.7121 us. Best GFLOPs: 2397.3050
2024-10-27 13:04:25 [INFO] [task_scheduler.cc:131] [Task #0: main] Trial #824: GFLOPs: 2061.6988. Time: 970.0738 us. Best GFLOPs: 2397.3050
2024-10-27 13:04:25 [INFO] [task_scheduler.cc:131] [Task #0: main] Trial #825: GFLOPs: 2353.7948. Time: 849.6917 us. Best GFLOPs: 2397.3050
2024-10-27 13:04:25 [INFO] [task_scheduler.cc:131] [Task #0: main] Trial #826: GFLOPs: 2070.5103. Time: 965.9454 us. Best GFLOPs: 2397.3050
2024-10-27 13:04:25 [INFO] [task_scheduler.cc:131] [Task #0: main] Trial #827: GFLOPs: 1922.6627. Time: 1040.2241 us. Best GFLOPs: 2397.3050
2024-10-27 13:04:25 [INFO] [task_scheduler.cc:131] [Task #0: main] Trial #828: GFLOPs: 944.3322. Time: 2117.8989 us. Best GFLOPs: 2397.3050
2024-10-27 13:04:25 [INFO] [task_scheduler.cc:131] [Task #0: main] Trial #829: GFLOPs: 1853.0687. Time: 1079.2908 us. Best GFLOPs: 2397.3050
2024-10-27 13:04:25 [INFO] [task_scheduler.cc:131] [Task #0: main] Trial #830: GFLOPs: 1366.0976. Time: 1464.0242 us. Best GFLOPs: 2397.3050
2024-10-27 13:04:25 [INFO] [task_scheduler.cc:131] [Task #0: main] Trial #831: GFLOPs: 724.2263. Time: 2761.5677 us. Best GFLOPs: 2397.3050
2024-10-27 13:04:25 [INFO] [task_scheduler.cc:131] [Task #0: main] Trial #832: GFLOPs: 622.6651. Time: 3211.9997 us. Best GFLOPs: 2397.3050
2024-10-27 13:04:25 [INFO] [evolutionary_search.cc:713] Generating candidates......
2024-10-27 13:04:25 [INFO] [evolutionary_search.cc:715] Picked top 102 candidate(s) from database
2024-10-27 13:04:25 [INFO] [evolutionary_search.cc:533] Sample-Init-Population summary:
Postproc #0 [meta_schedule.DisallowDynamicLoop(0x555558734de8)]: 0 failure(s)
Postproc #1 [meta_schedule.RewriteParallelVectorizeUnroll(0x555558623208)]: 0 failure(s)
Postproc #2 [meta_schedule.RewriteReductionBlock(0x5555574e5088)]: 0 failure(s)
Postproc #3 [meta_schedule.RewriteLayout(0x555557533f38)]: 0 failure(s)
2024-10-27 13:04:25 [INFO] [evolutionary_search.cc:723] Sampled 410 candidate(s)
2024-10-27 13:04:26 [INFO] [evolutionary_search.cc:621] Evolve iter #0 done. Summary:
Postproc #0 [meta_schedule.DisallowDynamicLoop(0x555558734de8)]: 0 failure(s)
Postproc #1 [meta_schedule.RewriteParallelVectorizeUnroll(0x555558623208)]: 0 failure(s)
Postproc #2 [meta_schedule.RewriteReductionBlock(0x5555574e5088)]: 0 failure(s)
Postproc #3 [meta_schedule.RewriteLayout(0x555557533f38)]: 0 failure(s)
2024-10-27 13:04:27 [INFO] [evolutionary_search.cc:621] Evolve iter #1 done. Summary:
Postproc #0 [meta_schedule.DisallowDynamicLoop(0x555558734de8)]: 0 failure(s)
Postproc #1 [meta_schedule.RewriteParallelVectorizeUnroll(0x555558623208)]: 0 failure(s)
Postproc #2 [meta_schedule.RewriteReductionBlock(0x5555574e5088)]: 0 failure(s)
Postproc #3 [meta_schedule.RewriteLayout(0x555557533f38)]: 0 failure(s)
2024-10-27 13:04:28 [INFO] [evolutionary_search.cc:621] Evolve iter #2 done. Summary:
Postproc #0 [meta_schedule.DisallowDynamicLoop(0x555558734de8)]: 0 failure(s)
Postproc #1 [meta_schedule.RewriteParallelVectorizeUnroll(0x555558623208)]: 0 failure(s)
Postproc #2 [meta_schedule.RewriteReductionBlock(0x5555574e5088)]: 0 failure(s)
Postproc #3 [meta_schedule.RewriteLayout(0x555557533f38)]: 0 failure(s)
2024-10-27 13:04:29 [INFO] [evolutionary_search.cc:621] Evolve iter #3 done. Summary:
Postproc #0 [meta_schedule.DisallowDynamicLoop(0x555558734de8)]: 0 failure(s)
Postproc #1 [meta_schedule.RewriteParallelVectorizeUnroll(0x555558623208)]: 0 failure(s)
Postproc #2 [meta_schedule.RewriteReductionBlock(0x5555574e5088)]: 0 failure(s)
Postproc #3 [meta_schedule.RewriteLayout(0x555557533f38)]: 0 failure(s)
2024-10-27 13:04:29 [INFO] [evolutionary_search.cc:649] Scores of the best 64 candidates:
[1 : 16]:	0.9559  0.9559  0.9311  0.9165  0.9163  0.9163  0.9163  0.9154  0.9128  0.9098  0.9087  0.9075  0.9058  0.9058  0.9035  0.8967
[17 : 32]:	0.8967  0.8956  0.8940  0.8934  0.8934  0.8907  0.8904  0.8884  0.8871  0.8869  0.8869  0.8869  0.8867  0.8858  0.8833  0.8816
[33 : 48]:	0.8762  0.8748  0.8730  0.8720  0.8713  0.8713  0.8685  0.8670  0.8660  0.8643  0.8622  0.8622  0.8622  0.8610  0.8603  0.8560
[49 : 64]:	0.8560  0.8549  0.8544  0.8530  0.8511  0.8484  0.8417  0.8390  0.8382  0.8378  0.8244  0.8244  0.8242  0.8228  0.8169  0.8169
2024-10-27 13:04:29 [INFO] [evolutionary_search.cc:727] Got 64 candidate(s) with evolutionary search
2024-10-27 13:04:29 [INFO] [evolutionary_search.cc:730] Sending 64 candidates(s) for measurement
2024-10-27 13:05:32 [INFO] [task_scheduler.cc:131] [Task #0: main] Trial #833: GFLOPs: 2339.7557. Time: 854.7901 us. Best GFLOPs: 2397.3050
2024-10-27 13:05:32 [INFO] [task_scheduler.cc:131] [Task #0: main] Trial #834: GFLOPs: 2405.9664. Time: 831.2668 us. Best GFLOPs: 2405.9664
2024-10-27 13:05:32 [INFO] [task_scheduler.cc:131] [Task #0: main] Trial #835: GFLOPs: 2199.4523. Time: 909.3173 us. Best GFLOPs: 2405.9664
2024-10-27 13:05:32 [INFO] [task_scheduler.cc:131] [Task #0: main] Trial #836: GFLOPs: 2051.9729. Time: 974.6718 us. Best GFLOPs: 2405.9664
2024-10-27 13:05:32 [INFO] [task_scheduler.cc:131] [Task #0: main] Trial #837: GFLOPs: 2334.8375. Time: 856.5907 us. Best GFLOPs: 2405.9664
2024-10-27 13:05:32 [INFO] [task_scheduler.cc:131] [Task #0: main] Trial #838: GFLOPs: 2318.1371. Time: 862.7617 us. Best GFLOPs: 2405.9664
2024-10-27 13:05:32 [INFO] [task_scheduler.cc:131] [Task #0: main] Trial #839: GFLOPs: 2226.4226. Time: 898.3021 us. Best GFLOPs: 2405.9664
2024-10-27 13:05:32 [INFO] [task_scheduler.cc:131] [Task #0: main] Trial #840: GFLOPs: 2328.3792. Time: 858.9666 us. Best GFLOPs: 2405.9664
2024-10-27 13:05:32 [INFO] [task_scheduler.cc:131] [Task #0: main] Trial #841: GFLOPs: 2337.0757. Time: 855.7703 us. Best GFLOPs: 2405.9664
2024-10-27 13:05:32 [INFO] [task_scheduler.cc:131] [Task #0: main] Trial #842: GFLOPs: 2334.2483. Time: 856.8069 us. Best GFLOPs: 2405.9664
2024-10-27 13:05:32 [INFO] [task_scheduler.cc:131] [Task #0: main] Trial #843: GFLOPs: 2214.3015. Time: 903.2194 us. Best GFLOPs: 2405.9664
2024-10-27 13:05:32 [INFO] [task_scheduler.cc:131] [Task #0: main] Trial #844: GFLOPs: 2420.1699. Time: 826.3883 us. Best GFLOPs: 2420.1699
2024-10-27 13:05:32 [INFO] [task_scheduler.cc:131] [Task #0: main] Trial #845: GFLOPs: 2321.0295. Time: 861.6866 us. Best GFLOPs: 2420.1699
2024-10-27 13:05:32 [INFO] [task_scheduler.cc:131] [Task #0: main] Trial #846: GFLOPs: 2230.1404. Time: 896.8045 us. Best GFLOPs: 2420.1699
2024-10-27 13:05:32 [INFO] [task_scheduler.cc:131] [Task #0: main] Trial #847: GFLOPs: 2217.3662. Time: 901.9710 us. Best GFLOPs: 2420.1699
2024-10-27 13:05:32 [INFO] [task_scheduler.cc:131] [Task #0: main] Trial #848: GFLOPs: 2140.9925. Time: 934.1462 us. Best GFLOPs: 2420.1699
2024-10-27 13:05:32 [INFO] [task_scheduler.cc:131] [Task #0: main] Trial #849: GFLOPs: 2086.0558. Time: 958.7471 us. Best GFLOPs: 2420.1699
2024-10-27 13:05:32 [INFO] [task_scheduler.cc:131] [Task #0: main] Trial #850: GFLOPs: 1848.8077. Time: 1081.7783 us. Best GFLOPs: 2420.1699
2024-10-27 13:05:32 [INFO] [task_scheduler.cc:131] [Task #0: main] Trial #851: GFLOPs: 2111.1890. Time: 947.3334 us. Best GFLOPs: 2420.1699
2024-10-27 13:05:32 [INFO] [task_scheduler.cc:131] [Task #0: main] Trial #852: GFLOPs: 2194.7650. Time: 911.2593 us. Best GFLOPs: 2420.1699
2024-10-27 13:05:32 [INFO] [task_scheduler.cc:131] [Task #0: main] Trial #853: GFLOPs: 2074.1457. Time: 964.2524 us. Best GFLOPs: 2420.1699
2024-10-27 13:05:32 [INFO] [task_scheduler.cc:131] [Task #0: main] Trial #854: GFLOPs: 2265.6190. Time: 882.7610 us. Best GFLOPs: 2420.1699
2024-10-27 13:05:32 [INFO] [task_scheduler.cc:131] [Task #0: main] Trial #855: GFLOPs: 1639.5456. Time: 1219.8502 us. Best GFLOPs: 2420.1699
2024-10-27 13:05:32 [INFO] [task_scheduler.cc:131] [Task #0: main] Trial #856: GFLOPs: 2296.6117. Time: 870.8481 us. Best GFLOPs: 2420.1699
2024-10-27 13:05:32 [INFO] [task_scheduler.cc:131] [Task #0: main] Trial #857: GFLOPs: 2189.4710. Time: 913.4627 us. Best GFLOPs: 2420.1699
2024-10-27 13:05:32 [INFO] [task_scheduler.cc:131] [Task #0: main] Trial #858: GFLOPs: 2228.7032. Time: 897.3828 us. Best GFLOPs: 2420.1699
2024-10-27 13:05:32 [INFO] [task_scheduler.cc:131] [Task #0: main] Trial #859: GFLOPs: 2185.4740. Time: 915.1333 us. Best GFLOPs: 2420.1699
2024-10-27 13:05:32 [INFO] [task_scheduler.cc:131] [Task #0: main] Trial #860: GFLOPs: 2263.4173. Time: 883.6196 us. Best GFLOPs: 2420.1699
2024-10-27 13:05:32 [INFO] [task_scheduler.cc:131] [Task #0: main] Trial #861: GFLOPs: 2006.8475. Time: 996.5879 us. Best GFLOPs: 2420.1699
2024-10-27 13:05:32 [INFO] [task_scheduler.cc:131] [Task #0: main] Trial #862: GFLOPs: 2206.1937. Time: 906.5387 us. Best GFLOPs: 2420.1699
2024-10-27 13:05:32 [INFO] [task_scheduler.cc:131] [Task #0: main] Trial #863: GFLOPs: 2330.3931. Time: 858.2243 us. Best GFLOPs: 2420.1699
2024-10-27 13:05:32 [INFO] [task_scheduler.cc:131] [Task #0: main] Trial #864: GFLOPs: 2248.8523. Time: 889.3425 us. Best GFLOPs: 2420.1699
2024-10-27 13:05:32 [INFO] [task_scheduler.cc:131] [Task #0: main] Trial #865: GFLOPs: 2016.7783. Time: 991.6807 us. Best GFLOPs: 2420.1699
2024-10-27 13:05:32 [INFO] [task_scheduler.cc:131] [Task #0: main] Trial #866: GFLOPs: 2255.6263. Time: 886.6717 us. Best GFLOPs: 2420.1699
2024-10-27 13:05:32 [INFO] [task_scheduler.cc:131] [Task #0: main] Trial #867: GFLOPs: 2115.7732. Time: 945.2809 us. Best GFLOPs: 2420.1699
2024-10-27 13:05:32 [INFO] [task_scheduler.cc:131] [Task #0: main] Trial #868: GFLOPs: 2317.9777. Time: 862.8211 us. Best GFLOPs: 2420.1699
2024-10-27 13:05:32 [INFO] [task_scheduler.cc:131] [Task #0: main] Trial #869: GFLOPs: 2247.8645. Time: 889.7334 us. Best GFLOPs: 2420.1699
2024-10-27 13:05:32 [INFO] [task_scheduler.cc:131] [Task #0: main] Trial #870: GFLOPs: 1793.6664. Time: 1115.0345 us. Best GFLOPs: 2420.1699
2024-10-27 13:05:32 [INFO] [task_scheduler.cc:131] [Task #0: main] Trial #871: GFLOPs: 2181.7621. Time: 916.6902 us. Best GFLOPs: 2420.1699
2024-10-27 13:05:32 [INFO] [task_scheduler.cc:131] [Task #0: main] Trial #872: GFLOPs: 2189.7435. Time: 913.3490 us. Best GFLOPs: 2420.1699
2024-10-27 13:05:32 [INFO] [task_scheduler.cc:131] [Task #0: main] Trial #873: GFLOPs: 2141.6806. Time: 933.8461 us. Best GFLOPs: 2420.1699
2024-10-27 13:05:32 [INFO] [task_scheduler.cc:131] [Task #0: main] Trial #874: GFLOPs: 2111.9921. Time: 946.9733 us. Best GFLOPs: 2420.1699
2024-10-27 13:05:32 [INFO] [task_scheduler.cc:131] [Task #0: main] Trial #875: GFLOPs: 2210.7792. Time: 904.6584 us. Best GFLOPs: 2420.1699
2024-10-27 13:05:32 [INFO] [task_scheduler.cc:131] [Task #0: main] Trial #876: GFLOPs: 1962.3543. Time: 1019.1839 us. Best GFLOPs: 2420.1699
2024-10-27 13:05:32 [INFO] [task_scheduler.cc:131] [Task #0: main] Trial #877: GFLOPs: 1834.4688. Time: 1090.2338 us. Best GFLOPs: 2420.1699
2024-10-27 13:05:32 [INFO] [task_scheduler.cc:131] [Task #0: main] Trial #878: GFLOPs: 2237.7720. Time: 893.7461 us. Best GFLOPs: 2420.1699
2024-10-27 13:05:32 [INFO] [task_scheduler.cc:131] [Task #0: main] Trial #879: GFLOPs: 2055.8287. Time: 972.8437 us. Best GFLOPs: 2420.1699
2024-10-27 13:05:32 [INFO] [task_scheduler.cc:131] [Task #0: main] Trial #880: GFLOPs: 2141.7746. Time: 933.8051 us. Best GFLOPs: 2420.1699
2024-10-27 13:05:32 [INFO] [task_scheduler.cc:131] [Task #0: main] Trial #881: GFLOPs: 1871.3790. Time: 1068.7306 us. Best GFLOPs: 2420.1699
2024-10-27 13:05:32 [INFO] [task_scheduler.cc:131] [Task #0: main] Trial #882: GFLOPs: 2198.5204. Time: 909.7027 us. Best GFLOPs: 2420.1699
2024-10-27 13:05:32 [INFO] [task_scheduler.cc:131] [Task #0: main] Trial #883: GFLOPs: 2034.7921. Time: 982.9014 us. Best GFLOPs: 2420.1699
2024-10-27 13:05:32 [INFO] [task_scheduler.cc:131] [Task #0: main] Trial #884: GFLOPs: 1997.7929. Time: 1001.1048 us. Best GFLOPs: 2420.1699
2024-10-27 13:05:32 [INFO] [task_scheduler.cc:131] [Task #0: main] Trial #885: GFLOPs: 2187.7608. Time: 914.1767 us. Best GFLOPs: 2420.1699
2024-10-27 13:05:32 [INFO] [task_scheduler.cc:131] [Task #0: main] Trial #886: GFLOPs: 2296.2462. Time: 870.9867 us. Best GFLOPs: 2420.1699
2024-10-27 13:05:32 [INFO] [task_scheduler.cc:131] [Task #0: main] Trial #887: GFLOPs: 2021.0733. Time: 989.5732 us. Best GFLOPs: 2420.1699
2024-10-27 13:05:32 [INFO] [task_scheduler.cc:131] [Task #0: main] Trial #888: GFLOPs: 2101.2816. Time: 951.8001 us. Best GFLOPs: 2420.1699
2024-10-27 13:05:32 [INFO] [task_scheduler.cc:131] [Task #0: main] Trial #889: GFLOPs: 2057.4706. Time: 972.0674 us. Best GFLOPs: 2420.1699
2024-10-27 13:05:32 [INFO] [task_scheduler.cc:131] [Task #0: main] Trial #890: GFLOPs: 2199.9508. Time: 909.1112 us. Best GFLOPs: 2420.1699
2024-10-27 13:05:32 [INFO] [task_scheduler.cc:131] [Task #0: main] Trial #891: GFLOPs: 2016.1229. Time: 992.0030 us. Best GFLOPs: 2420.1699
2024-10-27 13:05:32 [INFO] [task_scheduler.cc:131] [Task #0: main] Trial #892: GFLOPs: 2101.8916. Time: 951.5239 us. Best GFLOPs: 2420.1699
2024-10-27 13:05:32 [INFO] [task_scheduler.cc:131] [Task #0: main] Trial #893: GFLOPs: 1941.1076. Time: 1030.3396 us. Best GFLOPs: 2420.1699
2024-10-27 13:05:32 [INFO] [task_scheduler.cc:131] [Task #0: main] Trial #894: GFLOPs: 733.2796. Time: 2727.4726 us. Best GFLOPs: 2420.1699
2024-10-27 13:05:32 [INFO] [task_scheduler.cc:131] [Task #0: main] Trial #895: GFLOPs: 77.5566. Time: 25787.6036 us. Best GFLOPs: 2420.1699
2024-10-27 13:05:32 [INFO] [task_scheduler.cc:131] [Task #0: main] Trial #896: GFLOPs: 68.1675. Time: 29339.4969 us. Best GFLOPs: 2420.1699
2024-10-27 13:05:32 [INFO] [evolutionary_search.cc:713] Generating candidates......
2024-10-27 13:05:32 [INFO] [evolutionary_search.cc:715] Picked top 102 candidate(s) from database
2024-10-27 13:05:32 [INFO] [evolutionary_search.cc:533] Sample-Init-Population summary:
Postproc #0 [meta_schedule.DisallowDynamicLoop(0x555558734de8)]: 0 failure(s)
Postproc #1 [meta_schedule.RewriteParallelVectorizeUnroll(0x555558623208)]: 0 failure(s)
Postproc #2 [meta_schedule.RewriteReductionBlock(0x5555574e5088)]: 0 failure(s)
Postproc #3 [meta_schedule.RewriteLayout(0x555557533f38)]: 0 failure(s)
2024-10-27 13:05:32 [INFO] [evolutionary_search.cc:723] Sampled 410 candidate(s)
2024-10-27 13:05:33 [INFO] [evolutionary_search.cc:621] Evolve iter #0 done. Summary:
Postproc #0 [meta_schedule.DisallowDynamicLoop(0x555558734de8)]: 0 failure(s)
Postproc #1 [meta_schedule.RewriteParallelVectorizeUnroll(0x555558623208)]: 0 failure(s)
Postproc #2 [meta_schedule.RewriteReductionBlock(0x5555574e5088)]: 0 failure(s)
Postproc #3 [meta_schedule.RewriteLayout(0x555557533f38)]: 0 failure(s)
2024-10-27 13:05:34 [INFO] [evolutionary_search.cc:621] Evolve iter #1 done. Summary:
Postproc #0 [meta_schedule.DisallowDynamicLoop(0x555558734de8)]: 0 failure(s)
Postproc #1 [meta_schedule.RewriteParallelVectorizeUnroll(0x555558623208)]: 0 failure(s)
Postproc #2 [meta_schedule.RewriteReductionBlock(0x5555574e5088)]: 0 failure(s)
Postproc #3 [meta_schedule.RewriteLayout(0x555557533f38)]: 0 failure(s)
2024-10-27 13:05:35 [INFO] [evolutionary_search.cc:621] Evolve iter #2 done. Summary:
Postproc #0 [meta_schedule.DisallowDynamicLoop(0x555558734de8)]: 0 failure(s)
Postproc #1 [meta_schedule.RewriteParallelVectorizeUnroll(0x555558623208)]: 0 failure(s)
Postproc #2 [meta_schedule.RewriteReductionBlock(0x5555574e5088)]: 0 failure(s)
Postproc #3 [meta_schedule.RewriteLayout(0x555557533f38)]: 0 failure(s)
2024-10-27 13:05:36 [INFO] [evolutionary_search.cc:621] Evolve iter #3 done. Summary:
Postproc #0 [meta_schedule.DisallowDynamicLoop(0x555558734de8)]: 0 failure(s)
Postproc #1 [meta_schedule.RewriteParallelVectorizeUnroll(0x555558623208)]: 0 failure(s)
Postproc #2 [meta_schedule.RewriteReductionBlock(0x5555574e5088)]: 0 failure(s)
Postproc #3 [meta_schedule.RewriteLayout(0x555557533f38)]: 0 failure(s)
2024-10-27 13:05:36 [INFO] [evolutionary_search.cc:649] Scores of the best 64 candidates:
[1 : 16]:	0.9800  0.9645  0.9520  0.9510  0.9413  0.9308  0.9251  0.9251  0.9251  0.9144  0.9061  0.9061  0.9027  0.9027  0.9001  0.8995
[17 : 32]:	0.8985  0.8983  0.8954  0.8953  0.8950  0.8940  0.8912  0.8873  0.8862  0.8861  0.8830  0.8768  0.8718  0.8673  0.8592  0.8576
[33 : 48]:	0.8528  0.8454  0.8427  0.8422  0.8393  0.8393  0.8393  0.8378  0.8325  0.8310  0.8310  0.8308  0.8245  0.8225  0.8210  0.8207
[49 : 64]:	0.8207  0.8202  0.8202  0.8199  0.8187  0.8187  0.8187  0.8169  0.8107  0.8107  0.8104  0.8074  0.8059  0.7999  0.7969  0.7939
2024-10-27 13:05:36 [INFO] [evolutionary_search.cc:727] Got 64 candidate(s) with evolutionary search
2024-10-27 13:05:36 [INFO] [evolutionary_search.cc:730] Sending 64 candidates(s) for measurement
2024-10-27 13:06:40 [INFO] [task_scheduler.cc:131] [Task #0: main] Trial #897: GFLOPs: 2310.9070. Time: 865.4610 us. Best GFLOPs: 2420.1699
2024-10-27 13:06:40 [INFO] [task_scheduler.cc:131] [Task #0: main] Trial #898: GFLOPs: 1666.0257. Time: 1200.4616 us. Best GFLOPs: 2420.1699
2024-10-27 13:06:40 [INFO] [task_scheduler.cc:131] [Task #0: main] Trial #899: GFLOPs: 2317.1310. Time: 863.1364 us. Best GFLOPs: 2420.1699
2024-10-27 13:06:40 [INFO] [task_scheduler.cc:131] [Task #0: main] Trial #900: GFLOPs: 2030.6244. Time: 984.9187 us. Best GFLOPs: 2420.1699
2024-10-27 13:06:40 [INFO] [task_scheduler.cc:131] [Task #0: main] Trial #901: GFLOPs: 1707.0117. Time: 1171.6381 us. Best GFLOPs: 2420.1699
2024-10-27 13:06:40 [INFO] [task_scheduler.cc:131] [Task #0: main] Trial #902: GFLOPs: 2322.9998. Time: 860.9557 us. Best GFLOPs: 2420.1699
2024-10-27 13:06:40 [INFO] [task_scheduler.cc:131] [Task #0: main] Trial #903: GFLOPs: 2231.9288. Time: 896.0859 us. Best GFLOPs: 2420.1699
2024-10-27 13:06:40 [INFO] [task_scheduler.cc:131] [Task #0: main] Trial #904: GFLOPs: 2311.3645. Time: 865.2898 us. Best GFLOPs: 2420.1699
2024-10-27 13:06:40 [INFO] [task_scheduler.cc:131] [Task #0: main] Trial #905: GFLOPs: 2293.1975. Time: 872.1447 us. Best GFLOPs: 2420.1699
2024-10-27 13:06:40 [INFO] [task_scheduler.cc:131] [Task #0: main] Trial #906: GFLOPs: 2091.4885. Time: 956.2568 us. Best GFLOPs: 2420.1699
2024-10-27 13:06:40 [INFO] [task_scheduler.cc:131] [Task #0: main] Trial #907: GFLOPs: 2426.7645. Time: 824.1426 us. Best GFLOPs: 2426.7645
2024-10-27 13:06:40 [INFO] [task_scheduler.cc:131] [Task #0: main] Trial #908: GFLOPs: 2222.8590. Time: 899.7422 us. Best GFLOPs: 2426.7645
2024-10-27 13:06:40 [INFO] [task_scheduler.cc:131] [Task #0: main] Trial #909: GFLOPs: 2146.5466. Time: 931.7291 us. Best GFLOPs: 2426.7645
2024-10-27 13:06:40 [INFO] [task_scheduler.cc:131] [Task #0: main] Trial #910: GFLOPs: 2139.1820. Time: 934.9368 us. Best GFLOPs: 2426.7645
2024-10-27 13:06:40 [INFO] [task_scheduler.cc:131] [Task #0: main] Trial #911: GFLOPs: 2324.8115. Time: 860.2848 us. Best GFLOPs: 2426.7645
2024-10-27 13:06:40 [INFO] [task_scheduler.cc:131] [Task #0: main] Trial #912: GFLOPs: 2001.6728. Time: 999.1643 us. Best GFLOPs: 2426.7645
2024-10-27 13:06:40 [INFO] [task_scheduler.cc:131] [Task #0: main] Trial #913: GFLOPs: 2213.7073. Time: 903.4618 us. Best GFLOPs: 2426.7645
2024-10-27 13:06:40 [INFO] [task_scheduler.cc:131] [Task #0: main] Trial #914: GFLOPs: 2312.2535. Time: 864.9571 us. Best GFLOPs: 2426.7645
2024-10-27 13:06:40 [INFO] [task_scheduler.cc:131] [Task #0: main] Trial #915: GFLOPs: 2322.6265. Time: 861.0941 us. Best GFLOPs: 2426.7645
2024-10-27 13:06:40 [INFO] [task_scheduler.cc:131] [Task #0: main] Trial #916: GFLOPs: 1312.0870. Time: 1524.2892 us. Best GFLOPs: 2426.7645
2024-10-27 13:06:40 [INFO] [task_scheduler.cc:131] [Task #0: main] Trial #917: GFLOPs: 2170.0106. Time: 921.6545 us. Best GFLOPs: 2426.7645
2024-10-27 13:06:40 [INFO] [task_scheduler.cc:131] [Task #0: main] Trial #918: GFLOPs: 2348.3745. Time: 851.6529 us. Best GFLOPs: 2426.7645
2024-10-27 13:06:40 [INFO] [task_scheduler.cc:131] [Task #0: main] Trial #919: GFLOPs: 2212.2622. Time: 904.0520 us. Best GFLOPs: 2426.7645
2024-10-27 13:06:40 [INFO] [task_scheduler.cc:131] [Task #0: main] Trial #920: GFLOPs: 2150.5172. Time: 930.0088 us. Best GFLOPs: 2426.7645
2024-10-27 13:06:40 [INFO] [task_scheduler.cc:131] [Task #0: main] Trial #921: GFLOPs: 2194.0494. Time: 911.5565 us. Best GFLOPs: 2426.7645
2024-10-27 13:06:40 [INFO] [task_scheduler.cc:131] [Task #0: main] Trial #922: GFLOPs: 2404.8019. Time: 831.6693 us. Best GFLOPs: 2426.7645
2024-10-27 13:06:40 [INFO] [task_scheduler.cc:131] [Task #0: main] Trial #923: GFLOPs: 1885.5620. Time: 1060.6917 us. Best GFLOPs: 2426.7645
2024-10-27 13:06:40 [INFO] [task_scheduler.cc:131] [Task #0: main] Trial #924: GFLOPs: 1973.0849. Time: 1013.6411 us. Best GFLOPs: 2426.7645
2024-10-27 13:06:40 [INFO] [task_scheduler.cc:131] [Task #0: main] Trial #925: GFLOPs: 2190.7228. Time: 912.9407 us. Best GFLOPs: 2426.7645
2024-10-27 13:06:40 [INFO] [task_scheduler.cc:131] [Task #0: main] Trial #926: GFLOPs: 2328.4076. Time: 858.9562 us. Best GFLOPs: 2426.7645
2024-10-27 13:06:40 [INFO] [task_scheduler.cc:131] [Task #0: main] Trial #927: GFLOPs: 1949.8082. Time: 1025.7419 us. Best GFLOPs: 2426.7645
2024-10-27 13:06:40 [INFO] [task_scheduler.cc:131] [Task #0: main] Trial #928: GFLOPs: 2162.5615. Time: 924.8292 us. Best GFLOPs: 2426.7645
2024-10-27 13:06:40 [INFO] [task_scheduler.cc:131] [Task #0: main] Trial #929: GFLOPs: 1942.0013. Time: 1029.8655 us. Best GFLOPs: 2426.7645
2024-10-27 13:06:40 [INFO] [task_scheduler.cc:131] [Task #0: main] Trial #930: GFLOPs: 2242.5794. Time: 891.8302 us. Best GFLOPs: 2426.7645
2024-10-27 13:06:40 [INFO] [task_scheduler.cc:131] [Task #0: main] Trial #931: GFLOPs: 2433.8891. Time: 821.7301 us. Best GFLOPs: 2433.8891
2024-10-27 13:06:40 [INFO] [task_scheduler.cc:131] [Task #0: main] Trial #932: GFLOPs: 1627.0247. Time: 1229.2376 us. Best GFLOPs: 2433.8891
2024-10-27 13:06:40 [INFO] [task_scheduler.cc:131] [Task #0: main] Trial #933: GFLOPs: 1671.2986. Time: 1196.6742 us. Best GFLOPs: 2433.8891
2024-10-27 13:06:40 [INFO] [task_scheduler.cc:131] [Task #0: main] Trial #934: GFLOPs: 1188.4311. Time: 1682.8910 us. Best GFLOPs: 2433.8891
2024-10-27 13:06:40 [INFO] [task_scheduler.cc:131] [Task #0: main] Trial #935: GFLOPs: 2238.8935. Time: 893.2984 us. Best GFLOPs: 2433.8891
2024-10-27 13:06:40 [INFO] [task_scheduler.cc:131] [Task #0: main] Trial #936: GFLOPs: 1628.1242. Time: 1228.4075 us. Best GFLOPs: 2433.8891
2024-10-27 13:06:40 [INFO] [task_scheduler.cc:131] [Task #0: main] Trial #937: GFLOPs: 2326.2696. Time: 859.7456 us. Best GFLOPs: 2433.8891
2024-10-27 13:06:40 [INFO] [task_scheduler.cc:131] [Task #0: main] Trial #938: GFLOPs: 1624.9896. Time: 1230.7771 us. Best GFLOPs: 2433.8891
2024-10-27 13:06:40 [INFO] [task_scheduler.cc:131] [Task #0: main] Trial #939: GFLOPs: 1671.4355. Time: 1196.5763 us. Best GFLOPs: 2433.8891
2024-10-27 13:06:40 [INFO] [task_scheduler.cc:131] [Task #0: main] Trial #940: GFLOPs: 2087.3329. Time: 958.1605 us. Best GFLOPs: 2433.8891
2024-10-27 13:06:40 [INFO] [task_scheduler.cc:131] [Task #0: main] Trial #941: GFLOPs: 2051.9209. Time: 974.6965 us. Best GFLOPs: 2433.8891
2024-10-27 13:06:40 [INFO] [task_scheduler.cc:131] [Task #0: main] Trial #942: GFLOPs: 2011.4024. Time: 994.3311 us. Best GFLOPs: 2433.8891
2024-10-27 13:06:40 [INFO] [task_scheduler.cc:131] [Task #0: main] Trial #943: GFLOPs: 1953.2445. Time: 1023.9373 us. Best GFLOPs: 2433.8891
2024-10-27 13:06:40 [INFO] [task_scheduler.cc:131] [Task #0: main] Trial #944: GFLOPs: 1980.0722. Time: 1010.0642 us. Best GFLOPs: 2433.8891
2024-10-27 13:06:40 [INFO] [task_scheduler.cc:131] [Task #0: main] Trial #945: GFLOPs: 1316.1040. Time: 1519.6368 us. Best GFLOPs: 2433.8891
2024-10-27 13:06:40 [INFO] [task_scheduler.cc:131] [Task #0: main] Trial #946: GFLOPs: 1651.6640. Time: 1210.9001 us. Best GFLOPs: 2433.8891
2024-10-27 13:06:40 [INFO] [task_scheduler.cc:131] [Task #0: main] Trial #947: GFLOPs: 1419.6642. Time: 1408.7838 us. Best GFLOPs: 2433.8891
2024-10-27 13:06:40 [INFO] [task_scheduler.cc:131] [Task #0: main] Trial #948: GFLOPs: 2258.7411. Time: 885.4490 us. Best GFLOPs: 2433.8891
2024-10-27 13:06:40 [INFO] [task_scheduler.cc:131] [Task #0: main] Trial #949: GFLOPs: 1364.9115. Time: 1465.2965 us. Best GFLOPs: 2433.8891
2024-10-27 13:06:40 [INFO] [task_scheduler.cc:131] [Task #0: main] Trial #950: GFLOPs: 1919.4144. Time: 1041.9845 us. Best GFLOPs: 2433.8891
2024-10-27 13:06:40 [INFO] [task_scheduler.cc:131] [Task #0: main] Trial #951: GFLOPs: 1922.1199. Time: 1040.5178 us. Best GFLOPs: 2433.8891
2024-10-27 13:06:40 [INFO] [task_scheduler.cc:131] [Task #0: main] Trial #952: GFLOPs: 2161.1241. Time: 925.4443 us. Best GFLOPs: 2433.8891
2024-10-27 13:06:40 [INFO] [task_scheduler.cc:131] [Task #0: main] Trial #953: GFLOPs: 2111.6131. Time: 947.1432 us. Best GFLOPs: 2433.8891
2024-10-27 13:06:40 [INFO] [task_scheduler.cc:131] [Task #0: main] Trial #954: GFLOPs: 2126.7167. Time: 940.4168 us. Best GFLOPs: 2433.8891
2024-10-27 13:06:40 [INFO] [task_scheduler.cc:131] [Task #0: main] Trial #955: GFLOPs: 1920.5984. Time: 1041.3421 us. Best GFLOPs: 2433.8891
2024-10-27 13:06:40 [INFO] [task_scheduler.cc:131] [Task #0: main] Trial #956: GFLOPs: 2429.3195. Time: 823.2758 us. Best GFLOPs: 2433.8891
2024-10-27 13:06:40 [INFO] [task_scheduler.cc:131] [Task #0: main] Trial #957: GFLOPs: 1769.4099. Time: 1130.3203 us. Best GFLOPs: 2433.8891
2024-10-27 13:06:40 [INFO] [task_scheduler.cc:131] [Task #0: main] Trial #958: GFLOPs: 147.6045. Time: 13549.7207 us. Best GFLOPs: 2433.8891
2024-10-27 13:06:40 [INFO] [task_scheduler.cc:131] [Task #0: main] Trial #959: GFLOPs: 503.9900. Time: 3968.3329 us. Best GFLOPs: 2433.8891
2024-10-27 13:06:40 [INFO] [task_scheduler.cc:131] [Task #0: main] Trial #960: GFLOPs: 502.4914. Time: 3980.1676 us. Best GFLOPs: 2433.8891
2024-10-27 13:06:40 [INFO] [evolutionary_search.cc:713] Generating candidates......
2024-10-27 13:06:40 [INFO] [evolutionary_search.cc:715] Picked top 102 candidate(s) from database
2024-10-27 13:06:40 [INFO] [evolutionary_search.cc:533] Sample-Init-Population summary:
Postproc #0 [meta_schedule.DisallowDynamicLoop(0x555558734de8)]: 0 failure(s)
Postproc #1 [meta_schedule.RewriteParallelVectorizeUnroll(0x555558623208)]: 0 failure(s)
Postproc #2 [meta_schedule.RewriteReductionBlock(0x5555574e5088)]: 0 failure(s)
Postproc #3 [meta_schedule.RewriteLayout(0x555557533f38)]: 0 failure(s)
2024-10-27 13:06:40 [INFO] [evolutionary_search.cc:723] Sampled 410 candidate(s)
2024-10-27 13:06:41 [INFO] [evolutionary_search.cc:621] Evolve iter #0 done. Summary:
Postproc #0 [meta_schedule.DisallowDynamicLoop(0x555558734de8)]: 0 failure(s)
Postproc #1 [meta_schedule.RewriteParallelVectorizeUnroll(0x555558623208)]: 0 failure(s)
Postproc #2 [meta_schedule.RewriteReductionBlock(0x5555574e5088)]: 0 failure(s)
Postproc #3 [meta_schedule.RewriteLayout(0x555557533f38)]: 0 failure(s)
2024-10-27 13:06:42 [INFO] [evolutionary_search.cc:621] Evolve iter #1 done. Summary:
Postproc #0 [meta_schedule.DisallowDynamicLoop(0x555558734de8)]: 0 failure(s)
Postproc #1 [meta_schedule.RewriteParallelVectorizeUnroll(0x555558623208)]: 0 failure(s)
Postproc #2 [meta_schedule.RewriteReductionBlock(0x5555574e5088)]: 0 failure(s)
Postproc #3 [meta_schedule.RewriteLayout(0x555557533f38)]: 0 failure(s)
2024-10-27 13:06:42 [INFO] [evolutionary_search.cc:621] Evolve iter #2 done. Summary:
Postproc #0 [meta_schedule.DisallowDynamicLoop(0x555558734de8)]: 0 failure(s)
Postproc #1 [meta_schedule.RewriteParallelVectorizeUnroll(0x555558623208)]: 0 failure(s)
Postproc #2 [meta_schedule.RewriteReductionBlock(0x5555574e5088)]: 0 failure(s)
Postproc #3 [meta_schedule.RewriteLayout(0x555557533f38)]: 0 failure(s)
2024-10-27 13:06:43 [INFO] [evolutionary_search.cc:621] Evolve iter #3 done. Summary:
Postproc #0 [meta_schedule.DisallowDynamicLoop(0x555558734de8)]: 0 failure(s)
Postproc #1 [meta_schedule.RewriteParallelVectorizeUnroll(0x555558623208)]: 0 failure(s)
Postproc #2 [meta_schedule.RewriteReductionBlock(0x5555574e5088)]: 0 failure(s)
Postproc #3 [meta_schedule.RewriteLayout(0x555557533f38)]: 0 failure(s)
2024-10-27 13:06:44 [INFO] [evolutionary_search.cc:649] Scores of the best 40 candidates:
[1 : 16]:	0.9513  0.9412  0.9310  0.9297  0.9287  0.9269  0.9252  0.9252  0.9247  0.9176  0.9151  0.9149  0.9061  0.9031  0.9014  0.9008
[17 : 32]:	0.8998  0.8987  0.8968  0.8966  0.8966  0.8966  0.8952  0.8928  0.8916  0.8888  0.8850  0.8848  0.8848  0.8848  0.8815  0.8804
[33 : 40]:	0.8800  0.8800  0.8793  0.8793  0.8784  0.8754  0.8691  0.8674
2024-10-27 13:06:44 [INFO] [evolutionary_search.cc:727] Got 40 candidate(s) with evolutionary search
2024-10-27 13:06:44 [INFO] [evolutionary_search.cc:730] Sending 40 candidates(s) for measurement
2024-10-27 13:07:22 [INFO] [task_scheduler.cc:131] [Task #0: main] Trial #961: GFLOPs: 2246.1431. Time: 890.4152 us. Best GFLOPs: 2433.8891
2024-10-27 13:07:22 [INFO] [task_scheduler.cc:131] [Task #0: main] Trial #962: GFLOPs: 1653.0569. Time: 1209.8797 us. Best GFLOPs: 2433.8891
2024-10-27 13:07:22 [INFO] [task_scheduler.cc:131] [Task #0: main] Trial #963: GFLOPs: 1753.0501. Time: 1140.8687 us. Best GFLOPs: 2433.8891
2024-10-27 13:07:22 [INFO] [task_scheduler.cc:131] [Task #0: main] Trial #964: GFLOPs: 2069.0309. Time: 966.6361 us. Best GFLOPs: 2433.8891
2024-10-27 13:07:22 [INFO] [task_scheduler.cc:131] [Task #0: main] Trial #965: GFLOPs: 2170.3844. Time: 921.4958 us. Best GFLOPs: 2433.8891
2024-10-27 13:07:22 [INFO] [task_scheduler.cc:131] [Task #0: main] Trial #966: GFLOPs: 2180.2510. Time: 917.3256 us. Best GFLOPs: 2433.8891
2024-10-27 13:07:22 [INFO] [task_scheduler.cc:131] [Task #0: main] Trial #967: GFLOPs: 1555.8020. Time: 1285.5106 us. Best GFLOPs: 2433.8891
2024-10-27 13:07:22 [INFO] [task_scheduler.cc:131] [Task #0: main] Trial #968: GFLOPs: 2235.9119. Time: 894.4896 us. Best GFLOPs: 2433.8891
2024-10-27 13:07:22 [INFO] [task_scheduler.cc:131] [Task #0: main] Trial #969: GFLOPs: 1730.5294. Time: 1155.7157 us. Best GFLOPs: 2433.8891
2024-10-27 13:07:22 [INFO] [task_scheduler.cc:131] [Task #0: main] Trial #970: GFLOPs: 2319.3883. Time: 862.2963 us. Best GFLOPs: 2433.8891
2024-10-27 13:07:22 [INFO] [task_scheduler.cc:131] [Task #0: main] Trial #971: GFLOPs: 1536.5414. Time: 1301.6245 us. Best GFLOPs: 2433.8891
2024-10-27 13:07:22 [INFO] [task_scheduler.cc:131] [Task #0: main] Trial #972: GFLOPs: 2310.2956. Time: 865.6901 us. Best GFLOPs: 2433.8891
2024-10-27 13:07:22 [INFO] [task_scheduler.cc:131] [Task #0: main] Trial #973: GFLOPs: 1653.2764. Time: 1209.7191 us. Best GFLOPs: 2433.8891
2024-10-27 13:07:22 [INFO] [task_scheduler.cc:131] [Task #0: main] Trial #974: GFLOPs: 2176.5660. Time: 918.8786 us. Best GFLOPs: 2433.8891
2024-10-27 13:07:22 [INFO] [task_scheduler.cc:131] [Task #0: main] Trial #975: GFLOPs: 1667.9121. Time: 1199.1040 us. Best GFLOPs: 2433.8891
2024-10-27 13:07:22 [INFO] [task_scheduler.cc:131] [Task #0: main] Trial #976: GFLOPs: 2328.9510. Time: 858.7557 us. Best GFLOPs: 2433.8891
2024-10-27 13:07:22 [INFO] [task_scheduler.cc:131] [Task #0: main] Trial #977: GFLOPs: 2162.1092. Time: 925.0227 us. Best GFLOPs: 2433.8891
2024-10-27 13:07:22 [INFO] [task_scheduler.cc:131] [Task #0: main] Trial #978: GFLOPs: 2359.7871. Time: 847.5341 us. Best GFLOPs: 2433.8891
2024-10-27 13:07:22 [INFO] [task_scheduler.cc:131] [Task #0: main] Trial #979: GFLOPs: 2112.8992. Time: 946.5667 us. Best GFLOPs: 2433.8891
2024-10-27 13:07:22 [INFO] [task_scheduler.cc:131] [Task #0: main] Trial #980: GFLOPs: 1766.0279. Time: 1132.4849 us. Best GFLOPs: 2433.8891
2024-10-27 13:07:22 [INFO] [task_scheduler.cc:131] [Task #0: main] Trial #981: GFLOPs: 1872.3138. Time: 1068.1970 us. Best GFLOPs: 2433.8891
2024-10-27 13:07:22 [INFO] [task_scheduler.cc:131] [Task #0: main] Trial #982: GFLOPs: 1915.5392. Time: 1044.0924 us. Best GFLOPs: 2433.8891
2024-10-27 13:07:22 [INFO] [task_scheduler.cc:131] [Task #0: main] Trial #983: GFLOPs: 2185.4466. Time: 915.1448 us. Best GFLOPs: 2433.8891
2024-10-27 13:07:22 [INFO] [task_scheduler.cc:131] [Task #0: main] Trial #984: GFLOPs: 2341.4832. Time: 854.1595 us. Best GFLOPs: 2433.8891
2024-10-27 13:07:22 [INFO] [task_scheduler.cc:131] [Task #0: main] Trial #985: GFLOPs: 2288.3359. Time: 873.9976 us. Best GFLOPs: 2433.8891
2024-10-27 13:07:22 [INFO] [task_scheduler.cc:131] [Task #0: main] Trial #986: GFLOPs: 2409.3637. Time: 830.0947 us. Best GFLOPs: 2433.8891
2024-10-27 13:07:22 [INFO] [task_scheduler.cc:131] [Task #0: main] Trial #987: GFLOPs: 2422.3946. Time: 825.6293 us. Best GFLOPs: 2433.8891
2024-10-27 13:07:22 [INFO] [task_scheduler.cc:131] [Task #0: main] Trial #988: GFLOPs: 2194.6601. Time: 911.3028 us. Best GFLOPs: 2433.8891
2024-10-27 13:07:22 [INFO] [task_scheduler.cc:131] [Task #0: main] Trial #989: GFLOPs: 2147.9960. Time: 931.1004 us. Best GFLOPs: 2433.8891
2024-10-27 13:07:22 [INFO] [task_scheduler.cc:131] [Task #0: main] Trial #990: GFLOPs: 2259.9887. Time: 884.9602 us. Best GFLOPs: 2433.8891
2024-10-27 13:07:22 [INFO] [task_scheduler.cc:131] [Task #0: main] Trial #991: GFLOPs: 2274.5148. Time: 879.3084 us. Best GFLOPs: 2433.8891
2024-10-27 13:07:22 [INFO] [task_scheduler.cc:131] [Task #0: main] Trial #992: GFLOPs: 2294.4627. Time: 871.6638 us. Best GFLOPs: 2433.8891
2024-10-27 13:07:22 [INFO] [task_scheduler.cc:131] [Task #0: main] Trial #993: GFLOPs: 2185.1567. Time: 915.2662 us. Best GFLOPs: 2433.8891
2024-10-27 13:07:22 [INFO] [task_scheduler.cc:131] [Task #0: main] Trial #994: GFLOPs: 2029.0345. Time: 985.6905 us. Best GFLOPs: 2433.8891
2024-10-27 13:07:22 [INFO] [task_scheduler.cc:131] [Task #0: main] Trial #995: GFLOPs: 2403.7981. Time: 832.0166 us. Best GFLOPs: 2433.8891
2024-10-27 13:07:22 [INFO] [task_scheduler.cc:131] [Task #0: main] Trial #996: GFLOPs: 2227.3955. Time: 897.9097 us. Best GFLOPs: 2433.8891
2024-10-27 13:07:22 [INFO] [task_scheduler.cc:131] [Task #0: main] Trial #997: GFLOPs: 2431.7522. Time: 822.4522 us. Best GFLOPs: 2433.8891
2024-10-27 13:07:22 [INFO] [task_scheduler.cc:131] [Task #0: main] Trial #998: GFLOPs: 2113.3389. Time: 946.3697 us. Best GFLOPs: 2433.8891
2024-10-27 13:07:22 [INFO] [task_scheduler.cc:131] [Task #0: main] Trial #999: GFLOPs: 866.7037. Time: 2307.5938 us. Best GFLOPs: 2433.8891
2024-10-27 13:07:22 [INFO] [task_scheduler.cc:131] [Task #0: main] Trial #1000: GFLOPs: 533.9592. Time: 3745.6046 us. Best GFLOPs: 2433.8891
