
Coordinate Descent:
Starting position: (1, 1, 1, 1) with performance: 3667 ms
Neighbor size: 8
Neighbor size: 10
tile size (t1, t2, t3, t4): (1, 1, 1, 16) with performance: 3352 ms
Neighbor size: 10
tile size (t1, t2, t3, t4): (1, 1, 1, 64) with performance: 3337 ms
Neighbor size: 10
tile size (t1, t2, t3, t4): (1, 1, 1, 256) with performance: 3328 ms
Neighbor size: 9
coordinate search took 180506 milliseconds to converge.
Converged to: (1, 1, 1, 256) with performance: 3328 milliseconds

Exhaustive search:
1 1 1 1 3671
1 1 1 2 3514
1 1 1 4 3423
1 1 1 8 3378
1 1 1 16 3356
1 1 1 32 3343
1 1 1 64 3341
1 1 1 128 3334
1 1 1 256 3334
1 1 1 512 3334
1 1 2 1 3577
1 1 2 2 3461
1 1 2 4 3397
1 1 2 8 3365
1 1 2 16 3349
1 1 2 32 3338
1 1 2 64 3340
1 1 2 128 3336
1 1 2 256 3336
1 1 2 512 3335
1 1 4 1 3535
1 1 4 2 3437
1 1 4 4 3381
1 1 4 8 3354
1 1 4 16 3347
1 1 4 32 3338
1 1 4 64 3338
1 1 4 128 3332
1 1 4 256 3332
1 1 4 512 3332
1 1 8 1 3542
1 1 8 2 3432
1 1 8 4 3376
1 1 8 8 3356
1 1 8 16 3342
1 1 8 32 3334
1 1 8 64 3335
1 1 8 128 3330
1 1 8 256 3330
1 1 8 512 3331
1 1 16 1 3543
1 1 16 2 3440
1 1 16 4 3381
1 1 16 8 3352
1 1 16 16 3340
1 1 16 32 3333
1 1 16 64 3334
1 1 16 128 3330
1 1 16 256 3330
1 1 16 512 3330
1 1 32 1 3532
1 1 32 2 3431
1 1 32 4 3379
1 1 32 8 3350
1 1 32 16 3340
1 1 32 32 3333
1 1 32 64 3334
1 1 32 128 3330
1 1 32 256 3330
1 1 32 512 3330
1 1 64 1 3532
1 1 64 2 3428
1 1 64 4 3376
1 1 64 8 3348
1 1 64 16 3338
1 1 64 32 3332
1 1 64 64 3335
1 1 64 128 3330
1 1 64 256 3329
1 1 64 512 3330
1 1 128 1 3534
1 1 128 2 3428
1 1 128 4 3377
1 1 128 8 3349
1 1 128 16 3339
1 1 128 32 3332
1 1 128 64 3335
1 1 128 128 3330
1 1 128 256 3330
1 1 128 512 3330
1 1 256 1 3533
1 1 256 2 3430
1 1 256 4 3377
1 1 256 8 3349
1 1 256 16 3339
1 1 256 32 3332
1 1 256 64 3334
1 1 256 128 3330
1 1 256 256 3330
1 1 256 512 3330
1 1 512 1 3534
1 1 512 2 3429
1 1 512 4 3377
1 1 512 8 3350
1 1 512 16 3339
1 1 512 32 3332
1 1 512 64 3335
1 1 512 128 3330
1 1 512 256 3330
1 1 512 512 3330
1 2 1 1 3595
1 2 1 2 3475
1 2 1 4 3402
1 2 1 8 3371
1 2 1 16 3352
1 2 1 32 3342
1 2 1 64 3344
1 2 1 128 3340
1 2 1 256 3340
1 2 1 512 3340
1 2 2 1 3537
1 2 2 2 3441
1 2 2 4 3387
1 2 2 8 3362
1 2 2 16 3348
1 2 2 32 3342
1 2 2 64 3344
1 2 2 128 3340
1 2 2 256 3340
1 2 2 512 3340
1 2 4 1 3511
1 2 4 2 3421
1 2 4 4 3372
1 2 4 8 3351
1 2 4 16 3348
1 2 4 32 3338
1 2 4 64 3337
1 2 4 128 3332
1 2 4 256 3332
1 2 4 512 3331
1 2 8 1 3534
1 2 8 2 3424
1 2 8 4 3372
1 2 8 8 3358
1 2 8 16 3341
1 2 8 32 3334
1 2 8 64 3335
1 2 8 128 3330
1 2 8 256 3330
1 2 8 512 3330
1 2 16 1 3537
1 2 16 2 3434
1 2 16 4 3381
1 2 16 8 3353
1 2 16 16 3341
1 2 16 32 3333
1 2 16 64 3334
1 2 16 128 3330
1 2 16 256 3330
1 2 16 512 3330
1 2 32 1 3532
1 2 32 2 3436
1 2 32 4 3383
1 2 32 8 3352
1 2 32 16 3340
1 2 32 32 3334
1 2 32 64 3335
1 2 32 128 3329
1 2 32 256 3329
1 2 32 512 3329
1 2 64 1 3544
1 2 64 2 3437
1 2 64 4 3381
1 2 64 8 3351
1 2 64 16 3341
1 2 64 32 3332
1 2 64 64 3335
1 2 64 128 3329
1 2 64 256 3329
1 2 64 512 3328
1 2 128 1 3552
1 2 128 2 3441
1 2 128 4 3386
1 2 128 8 3353
1 2 128 16 3341
1 2 128 32 3333
1 2 128 64 3335
1 2 128 128 3329
1 2 128 256 3330
1 2 128 512 3330
1 2 256 1 3552
1 2 256 2 3441
1 2 256 4 3385
1 2 256 8 3353
1 2 256 16 3341
1 2 256 32 3333
1 2 256 64 3335
1 2 256 128 3329
1 2 256 256 3330
1 2 256 512 3330
1 2 512 1 3551
1 2 512 2 3441
1 2 512 4 3386
1 2 512 8 3353
1 2 512 16 3341
1 2 512 32 3332
1 2 512 64 3335
1 2 512 128 3329
1 2 512 256 3330
1 2 512 512 3330
1 4 1 1 3552
1 4 1 2 3454
1 4 1 4 3390
1 4 1 8 3362
1 4 1 16 3354
1 4 1 32 3342
1 4 1 64 3342
1 4 1 128 3337
1 4 1 256 3337
1 4 1 512 3337
1 4 2 1 3519
1 4 2 2 3432
1 4 2 4 3381
1 4 2 8 3363
1 4 2 16 3347
1 4 2 32 3338
1 4 2 64 3341
1 4 2 128 3338
1 4 2 256 3338
1 4 2 512 3338
1 4 4 1 3501
1 4 4 2 3418
1 4 4 4 3376
1 4 4 8 3350
1 4 4 16 3344
1 4 4 32 3335
1 4 4 64 3335
1 4 4 128 3330
1 4 4 256 3330
1 4 4 512 3330
1 4 8 1 3532
1 4 8 2 3435
1 4 8 4 3374
1 4 8 8 3355
1 4 8 16 3341
1 4 8 32 3333
1 4 8 64 3333
1 4 8 128 3328
1 4 8 256 3328
1 4 8 512 3328
1 4 16 1 3541
1 4 16 2 3439
1 4 16 4 3380
1 4 16 8 3354
1 4 16 16 3343
1 4 16 32 3335
1 4 16 64 3334
1 4 16 128 3328
1 4 16 256 3328
1 4 16 512 3328
1 4 32 1 3547
1 4 32 2 3446
1 4 32 4 3386
1 4 32 8 3354
1 4 32 16 3342
1 4 32 32 3333
1 4 32 64 3332
1 4 32 128 3328
1 4 32 256 3328
1 4 32 512 3328
1 4 64 1 3556
1 4 64 2 3447
1 4 64 4 3384
1 4 64 8 3351
1 4 64 16 3339
1 4 64 32 3331
1 4 64 64 3333
1 4 64 128 3328
1 4 64 256 3328
1 4 64 512 3328
1 4 128 1 3562
1 4 128 2 3453
1 4 128 4 3388
1 4 128 8 3354
1 4 128 16 3341
1 4 128 32 3333
1 4 128 64 3335
1 4 128 128 3330
1 4 128 256 3328
1 4 128 512 3329
1 4 256 1 3563
1 4 256 2 3451
1 4 256 4 3388
1 4 256 8 3354
1 4 256 16 3341
1 4 256 32 3333
1 4 256 64 3334
1 4 256 128 3329
1 4 256 256 3329
1 4 256 512 3330
1 4 512 1 3563
1 4 512 2 3451
1 4 512 4 3389
1 4 512 8 3354
1 4 512 16 3341
1 4 512 32 3333
1 4 512 64 3335
1 4 512 128 3330
1 4 512 256 3330
1 4 512 512 3330
1 8 1 1 3545
1 8 1 2 3456
1 8 1 4 3390
1 8 1 8 3365
1 8 1 16 3349
1 8 1 32 3339
1 8 1 64 3339
1 8 1 128 3335
1 8 1 256 3334
1 8 1 512 3334
1 8 2 1 3520
1 8 2 2 3436
1 8 2 4 3388
1 8 2 8 3358
1 8 2 16 3346
1 8 2 32 3337
1 8 2 64 3340
1 8 2 128 3336
1 8 2 256 3336
1 8 2 512 3336
1 8 4 1 3511
1 8 4 2 3431
1 8 4 4 3375
1 8 4 8 3349
1 8 4 16 3343
1 8 4 32 3335
1 8 4 64 3333
1 8 4 128 3328
1 8 4 256 3328
1 8 4 512 3328
1 8 8 1 3544
1 8 8 2 3437
1 8 8 4 3377
1 8 8 8 3357
1 8 8 16 3345
1 8 8 32 3334
1 8 8 64 3333
1 8 8 128 3327
1 8 8 256 3327
1 8 8 512 3327
1 8 16 1 3556
1 8 16 2 3457
1 8 16 4 3393
1 8 16 8 3358
1 8 16 16 3345
1 8 16 32 3334
1 8 16 64 3332
1 8 16 128 3326
1 8 16 256 3327
1 8 16 512 3326
1 8 32 1 3563
1 8 32 2 3461
1 8 32 4 3391
1 8 32 8 3355
1 8 32 16 3341
1 8 32 32 3332
1 8 32 64 3331
1 8 32 128 3326
1 8 32 256 3326
1 8 32 512 3325
1 8 64 1 3564
1 8 64 2 3453
1 8 64 4 3385
1 8 64 8 3351
1 8 64 16 3338
1 8 64 32 3330
1 8 64 64 3331
1 8 64 128 3326
1 8 64 256 3327
1 8 64 512 3327
1 8 128 1 3564
1 8 128 2 3452
1 8 128 4 3388
1 8 128 8 3354
1 8 128 16 3341
1 8 128 32 3332
1 8 128 64 3334
1 8 128 128 3330
1 8 128 256 3330
1 8 128 512 3330
1 8 256 1 3563
1 8 256 2 3453
1 8 256 4 3388
1 8 256 8 3354
1 8 256 16 3340
1 8 256 32 3333
1 8 256 64 3334
1 8 256 128 3329
1 8 256 256 3330
1 8 256 512 3330
1 8 512 1 3563
1 8 512 2 3453
1 8 512 4 3389
1 8 512 8 3353
1 8 512 16 3341
1 8 512 32 3333
1 8 512 64 3334
1 8 512 128 3330
1 8 512 256 3330
1 8 512 512 3330
1 16 1 1 3627
1 16 1 2 3536
1 16 1 4 3429
1 16 1 8 3377
1 16 1 16 3357
1 16 1 32 3344
1 16 1 64 3344
1 16 1 128 3336
1 16 1 256 3335
1 16 1 512 3336
1 16 2 1 3586
1 16 2 2 3482
1 16 2 4 3405
1 16 2 8 3367
1 16 2 16 3352
1 16 2 32 3341
1 16 2 64 3343
1 16 2 128 3336
1 16 2 256 3337
1 16 2 512 3337
1 16 4 1 3559
1 16 4 2 3458
1 16 4 4 3394
1 16 4 8 3359
1 16 4 16 3351
1 16 4 32 3338
1 16 4 64 3335
1 16 4 128 3328
1 16 4 256 3328
1 16 4 512 3328
1 16 8 1 3570
1 16 8 2 3471
1 16 8 4 3396
1 16 8 8 3366
1 16 8 16 3347
1 16 8 32 3335
1 16 8 64 3332
1 16 8 128 3326
1 16 8 256 3326
1 16 8 512 3326
1 16 16 1 3587
1 16 16 2 3477
1 16 16 4 3398
1 16 16 8 3360
1 16 16 16 3344
1 16 16 32 3333
1 16 16 64 3331
1 16 16 128 3326
1 16 16 256 3326
1 16 16 512 3326
1 16 32 1 3577
1 16 32 2 3468
1 16 32 4 3393
1 16 32 8 3356
1 16 32 16 3342
1 16 32 32 3332
1 16 32 64 3331
1 16 32 128 3326
1 16 32 256 3326
1 16 32 512 3326
1 16 64 1 3570
1 16 64 2 3458
1 16 64 4 3388
1 16 64 8 3351
1 16 64 16 3333
1 16 64 32 3326
1 16 64 64 3327
1 16 64 128 3321
1 16 64 256 3321
1 16 64 512 3321
1 16 128 1 3555
1 16 128 2 3449
1 16 128 4 3384
1 16 128 8 3350
1 16 128 16 3337
1 16 128 32 3328
1 16 128 64 3330
1 16 128 128 3325
1 16 128 256 3325
1 16 128 512 3325
1 16 256 1 3555
1 16 256 2 3449
1 16 256 4 3384
1 16 256 8 3349
1 16 256 16 3338
1 16 256 32 3329
1 16 256 64 3330
1 16 256 128 3324
1 16 256 256 3325
1 16 256 512 3326
1 16 512 1 3555
1 16 512 2 3449
1 16 512 4 3385
1 16 512 8 3349
1 16 512 16 3337
1 16 512 32 3329
1 16 512 64 3330
1 16 512 128 3325
1 16 512 256 3325
1 16 512 512 3326
1 32 1 1 3728
1 32 1 2 3646
1 32 1 4 3486
1 32 1 8 3406
1 32 1 16 3374
1 32 1 32 3351
1 32 1 64 3348
1 32 1 128 3335
1 32 1 256 3336
1 32 1 512 3336
1 32 2 1 3739
1 32 2 2 3572
1 32 2 4 3452
1 32 2 8 3392
1 32 2 16 3362
1 32 2 32 3344
1 32 2 64 3344
1 32 2 128 3339
1 32 2 256 3339
1 32 2 512 3341
1 32 4 1 3666
1 32 4 2 3517
1 32 4 4 3431
1 32 4 8 3383
1 32 4 16 3358
1 32 4 32 3340
1 32 4 64 3339
1 32 4 128 3340
1 32 4 256 3340
1 32 4 512 3339
1 32 8 1 3619
1 32 8 2 3495
1 32 8 4 3429
1 32 8 8 3396
1 32 8 16 3359
1 32 8 32 3345
1 32 8 64 3339
1 32 8 128 3327
1 32 8 256 3329
1 32 8 512 3329
1 32 16 1 3593
1 32 16 2 3481
1 32 16 4 3427
1 32 16 8 3400
1 32 16 16 3352
1 32 16 32 3336
1 32 16 64 3333
1 32 16 128 3323
1 32 16 256 3322
1 32 16 512 3323
1 32 32 1 3579
1 32 32 2 3468
1 32 32 4 3417
1 32 32 8 3385
1 32 32 16 3350
1 32 32 32 3336
1 32 32 64 3331
1 32 32 128 3323
1 32 32 256 3323
1 32 32 512 3322
1 32 64 1 3578
1 32 64 2 3460
1 32 64 4 3412
1 32 64 8 3380
1 32 64 16 3347
1 32 64 32 3333
1 32 64 64 3332
1 32 64 128 3322
1 32 64 256 3323
1 32 64 512 3323
1 32 128 1 3564
1 32 128 2 3455
1 32 128 4 3413
1 32 128 8 3377
1 32 128 16 3344
1 32 128 32 3332
1 32 128 64 3330
1 32 128 128 3321
1 32 128 256 3322
1 32 128 512 3322
1 32 256 1 3564
1 32 256 2 3455
1 32 256 4 3413
1 32 256 8 3379
1 32 256 16 3342
1 32 256 32 3332
1 32 256 64 3333
1 32 256 128 3327
1 32 256 256 3325
1 32 256 512 3326
1 32 512 1 3563
1 32 512 2 3453
1 32 512 4 3387
1 32 512 8 3353
1 32 512 16 3340
1 32 512 32 3330
1 32 512 64 3333
1 32 512 128 3327
1 32 512 256 3326
1 32 512 512 3325
1 64 1 1 3907
1 64 1 2 3755
1 64 1 4 3543
1 64 1 8 3439
1 64 1 16 3394
1 64 1 32 3365
1 64 1 64 3362
1 64 1 128 3348
1 64 1 256 3349
1 64 1 512 3349
1 64 2 1 3823
1 64 2 2 3611
1 64 2 4 3470
1 64 2 8 3420
1 64 2 16 3384
1 64 2 32 3366
1 64 2 64 3366
1 64 2 128 3340
1 64 2 256 3340
1 64 2 512 3341
1 64 4 1 3672
1 64 4 2 3523
1 64 4 4 3422
1 64 4 8 3376
1 64 4 16 3354
1 64 4 32 3339
1 64 4 64 3334
1 64 4 128 3326
1 64 4 256 3326
1 64 4 512 3326
1 64 8 1 3629
1 64 8 2 3508
1 64 8 4 3411
1 64 8 8 3372
1 64 8 16 3345
1 64 8 32 3333
1 64 8 64 3331
1 64 8 128 3324
1 64 8 256 3323
1 64 8 512 3324
1 64 16 1 3614
1 64 16 2 3490
1 64 16 4 3406
1 64 16 8 3364
1 64 16 16 3347
1 64 16 32 3332
1 64 16 64 3332
1 64 16 128 3324
1 64 16 256 3324
1 64 16 512 3322
1 64 32 1 3611
1 64 32 2 3477
1 64 32 4 3399
1 64 32 8 3360
1 64 32 16 3347
1 64 32 32 3335
1 64 32 64 3332
1 64 32 128 3325
1 64 32 256 3325
1 64 32 512 3325
1 64 64 1 3596
1 64 64 2 3479
1 64 64 4 3397
1 64 64 8 3355
1 64 64 16 3343
1 64 64 32 3332
1 64 64 64 3333
1 64 64 128 3325
1 64 64 256 3326
1 64 64 512 3326
1 64 128 1 3599
1 64 128 2 3480
1 64 128 4 3406
1 64 128 8 3362
1 64 128 16 3345
1 64 128 32 3335
1 64 128 64 3335
1 64 128 128 3328
1 64 128 256 3326
1 64 128 512 3327
1 64 256 1 3599
1 64 256 2 3480
1 64 256 4 3406
1 64 256 8 3362
1 64 256 16 3347
1 64 256 32 3333
1 64 256 64 3334
1 64 256 128 3328
1 64 256 256 3328
1 64 256 512 3326
1 64 512 1 3601
1 64 512 2 3480
1 64 512 4 3404
1 64 512 8 3363
1 64 512 16 3346
1 64 512 32 3335
1 64 512 64 3333
1 64 512 128 3328
1 64 512 256 3327
1 64 512 512 3327
1 128 1 1 3988
1 128 1 2 3820
1 128 1 4 3580
1 128 1 8 3461
1 128 1 16 3408
1 128 1 32 3377
1 128 1 64 3369
1 128 1 128 3354
1 128 1 256 3354
1 128 1 512 3354
1 128 2 1 3891
1 128 2 2 3653
1 128 2 4 3516
1 128 2 8 3438
1 128 2 16 3402
1 128 2 32 3377
1 128 2 64 3376
1 128 2 128 3343
1 128 2 256 3341
1 128 2 512 3343
1 128 4 1 3699
1 128 4 2 3541
1 128 4 4 3430
1 128 4 8 3383
1 128 4 16 3357
1 128 4 32 3341
1 128 4 64 3337
1 128 4 128 3327
1 128 4 256 3328
1 128 4 512 3328
1 128 8 1 3652
1 128 8 2 3524
1 128 8 4 3425
1 128 8 8 3378
1 128 8 16 3353
1 128 8 32 3335
1 128 8 64 3334
1 128 8 128 3326
1 128 8 256 3326
1 128 8 512 3324
1 128 16 1 3676
1 128 16 2 3503
1 128 16 4 3414
1 128 16 8 3371
1 128 16 16 3353
1 128 16 32 3339
1 128 16 64 3336
1 128 16 128 3325
1 128 16 256 3327
1 128 16 512 3327
1 128 32 1 3617
1 128 32 2 3483
1 128 32 4 3402
1 128 32 8 3362
1 128 32 16 3344
1 128 32 32 3335
1 128 32 64 3335
1 128 32 128 3327
1 128 32 256 3326
1 128 32 512 3327
1 128 64 1 3634
1 128 64 2 3500
1 128 64 4 3410
1 128 64 8 3363
1 128 64 16 3346
1 128 64 32 3331
1 128 64 64 3334
1 128 64 128 3328
1 128 64 256 3328
1 128 64 512 3326
1 128 128 1 3638
1 128 128 2 3501
1 128 128 4 3417
1 128 128 8 3366
1 128 128 16 3349
1 128 128 32 3335
1 128 128 64 3335
1 128 128 128 3326
1 128 128 256 3328
1 128 128 512 3326
1 128 256 1 3634
1 128 256 2 3501
1 128 256 4 3417
1 128 256 8 3367
1 128 256 16 3347
1 128 256 32 3335
1 128 256 64 3335
1 128 256 128 3327
1 128 256 256 3325
1 128 256 512 3326
1 128 512 1 3635
1 128 512 2 3501
1 128 512 4 3417
1 128 512 8 3367
1 128 512 16 3349
1 128 512 32 3335
1 128 512 64 3333
1 128 512 128 3328
1 128 512 256 3327
1 128 512 512 3327
1 256 1 1 3987
1 256 1 2 3820
1 256 1 4 3579
1 256 1 8 3460
1 256 1 16 3408
1 256 1 32 3375
1 256 1 64 3369
1 256 1 128 3354
1 256 1 256 3354
1 256 1 512 3354
1 256 2 1 3891
1 256 2 2 3653
1 256 2 4 3512
1 256 2 8 3439
1 256 2 16 3401
1 256 2 32 3377
1 256 2 64 3375
1 256 2 128 3342
1 256 2 256 3341
1 256 2 512 3342
1 256 4 1 3698
1 256 4 2 3539
1 256 4 4 3431
1 256 4 8 3382
1 256 4 16 3356
1 256 4 32 3340
1 256 4 64 3337
1 256 4 128 3326
1 256 4 256 3328
1 256 4 512 3328
1 256 8 1 3651
1 256 8 2 3523
1 256 8 4 3425
1 256 8 8 3378
1 256 8 16 3351
1 256 8 32 3336
1 256 8 64 3334
1 256 8 128 3326
1 256 8 256 3325
1 256 8 512 3326
1 256 16 1 3674
1 256 16 2 3502
1 256 16 4 3416
1 256 16 8 3371
1 256 16 16 3353
1 256 16 32 3339
1 256 16 64 3334
1 256 16 128 3327
1 256 16 256 3327
1 256 16 512 3327
1 256 32 1 3617
1 256 32 2 3483
1 256 32 4 3402
1 256 32 8 3360
1 256 32 16 3346
1 256 32 32 3335
1 256 32 64 3335
1 256 32 128 3327
1 256 32 256 3326
1 256 32 512 3327
1 256 64 1 3634
1 256 64 2 3500
1 256 64 4 3409
1 256 64 8 3363
1 256 64 16 3345
1 256 64 32 3331
1 256 64 64 3334
1 256 64 128 3328
1 256 64 256 3328
1 256 64 512 3326
1 256 128 1 3636
1 256 128 2 3501
1 256 128 4 3416
1 256 128 8 3368
1 256 128 16 3351
1 256 128 32 3335
1 256 128 64 3335
1 256 128 128 3326
1 256 128 256 3327
1 256 128 512 3327
1 256 256 1 3637
1 256 256 2 3501
1 256 256 4 3417
1 256 256 8 3368
1 256 256 16 3348
1 256 256 32 3335
1 256 256 64 3335
1 256 256 128 3327
1 256 256 256 3325
1 256 256 512 3327
1 256 512 1 3636
1 256 512 2 3501
1 256 512 4 3417
1 256 512 8 3367
1 256 512 16 3349
1 256 512 32 3335
1 256 512 64 3333
1 256 512 128 3327
1 256 512 256 3327
1 256 512 512 3326
1 512 1 1 3988
1 512 1 2 3819
1 512 1 4 3580
1 512 1 8 3460
1 512 1 16 3408
1 512 1 32 3376
1 512 1 64 3370
1 512 1 128 3354
1 512 1 256 3354
1 512 1 512 3354
1 512 2 1 3891
1 512 2 2 3652
1 512 2 4 3512
1 512 2 8 3440
1 512 2 16 3401
1 512 2 32 3377
1 512 2 64 3375
1 512 2 128 3343
1 512 2 256 3342
1 512 2 512 3343
1 512 4 1 3699
1 512 4 2 3539
1 512 4 4 3431
1 512 4 8 3383
1 512 4 16 3357
1 512 4 32 3340
1 512 4 64 3335
1 512 4 128 3328
1 512 4 256 3328
1 512 4 512 3328
1 512 8 1 3652
1 512 8 2 3524
1 512 8 4 3425
1 512 8 8 3378
1 512 8 16 3351
1 512 8 32 3336
1 512 8 64 3334
1 512 8 128 3326
1 512 8 256 3324
1 512 8 512 3326
1 512 16 1 3675
1 512 16 2 3503
1 512 16 4 3416
1 512 16 8 3371
1 512 16 16 3354
1 512 16 32 3339
1 512 16 64 3334
1 512 16 128 3327
1 512 16 256 3327
1 512 16 512 3327
1 512 32 1 3617
1 512 32 2 3484
1 512 32 4 3403
1 512 32 8 3360
1 512 32 16 3346
1 512 32 32 3335
1 512 32 64 3335
1 512 32 128 3326
1 512 32 256 3327
1 512 32 512 3327
1 512 64 1 3633
1 512 64 2 3500
1 512 64 4 3409
1 512 64 8 3363
1 512 64 16 3346
1 512 64 32 3331
1 512 64 64 3334
1 512 64 128 3328
1 512 64 256 3328
1 512 64 512 3326
1 512 128 1 3634
1 512 128 2 3501
1 512 128 4 3417
1 512 128 8 3367
1 512 128 16 3349
1 512 128 32 3335
1 512 128 64 3333
1 512 128 128 3328
1 512 128 256 3327
1 512 128 512 3326
1 512 256 1 3634
1 512 256 2 3501
1 512 256 4 3417
1 512 256 8 3367
1 512 256 16 3348
1 512 256 32 3335
1 512 256 64 3335
1 512 256 128 3327
1 512 256 256 3325
1 512 256 512 3326
1 512 512 1 3638
1 512 512 2 3501
1 512 512 4 3417
1 512 512 8 3367
1 512 512 16 3349
1 512 512 32 3333
1 512 512 64 3335
1 512 512 128 3327
1 512 512 256 3327
1 512 512 512 3325
2 1 1 1 3624
2 1 1 2 3485
2 1 1 4 3405
2 1 1 8 3369
2 1 1 16 3348
2 1 1 32 3338
2 1 1 64 3338
2 1 1 128 3332
2 1 1 256 3333
2 1 1 512 3333
2 1 2 1 3549
2 1 2 2 3445
2 1 2 4 3387
2 1 2 8 3356
2 1 2 16 3341
2 1 2 32 3336
2 1 2 64 3338
2 1 2 128 3331
2 1 2 256 3332
2 1 2 512 3332
2 1 4 1 3515
2 1 4 2 3422
2 1 4 4 3371
2 1 4 8 3345
2 1 4 16 3342
2 1 4 32 3334
2 1 4 64 3333
2 1 4 128 3328
2 1 4 256 3327
2 1 4 512 3327
2 1 8 1 3535
2 1 8 2 3444
2 1 8 4 3371
2 1 8 8 3353
2 1 8 16 3337
2 1 8 32 3330
2 1 8 64 3331
2 1 8 128 3326
2 1 8 256 3325
2 1 8 512 3326
2 1 16 1 3533
2 1 16 2 3434
2 1 16 4 3380
2 1 16 8 3349
2 1 16 16 3335
2 1 16 32 3329
2 1 16 64 3330
2 1 16 128 3325
2 1 16 256 3325
2 1 16 512 3325
2 1 32 1 3527
2 1 32 2 3434
2 1 32 4 3378
2 1 32 8 3348
2 1 32 16 3335
2 1 32 32 3329
2 1 32 64 3330
2 1 32 128 3325
2 1 32 256 3324
2 1 32 512 3325
2 1 64 1 3538
2 1 64 2 3434
2 1 64 4 3376
2 1 64 8 3346
2 1 64 16 3334
2 1 64 32 3328
2 1 64 64 3330
2 1 64 128 3326
2 1 64 256 3324
2 1 64 512 3325
2 1 128 1 3546
2 1 128 2 3438
2 1 128 4 3380
2 1 128 8 3348
2 1 128 16 3336
2 1 128 32 3327
2 1 128 64 3331
2 1 128 128 3326
2 1 128 256 3326
2 1 128 512 3325
2 1 256 1 3546
2 1 256 2 3438
2 1 256 4 3380
2 1 256 8 3348
2 1 256 16 3336
2 1 256 32 3327
2 1 256 64 3331
2 1 256 128 3326
2 1 256 256 3326
2 1 256 512 3324
2 1 512 1 3546
2 1 512 2 3438
2 1 512 4 3380
2 1 512 8 3348
2 1 512 16 3336
2 1 512 32 3328
2 1 512 64 3329
2 1 512 128 3325
2 1 512 256 3325
2 1 512 512 3325
2 2 1 1 3562
2 2 1 2 3454
2 2 1 4 3387
2 2 1 8 3357
2 2 1 16 3342
2 2 1 32 3336
2 2 1 64 3339
2 2 1 128 3333
2 2 1 256 3334
2 2 1 512 3334
2 2 2 1 3518
2 2 2 2 3428
2 2 2 4 3375
2 2 2 8 3351
2 2 2 16 3342
2 2 2 32 3335
2 2 2 64 3338
2 2 2 128 3331
2 2 2 256 3331
2 2 2 512 3332
2 2 4 1 3500
2 2 4 2 3414
2 2 4 4 3366
2 2 4 8 3345
2 2 4 16 3342
2 2 4 32 3332
2 2 4 64 3331
2 2 4 128 3325
2 2 4 256 3323
2 2 4 512 3325
2 2 8 1 3529
2 2 8 2 3422
2 2 8 4 3370
2 2 8 8 3353
2 2 8 16 3337
2 2 8 32 3330
2 2 8 64 3329
2 2 8 128 3324
2 2 8 256 3323
2 2 8 512 3322
2 2 16 1 3534
2 2 16 2 3434
2 2 16 4 3381
2 2 16 8 3351
2 2 16 16 3340
2 2 16 32 3330
2 2 16 64 3329
2 2 16 128 3323
2 2 16 256 3323
2 2 16 512 3323
2 2 32 1 3544
2 2 32 2 3445
2 2 32 4 3383
2 2 32 8 3351
2 2 32 16 3338
2 2 32 32 3329
2 2 32 64 3329
2 2 32 128 3323
2 2 32 256 3322
2 2 32 512 3323
2 2 64 1 3553
2 2 64 2 3446
2 2 64 4 3381
2 2 64 8 3348
2 2 64 16 3336
2 2 64 32 3326
2 2 64 64 3329
2 2 64 128 3324
2 2 64 256 3323
2 2 64 512 3323
2 2 128 1 3562
2 2 128 2 3448
2 2 128 4 3383
2 2 128 8 3349
2 2 128 16 3336
2 2 128 32 3328
2 2 128 64 3330
2 2 128 128 3325
2 2 128 256 3325
2 2 128 512 3325
2 2 256 1 3561
2 2 256 2 3449
2 2 256 4 3384
2 2 256 8 3350
2 2 256 16 3335
2 2 256 32 3328
2 2 256 64 3330
2 2 256 128 3325
2 2 256 256 3325
2 2 256 512 3325
2 2 512 1 3562
2 2 512 2 3448
2 2 512 4 3385
2 2 512 8 3349
2 2 512 16 3336
2 2 512 32 3328
2 2 512 64 3330
2 2 512 128 3325
2 2 512 256 3325
2 2 512 512 3325
2 4 1 1 3556
2 4 1 2 3459
2 4 1 4 3388
2 4 1 8 3358
2 4 1 16 3352
2 4 1 32 3338
2 4 1 64 3337
2 4 1 128 3330
2 4 1 256 3330
2 4 1 512 3331
2 4 2 1 3520
2 4 2 2 3433
2 4 2 4 3378
2 4 2 8 3359
2 4 2 16 3343
2 4 2 32 3333
2 4 2 64 3336
2 4 2 128 3331
2 4 2 256 3330
2 4 2 512 3331
2 4 4 1 3510
2 4 4 2 3422
2 4 4 4 3379
2 4 4 8 3349
2 4 4 16 3341
2 4 4 32 3331
2 4 4 64 3331
2 4 4 128 3324
2 4 4 256 3324
2 4 4 512 3324
2 4 8 1 3538
2 4 8 2 3442
2 4 8 4 3376
2 4 8 8 3354
2 4 8 16 3341
2 4 8 32 3330
2 4 8 64 3328
2 4 8 128 3322
2 4 8 256 3322
2 4 8 512 3322
2 4 16 1 3560
2 4 16 2 3456
2 4 16 4 3389
2 4 16 8 3355
2 4 16 16 3340
2 4 16 32 3329
2 4 16 64 3328
2 4 16 128 3322
2 4 16 256 3322
2 4 16 512 3322
2 4 32 1 3563
2 4 32 2 3458
2 4 32 4 3388
2 4 32 8 3352
2 4 32 16 3338
2 4 32 32 3328
2 4 32 64 3327
2 4 32 128 3322
2 4 32 256 3322
2 4 32 512 3322
2 4 64 1 3562
2 4 64 2 3450
2 4 64 4 3382
2 4 64 8 3348
2 4 64 16 3334
2 4 64 32 3326
2 4 64 64 3327
2 4 64 128 3323
2 4 64 256 3323
2 4 64 512 3322
2 4 128 1 3559
2 4 128 2 3448
2 4 128 4 3385
2 4 128 8 3350
2 4 128 16 3336
2 4 128 32 3328
2 4 128 64 3330
2 4 128 128 3325
2 4 128 256 3325
2 4 128 512 3325
2 4 256 1 3559
2 4 256 2 3448
2 4 256 4 3384
2 4 256 8 3349
2 4 256 16 3336
2 4 256 32 3328
2 4 256 64 3330
2 4 256 128 3325
2 4 256 256 3325
2 4 256 512 3325
2 4 512 1 3559
2 4 512 2 3448
2 4 512 4 3385
2 4 512 8 3349
2 4 512 16 3336
2 4 512 32 3327
2 4 512 64 3330
2 4 512 128 3325
2 4 512 256 3325
2 4 512 512 3325
2 8 1 1 3650
2 8 1 2 3536
2 8 1 4 3427
2 8 1 8 3382
2 8 1 16 3357
2 8 1 32 3342
2 8 1 64 3341
2 8 1 128 3332
2 8 1 256 3332
2 8 1 512 3332
2 8 2 1 3594
2 8 2 2 3479
2 8 2 4 3409
2 8 2 8 3365
2 8 2 16 3349
2 8 2 32 3336
2 8 2 64 3338
2 8 2 128 3332
2 8 2 256 3332
2 8 2 512 3332
2 8 4 1 3550
2 8 4 2 3461
2 8 4 4 3392
2 8 4 8 3356
2 8 4 16 3348
2 8 4 32 3334
2 8 4 64 3331
2 8 4 128 3323
2 8 4 256 3323
2 8 4 512 3323
2 8 8 1 3571
2 8 8 2 3467
2 8 8 4 3393
2 8 8 8 3364
2 8 8 16 3343
2 8 8 32 3330
2 8 8 64 3328
2 8 8 128 3322
2 8 8 256 3322
2 8 8 512 3322
2 8 16 1 3586
2 8 16 2 3475
2 8 16 4 3395
2 8 16 8 3357
2 8 16 16 3339
2 8 16 32 3329
2 8 16 64 3327
2 8 16 128 3321
2 8 16 256 3321
2 8 16 512 3321
2 8 32 1 3574
2 8 32 2 3465
2 8 32 4 3389
2 8 32 8 3352
2 8 32 16 3338
2 8 32 32 3328
2 8 32 64 3326
2 8 32 128 3321
2 8 32 256 3321
2 8 32 512 3321
2 8 64 1 3567
2 8 64 2 3455
2 8 64 4 3383
2 8 64 8 3346
2 8 64 16 3334
2 8 64 32 3326
2 8 64 64 3326
2 8 64 128 3321
2 8 64 256 3322
2 8 64 512 3321
2 8 128 1 3558
2 8 128 2 3450
2 8 128 4 3385
2 8 128 8 3350
2 8 128 16 3338
2 8 128 32 3328
2 8 128 64 3330
2 8 128 128 3325
2 8 128 256 3325
2 8 128 512 3324
2 8 256 1 3557
2 8 256 2 3449
2 8 256 4 3385
2 8 256 8 3350
2 8 256 16 3337
2 8 256 32 3329
2 8 256 64 3329
2 8 256 128 3325
2 8 256 256 3325
2 8 256 512 3325
2 8 512 1 3557
2 8 512 2 3449
2 8 512 4 3384
2 8 512 8 3350
2 8 512 16 3337
2 8 512 32 3329
2 8 512 64 3329
2 8 512 128 3325
2 8 512 256 3325
2 8 512 512 3325
2 16 1 1 3738
2 16 1 2 3652
2 16 1 4 3493
2 16 1 8 3410
2 16 1 16 3379
2 16 1 32 3354
2 16 1 64 3350
2 16 1 128 3337
2 16 1 256 3338
2 16 1 512 3338
2 16 2 1 3724
2 16 2 2 3575
2 16 2 4 3455
2 16 2 8 3390
2 16 2 16 3363
2 16 2 32 3343
2 16 2 64 3343
2 16 2 128 3334
2 16 2 256 3334
2 16 2 512 3335
2 16 4 1 3672
2 16 4 2 3519
2 16 4 4 3417
2 16 4 8 3367
2 16 4 16 3350
2 16 4 32 3334
2 16 4 64 3332
2 16 4 128 3325
2 16 4 256 3323
2 16 4 512 3325
2 16 8 1 3618
2 16 8 2 3495
2 16 8 4 3403
2 16 8 8 3366
2 16 8 16 3344
2 16 8 32 3331
2 16 8 64 3328
2 16 8 128 3322
2 16 8 256 3322
2 16 8 512 3322
2 16 16 1 3595
2 16 16 2 3482
2 16 16 4 3399
2 16 16 8 3358
2 16 16 16 3341
2 16 16 32 3330
2 16 16 64 3326
2 16 16 128 3321
2 16 16 256 3321
2 16 16 512 3321
2 16 32 1 3579
2 16 32 2 3468
2 16 32 4 3392
2 16 32 8 3353
2 16 32 16 3340
2 16 32 32 3330
2 16 32 64 3327
2 16 32 128 3320
2 16 32 256 3321
2 16 32 512 3321
2 16 64 1 3571
2 16 64 2 3458
2 16 64 4 3386
2 16 64 8 3349
2 16 64 16 3337
2 16 64 32 3328
2 16 64 64 3328
2 16 64 128 3321
2 16 64 256 3322
2 16 64 512 3322
2 16 128 1 3560
2 16 128 2 3452
2 16 128 4 3388
2 16 128 8 3353
2 16 128 16 3339
2 16 128 32 3332
2 16 128 64 3332
2 16 128 128 3327
2 16 128 256 3325
2 16 128 512 3326
2 16 256 1 3561
2 16 256 2 3452
2 16 256 4 3388
2 16 256 8 3353
2 16 256 16 3339
2 16 256 32 3332
2 16 256 64 3332
2 16 256 128 3326
2 16 256 256 3325
2 16 256 512 3326
2 16 512 1 3561
2 16 512 2 3452
2 16 512 4 3388
2 16 512 8 3353
2 16 512 16 3340
2 16 512 32 3330
2 16 512 64 3332
2 16 512 128 3327
2 16 512 256 3326
2 16 512 512 3325
2 32 1 1 3931
2 32 1 2 3796
2 32 1 4 3567
2 32 1 8 3453
2 32 1 16 3402
2 32 1 32 3370
2 32 1 64 3367
2 32 1 128 3354
2 32 1 256 3352
2 32 1 512 3353
2 32 2 1 3876
2 32 2 2 3639
2 32 2 4 3484
2 32 2 8 3429
2 32 2 16 3390
2 32 2 32 3366
2 32 2 64 3369
2 32 2 128 3342
2 32 2 256 3342
2 32 2 512 3342
2 32 4 1 3699
2 32 4 2 3535
2 32 4 4 3426
2 32 4 8 3378
2 32 4 16 3353
2 32 4 32 3338
2 32 4 64 3335
2 32 4 128 3326
2 32 4 256 3325
2 32 4 512 3326
2 32 8 1 3638
2 32 8 2 3513
2 32 8 4 3415
2 32 8 8 3373
2 32 8 16 3348
2 32 8 32 3334
2 32 8 64 3330
2 32 8 128 3324
2 32 8 256 3324
2 32 8 512 3324
2 32 16 1 3607
2 32 16 2 3490
2 32 16 4 3407
2 32 16 8 3362
2 32 16 16 3347
2 32 16 32 3334
2 32 16 64 3332
2 32 16 128 3323
2 32 16 256 3325
2 32 16 512 3324
2 32 32 1 3613
2 32 32 2 3478
2 32 32 4 3401
2 32 32 8 3362
2 32 32 16 3346
2 32 32 32 3336
2 32 32 64 3334
2 32 32 128 3325
2 32 32 256 3324
2 32 32 512 3325
2 32 64 1 3595
2 32 64 2 3477
2 32 64 4 3397
2 32 64 8 3358
2 32 64 16 3343
2 32 64 32 3330
2 32 64 64 3332
2 32 64 128 3326
2 32 64 256 3325
2 32 64 512 3324
2 32 128 1 3591
2 32 128 2 3478
2 32 128 4 3406
2 32 128 8 3363
2 32 128 16 3348
2 32 128 32 3334
2 32 128 64 3333
2 32 128 128 3327
2 32 128 256 3327
2 32 128 512 3326
2 32 256 1 3590
2 32 256 2 3481
2 32 256 4 3407
2 32 256 8 3361
2 32 256 16 3347
2 32 256 32 3334
2 32 256 64 3334
2 32 256 128 3326
2 32 256 256 3327
2 32 256 512 3327
2 32 512 1 3589
2 32 512 2 3480
2 32 512 4 3406
2 32 512 8 3363
2 32 512 16 3346
2 32 512 32 3334
2 32 512 64 3334
2 32 512 128 3327
2 32 512 256 3325
2 32 512 512 3326
2 64 1 1 3963
2 64 1 2 3808
2 64 1 4 3578
2 64 1 8 3458
2 64 1 16 3406
2 64 1 32 3375
2 64 1 64 3368
2 64 1 128 3353
2 64 1 256 3352
2 64 1 512 3354
2 64 2 1 3893
2 64 2 2 3659
2 64 2 4 3514
2 64 2 8 3431
2 64 2 16 3393
2 64 2 32 3371
2 64 2 64 3370
2 64 2 128 3342
2 64 2 256 3344
2 64 2 512 3344
2 64 4 1 3704
2 64 4 2 3543
2 64 4 4 3444
2 64 4 8 3381
2 64 4 16 3357
2 64 4 32 3342
2 64 4 64 3338
2 64 4 128 3328
2 64 4 256 3328
2 64 4 512 3327
2 64 8 1 3668
2 64 8 2 3531
2 64 8 4 3436
2 64 8 8 3386
2 64 8 16 3362
2 64 8 32 3341
2 64 8 64 3336
2 64 8 128 3327
2 64 8 256 3325
2 64 8 512 3327
2 64 16 1 3665
2 64 16 2 3505
2 64 16 4 3418
2 64 16 8 3372
2 64 16 16 3351
2 64 16 32 3338
2 64 16 64 3337
2 64 16 128 3327
2 64 16 256 3327
2 64 16 512 3327
2 64 32 1 3624
2 64 32 2 3503
2 64 32 4 3411
2 64 32 8 3366
2 64 32 16 3348
2 64 32 32 3334
2 64 32 64 3332
2 64 32 128 3326
2 64 32 256 3326
2 64 32 512 3325
2 64 64 1 3668
2 64 64 2 3506
2 64 64 4 3410
2 64 64 8 3362
2 64 64 16 3343
2 64 64 32 3332
2 64 64 64 3333
2 64 64 128 3326
2 64 64 256 3325
2 64 64 512 3326
2 64 128 1 3652
2 64 128 2 3502
2 64 128 4 3414
2 64 128 8 3364
2 64 128 16 3347
2 64 128 32 3334
2 64 128 64 3332
2 64 128 128 3326
2 64 128 256 3325
2 64 128 512 3325
2 64 256 1 3653
2 64 256 2 3500
2 64 256 4 3414
2 64 256 8 3365
2 64 256 16 3348
2 64 256 32 3332
2 64 256 64 3334
2 64 256 128 3326
2 64 256 256 3324
2 64 256 512 3325
2 64 512 1 3652
2 64 512 2 3502
2 64 512 4 3414
2 64 512 8 3365
2 64 512 16 3346
2 64 512 32 3334
2 64 512 64 3333
2 64 512 128 3324
2 64 512 256 3325
2 64 512 512 3325
2 128 1 1 4006
2 128 1 2 3833
2 128 1 4 3588
2 128 1 8 3462
2 128 1 16 3409
2 128 1 32 3378
2 128 1 64 3370
2 128 1 128 3354
2 128 1 256 3354
2 128 1 512 3354
2 128 2 1 3918
2 128 2 2 3679
2 128 2 4 3529
2 128 2 8 3442
2 128 2 16 3405
2 128 2 32 3380
2 128 2 64 3378
2 128 2 128 3343
2 128 2 256 3342
2 128 2 512 3343
2 128 4 1 3731
2 128 4 2 3566
2 128 4 4 3461
2 128 4 8 3391
2 128 4 16 3366
2 128 4 32 3348
2 128 4 64 3342
2 128 4 128 3330
2 128 4 256 3328
2 128 4 512 3330
2 128 8 1 3740
2 128 8 2 3564
2 128 8 4 3467
2 128 8 8 3409
2 128 8 16 3375
2 128 8 32 3348
2 128 8 64 3344
2 128 8 128 3331
2 128 8 256 3329
2 128 8 512 3331
2 128 16 1 3700
2 128 16 2 3518
2 128 16 4 3424
2 128 16 8 3377
2 128 16 16 3356
2 128 16 32 3345
2 128 16 64 3343
2 128 16 128 3330
2 128 16 256 3332
2 128 16 512 3332
2 128 32 1 3674
2 128 32 2 3551
2 128 32 4 3437
2 128 32 8 3376
2 128 32 16 3354
2 128 32 32 3337
2 128 32 64 3337
2 128 32 128 3329
2 128 32 256 3329
2 128 32 512 3329
2 128 64 1 3706
2 128 64 2 3533
2 128 64 4 3422
2 128 64 8 3369
2 128 64 16 3349
2 128 64 32 3332
2 128 64 64 3334
2 128 64 128 3328
2 128 64 256 3328
2 128 64 512 3327
2 128 128 1 3691
2 128 128 2 3528
2 128 128 4 3426
2 128 128 8 3371
2 128 128 16 3349
2 128 128 32 3335
2 128 128 64 3334
2 128 128 128 3326
2 128 128 256 3324
2 128 128 512 3326
2 128 256 1 3691
2 128 256 2 3529
2 128 256 4 3426
2 128 256 8 3369
2 128 256 16 3351
2 128 256 32 3335
2 128 256 64 3334
2 128 256 128 3325
2 128 256 256 3326
2 128 256 512 3326
2 128 512 1 3691
2 128 512 2 3529
2 128 512 4 3425
2 128 512 8 3371
2 128 512 16 3351
2 128 512 32 3335
2 128 512 64 3333
2 128 512 128 3326
2 128 512 256 3325
2 128 512 512 3324
2 256 1 1 4007
2 256 1 2 3832
2 256 1 4 3588
2 256 1 8 3462
2 256 1 16 3409
2 256 1 32 3377
2 256 1 64 3371
2 256 1 128 3354
2 256 1 256 3355
2 256 1 512 3353
2 256 2 1 3920
2 256 2 2 3678
2 256 2 4 3529
2 256 2 8 3441
2 256 2 16 3405
2 256 2 32 3381
2 256 2 64 3379
2 256 2 128 3342
2 256 2 256 3344
2 256 2 512 3343
2 256 4 1 3731
2 256 4 2 3566
2 256 4 4 3461
2 256 4 8 3389
2 256 4 16 3366
2 256 4 32 3349
2 256 4 64 3343
2 256 4 128 3328
2 256 4 256 3330
2 256 4 512 3330
2 256 8 1 3741
2 256 8 2 3563
2 256 8 4 3467
2 256 8 8 3407
2 256 8 16 3375
2 256 8 32 3350
2 256 8 64 3344
2 256 8 128 3329
2 256 8 256 3331
2 256 8 512 3332
2 256 16 1 3700
2 256 16 2 3517
2 256 16 4 3422
2 256 16 8 3376
2 256 16 16 3357
2 256 16 32 3344
2 256 16 64 3341
2 256 16 128 3331
2 256 16 256 3331
2 256 16 512 3329
2 256 32 1 3674
2 256 32 2 3551
2 256 32 4 3437
2 256 32 8 3377
2 256 32 16 3354
2 256 32 32 3335
2 256 32 64 3337
2 256 32 128 3329
2 256 32 256 3327
2 256 32 512 3329
2 256 64 1 3706
2 256 64 2 3533
2 256 64 4 3424
2 256 64 8 3369
2 256 64 16 3347
2 256 64 32 3334
2 256 64 64 3334
2 256 64 128 3327
2 256 64 256 3328
2 256 64 512 3328
2 256 128 1 3691
2 256 128 2 3528
2 256 128 4 3427
2 256 128 8 3369
2 256 128 16 3350
2 256 128 32 3335
2 256 128 64 3332
2 256 128 128 3326
2 256 128 256 3326
2 256 128 512 3325
2 256 256 1 3692
2 256 256 2 3528
2 256 256 4 3425
2 256 256 8 3371
2 256 256 16 3350
2 256 256 32 3333
2 256 256 64 3334
2 256 256 128 3325
2 256 256 256 3325
2 256 256 512 3324
2 256 512 1 3691
2 256 512 2 3528
2 256 512 4 3427
2 256 512 8 3370
2 256 512 16 3348
2 256 512 32 3334
2 256 512 64 3334
2 256 512 128 3326
2 256 512 256 3324
2 256 512 512 3325
2 512 1 1 4006
2 512 1 2 3834
2 512 1 4 3588
2 512 1 8 3461
2 512 1 16 3409
2 512 1 32 3378
2 512 1 64 3371
2 512 1 128 3353
2 512 1 256 3354
2 512 1 512 3354
2 512 2 1 3918
2 512 2 2 3679
2 512 2 4 3529
2 512 2 8 3442
2 512 2 16 3405
2 512 2 32 3380
2 512 2 64 3379
2 512 2 128 3343
2 512 2 256 3344
2 512 2 512 3342
2 512 4 1 3731
2 512 4 2 3566
2 512 4 4 3461
2 512 4 8 3391
2 512 4 16 3366
2 512 4 32 3348
2 512 4 64 3342
2 512 4 128 3330
2 512 4 256 3330
2 512 4 512 3329
2 512 8 1 3741
2 512 8 2 3565
2 512 8 4 3466
2 512 8 8 3409
2 512 8 16 3377
2 512 8 32 3348
2 512 8 64 3344
2 512 8 128 3331
2 512 8 256 3331
2 512 8 512 3329
2 512 16 1 3700
2 512 16 2 3517
2 512 16 4 3424
2 512 16 8 3376
2 512 16 16 3356
2 512 16 32 3344
2 512 16 64 3342
2 512 16 128 3331
2 512 16 256 3329
2 512 16 512 3331
2 512 32 1 3674
2 512 32 2 3551
2 512 32 4 3437
2 512 32 8 3378
2 512 32 16 3352
2 512 32 32 3337
2 512 32 64 3337
2 512 32 128 3327
2 512 32 256 3329
2 512 32 512 3329
2 512 64 1 3706
2 512 64 2 3533
2 512 64 4 3424
2 512 64 8 3368
2 512 64 16 3349
2 512 64 32 3334
2 512 64 64 3333
2 512 64 128 3329
2 512 64 256 3328
2 512 64 512 3327
2 512 128 1 3691
2 512 128 2 3528
2 512 128 4 3426
2 512 128 8 3370
2 512 128 16 3350
2 512 128 32 3333
2 512 128 64 3334
2 512 128 128 3326
2 512 128 256 3324
2 512 128 512 3325
2 512 256 1 3692
2 512 256 2 3528
2 512 256 4 3426
2 512 256 8 3370
2 512 256 16 3349
2 512 256 32 3335
2 512 256 64 3334
2 512 256 128 3325
2 512 256 256 3326
2 512 256 512 3326
2 512 512 1 3692
2 512 512 2 3528
2 512 512 4 3426
2 512 512 8 3369
2 512 512 16 3351
2 512 512 32 3335
2 512 512 64 3333
2 512 512 128 3326
2 512 512 256 3326
2 512 512 512 3324
4 1 1 1 3618
4 1 1 2 3489
4 1 1 4 3403
4 1 1 8 3363
4 1 1 16 3350
4 1 1 32 3335
4 1 1 64 3335
4 1 1 128 3327
4 1 1 256 3326
4 1 1 512 3327
4 1 2 1 3549
4 1 2 2 3445
4 1 2 4 3384
4 1 2 8 3358
4 1 2 16 3340
4 1 2 32 3331
4 1 2 64 3332
4 1 2 128 3329
4 1 2 256 3329
4 1 2 512 3328
4 1 4 1 3517
4 1 4 2 3424
4 1 4 4 3377
4 1 4 8 3347
4 1 4 16 3339
4 1 4 32 3331
4 1 4 64 3330
4 1 4 128 3323
4 1 4 256 3324
4 1 4 512 3324
4 1 8 1 3537
4 1 8 2 3435
4 1 8 4 3373
4 1 8 8 3351
4 1 8 16 3336
4 1 8 32 3327
4 1 8 64 3328
4 1 8 128 3323
4 1 8 256 3322
4 1 8 512 3323
4 1 16 1 3545
4 1 16 2 3440
4 1 16 4 3380
4 1 16 8 3349
4 1 16 16 3337
4 1 16 32 3328
4 1 16 64 3327
4 1 16 128 3323
4 1 16 256 3323
4 1 16 512 3322
4 1 32 1 3546
4 1 32 2 3443
4 1 32 4 3382
4 1 32 8 3349
4 1 32 16 3335
4 1 32 32 3327
4 1 32 64 3328
4 1 32 128 3322
4 1 32 256 3323
4 1 32 512 3323
4 1 64 1 3552
4 1 64 2 3444
4 1 64 4 3380
4 1 64 8 3346
4 1 64 16 3334
4 1 64 32 3324
4 1 64 64 3328
4 1 64 128 3323
4 1 64 256 3322
4 1 64 512 3323
4 1 128 1 3559
4 1 128 2 3448
4 1 128 4 3383
4 1 128 8 3347
4 1 128 16 3334
4 1 128 32 3327
4 1 128 64 3329
4 1 128 128 3325
4 1 128 256 3325
4 1 128 512 3324
4 1 256 1 3559
4 1 256 2 3448
4 1 256 4 3383
4 1 256 8 3348
4 1 256 16 3334
4 1 256 32 3327
4 1 256 64 3329
4 1 256 128 3324
4 1 256 256 3325
4 1 256 512 3325
4 1 512 1 3559
4 1 512 2 3448
4 1 512 4 3382
4 1 512 8 3348
4 1 512 16 3335
4 1 512 32 3326
4 1 512 64 3330
4 1 512 128 3325
4 1 512 256 3324
4 1 512 512 3325
4 2 1 1 3592
4 2 1 2 3477
4 2 1 4 3398
4 2 1 8 3365
4 2 1 16 3346
4 2 1 32 3335
4 2 1 64 3337
4 2 1 128 3332
4 2 1 256 3333
4 2 1 512 3332
4 2 2 1 3538
4 2 2 2 3443
4 2 2 4 3388
4 2 2 8 3355
4 2 2 16 3340
4 2 2 32 3335
4 2 2 64 3337
4 2 2 128 3330
4 2 2 256 3329
4 2 2 512 3330
4 2 4 1 3518
4 2 4 2 3432
4 2 4 4 3372
4 2 4 8 3346
4 2 4 16 3342
4 2 4 32 3332
4 2 4 64 3329
4 2 4 128 3323
4 2 4 256 3323
4 2 4 512 3322
4 2 8 1 3547
4 2 8 2 3436
4 2 8 4 3376
4 2 8 8 3357
4 2 8 16 3340
4 2 8 32 3330
4 2 8 64 3328
4 2 8 128 3321
4 2 8 256 3321
4 2 8 512 3321
4 2 16 1 3559
4 2 16 2 3455
4 2 16 4 3393
4 2 16 8 3356
4 2 16 16 3341
4 2 16 32 3328
4 2 16 64 3327
4 2 16 128 3321
4 2 16 256 3320
4 2 16 512 3321
4 2 32 1 3561
4 2 32 2 3462
4 2 32 4 3389
4 2 32 8 3351
4 2 32 16 3337
4 2 32 32 3327
4 2 32 64 3325
4 2 32 128 3320
4 2 32 256 3321
4 2 32 512 3319
4 2 64 1 3564
4 2 64 2 3452
4 2 64 4 3382
4 2 64 8 3348
4 2 64 16 3333
4 2 64 32 3325
4 2 64 64 3326
4 2 64 128 3320
4 2 64 256 3322
4 2 64 512 3322
4 2 128 1 3562
4 2 128 2 3450
4 2 128 4 3383
4 2 128 8 3349
4 2 128 16 3336
4 2 128 32 3326
4 2 128 64 3329
4 2 128 128 3324
4 2 128 256 3324
4 2 128 512 3324
4 2 256 1 3563
4 2 256 2 3450
4 2 256 4 3384
4 2 256 8 3349
4 2 256 16 3334
4 2 256 32 3328
4 2 256 64 3329
4 2 256 128 3323
4 2 256 256 3324
4 2 256 512 3324
4 2 512 1 3562
4 2 512 2 3449
4 2 512 4 3384
4 2 512 8 3349
4 2 512 16 3336
4 2 512 32 3326
4 2 512 64 3329
4 2 512 128 3324
4 2 512 256 3323
4 2 512 512 3324
4 4 1 1 3694
4 4 1 2 3569
4 4 1 4 3448
4 4 1 8 3383
4 4 1 16 3366
4 4 1 32 3345
4 4 1 64 3344
4 4 1 128 3333
4 4 1 256 3332
4 4 1 512 3333
4 4 2 1 3625
4 4 2 2 3501
4 4 2 4 3411
4 4 2 8 3373
4 4 2 16 3351
4 4 2 32 3339
4 4 2 64 3339
4 4 2 128 3331
4 4 2 256 3332
4 4 2 512 3332
4 4 4 1 3576
4 4 4 2 3467
4 4 4 4 3401
4 4 4 8 3360
4 4 4 16 3349
4 4 4 32 3334
4 4 4 64 3331
4 4 4 128 3323
4 4 4 256 3322
4 4 4 512 3322
4 4 8 1 3576
4 4 8 2 3478
4 4 8 4 3397
4 4 8 8 3364
4 4 8 16 3342
4 4 8 32 3330
4 4 8 64 3327
4 4 8 128 3320
4 4 8 256 3321
4 4 8 512 3321
4 4 16 1 3594
4 4 16 2 3478
4 4 16 4 3395
4 4 16 8 3356
4 4 16 16 3339
4 4 16 32 3327
4 4 16 64 3326
4 4 16 128 3321
4 4 16 256 3319
4 4 16 512 3320
4 4 32 1 3580
4 4 32 2 3467
4 4 32 4 3391
4 4 32 8 3352
4 4 32 16 3338
4 4 32 32 3328
4 4 32 64 3325
4 4 32 128 3321
4 4 32 256 3321
4 4 32 512 3320
4 4 64 1 3570
4 4 64 2 3455
4 4 64 4 3384
4 4 64 8 3348
4 4 64 16 3334
4 4 64 32 3326
4 4 64 64 3326
4 4 64 128 3320
4 4 64 256 3322
4 4 64 512 3322
4 4 128 1 3558
4 4 128 2 3451
4 4 128 4 3384
4 4 128 8 3351
4 4 128 16 3338
4 4 128 32 3329
4 4 128 64 3330
4 4 128 128 3325
4 4 128 256 3325
4 4 128 512 3324
4 4 256 1 3559
4 4 256 2 3451
4 4 256 4 3386
4 4 256 8 3350
4 4 256 16 3338
4 4 256 32 3330
4 4 256 64 3331
4 4 256 128 3325
4 4 256 256 3326
4 4 256 512 3326
4 4 512 1 3559
4 4 512 2 3450
4 4 512 4 3386
4 4 512 8 3352
4 4 512 16 3339
4 4 512 32 3329
4 4 512 64 3331
4 4 512 128 3326
4 4 512 256 3325
4 4 512 512 3325
4 8 1 1 3773
4 8 1 2 3654
4 8 1 4 3497
4 8 1 8 3419
4 8 1 16 3384
4 8 1 32 3357
4 8 1 64 3353
4 8 1 128 3341
4 8 1 256 3339
4 8 1 512 3341
4 8 2 1 3742
4 8 2 2 3569
4 8 2 4 3462
4 8 2 8 3394
4 8 2 16 3365
4 8 2 32 3344
4 8 2 64 3346
4 8 2 128 3336
4 8 2 256 3335
4 8 2 512 3336
4 8 4 1 3672
4 8 4 2 3527
4 8 4 4 3423
4 8 4 8 3369
4 8 4 16 3351
4 8 4 32 3336
4 8 4 64 3332
4 8 4 128 3324
4 8 4 256 3326
4 8 4 512 3325
4 8 8 1 3627
4 8 8 2 3500
4 8 8 4 3405
4 8 8 8 3368
4 8 8 16 3346
4 8 8 32 3331
4 8 8 64 3328
4 8 8 128 3322
4 8 8 256 3322
4 8 8 512 3321
4 8 16 1 3598
4 8 16 2 3485
4 8 16 4 3400
4 8 16 8 3359
4 8 16 16 3340
4 8 16 32 3330
4 8 16 64 3329
4 8 16 128 3321
4 8 16 256 3321
4 8 16 512 3322
4 8 32 1 3582
4 8 32 2 3470
4 8 32 4 3391
4 8 32 8 3355
4 8 32 16 3340
4 8 32 32 3329
4 8 32 64 3328
4 8 32 128 3320
4 8 32 256 3320
4 8 32 512 3321
4 8 64 1 3572
4 8 64 2 3458
4 8 64 4 3385
4 8 64 8 3349
4 8 64 16 3334
4 8 64 32 3328
4 8 64 64 3327
4 8 64 128 3321
4 8 64 256 3322
4 8 64 512 3321
4 8 128 1 3560
4 8 128 2 3450
4 8 128 4 3406
4 8 128 8 3372
4 8 128 16 3338
4 8 128 32 3326
4 8 128 64 3324
4 8 128 128 3317
4 8 128 256 3316
4 8 128 512 3316
4 8 256 1 3556
4 8 256 2 3446
4 8 256 4 3405
4 8 256 8 3375
4 8 256 16 3337
4 8 256 32 3324
4 8 256 64 3324
4 8 256 128 3316
4 8 256 256 3315
4 8 256 512 3317
4 8 512 1 3555
4 8 512 2 3446
4 8 512 4 3413
4 8 512 8 3370
4 8 512 16 3336
4 8 512 32 3329
4 8 512 64 3323
4 8 512 128 3316
4 8 512 256 3319
4 8 512 512 3316
4 16 1 1 3908
4 16 1 2 3756
4 16 1 4 3561
4 16 1 8 3451
4 16 1 16 3399
4 16 1 32 3369
4 16 1 64 3362
4 16 1 128 3352
4 16 1 256 3352
4 16 1 512 3351
4 16 2 1 3805
4 16 2 2 3604
4 16 2 4 3474
4 16 2 8 3433
4 16 2 16 3407
4 16 2 32 3385
4 16 2 64 3369
4 16 2 128 3365
4 16 2 256 3358
4 16 2 512 3338
4 16 4 1 3653
4 16 4 2 3505
4 16 4 4 3409
4 16 4 8 3367
4 16 4 16 3345
4 16 4 32 3331
4 16 4 64 3328
4 16 4 128 3320
4 16 4 256 3320
4 16 4 512 3319
4 16 8 1 3610
4 16 8 2 3494
4 16 8 4 3402
4 16 8 8 3362
4 16 8 16 3339
4 16 8 32 3325
4 16 8 64 3323
4 16 8 128 3317
4 16 8 256 3316
4 16 8 512 3316
4 16 16 1 3598
4 16 16 2 3481
4 16 16 4 3403
4 16 16 8 3363
4 16 16 16 3346
4 16 16 32 3330
4 16 16 64 3327
4 16 16 128 3316
4 16 16 256 3316
4 16 16 512 3317
4 16 32 1 3610
4 16 32 2 3465
4 16 32 4 3415
4 16 32 8 3392
4 16 32 16 3352
4 16 32 32 3339
4 16 32 64 3330
4 16 32 128 3320
4 16 32 256 3323
4 16 32 512 3320
4 16 64 1 3587
4 16 64 2 3469
4 16 64 4 3445
4 16 64 8 3388
4 16 64 16 3347
4 16 64 32 3332
4 16 64 64 3330
4 16 64 128 3322
4 16 64 256 3320
4 16 64 512 3320
4 16 128 1 3601
4 16 128 2 3476
4 16 128 4 3478
4 16 128 8 3395
4 16 128 16 3347
4 16 128 32 3328
4 16 128 64 3326
4 16 128 128 3316
4 16 128 256 3316
4 16 128 512 3317
4 16 256 1 3600
4 16 256 2 3476
4 16 256 4 3478
4 16 256 8 3394
4 16 256 16 3347
4 16 256 32 3329
4 16 256 64 3326
4 16 256 128 3316
4 16 256 256 3316
4 16 256 512 3316
4 16 512 1 3600
4 16 512 2 3475
4 16 512 4 3480
4 16 512 8 3394
4 16 512 16 3347
4 16 512 32 3328
4 16 512 64 3326
4 16 512 128 3316
4 16 512 256 3316
4 16 512 512 3316
4 32 1 1 3779
4 32 1 2 3654
4 32 1 4 3505
4 32 1 8 3424
4 32 1 16 3388
4 32 1 32 3367
4 32 1 64 3364
4 32 1 128 3352
4 32 1 256 3352
4 32 1 512 3353
4 32 2 1 3728
4 32 2 2 3566
4 32 2 4 3478
4 32 2 8 3435
4 32 2 16 3416
4 32 2 32 3367
4 32 2 64 3364
4 32 2 128 3339
4 32 2 256 3339
4 32 2 512 3340
4 32 4 1 3607
4 32 4 2 3482
4 32 4 4 3413
4 32 4 8 3362
4 32 4 16 3344
4 32 4 32 3331
4 32 4 64 3328
4 32 4 128 3319
4 32 4 256 3319
4 32 4 512 3319
4 32 8 1 3614
4 32 8 2 3496
4 32 8 4 3413
4 32 8 8 3370
4 32 8 16 3349
4 32 8 32 3332
4 32 8 64 3328
4 32 8 128 3319
4 32 8 256 3319
4 32 8 512 3319
4 32 16 1 3648
4 32 16 2 3482
4 32 16 4 3407
4 32 16 8 3365
4 32 16 16 3349
4 32 16 32 3334
4 32 16 64 3332
4 32 16 128 3321
4 32 16 256 3321
4 32 16 512 3322
4 32 32 1 3633
4 32 32 2 3485
4 32 32 4 3402
4 32 32 8 3357
4 32 32 16 3341
4 32 32 32 3329
4 32 32 64 3329
4 32 32 128 3321
4 32 32 256 3321
4 32 32 512 3321
4 32 64 1 3654
4 32 64 2 3488
4 32 64 4 3400
4 32 64 8 3354
4 32 64 16 3339
4 32 64 32 3325
4 32 64 64 3327
4 32 64 128 3322
4 32 64 256 3322
4 32 64 512 3322
4 32 128 1 3655
4 32 128 2 3489
4 32 128 4 3406
4 32 128 8 3358
4 32 128 16 3341
4 32 128 32 3327
4 32 128 64 3327
4 32 128 128 3320
4 32 128 256 3321
4 32 128 512 3321
4 32 256 1 3653
4 32 256 2 3489
4 32 256 4 3406
4 32 256 8 3358
4 32 256 16 3342
4 32 256 32 3328
4 32 256 64 3328
4 32 256 128 3321
4 32 256 256 3321
4 32 256 512 3321
4 32 512 1 3654
4 32 512 2 3490
4 32 512 4 3406
4 32 512 8 3358
4 32 512 16 3342
4 32 512 32 3327
4 32 512 64 3328
4 32 512 128 3321
4 32 512 256 3321
4 32 512 512 3321
4 64 1 1 3810
4 64 1 2 3660
4 64 1 4 3496
4 64 1 8 3413
4 64 1 16 3384
4 64 1 32 3362
4 64 1 64 3362
4 64 1 128 3344
4 64 1 256 3344
4 64 1 512 3344
4 64 2 1 3743
4 64 2 2 3600
4 64 2 4 3482
4 64 2 8 3421
4 64 2 16 3399
4 64 2 32 3379
4 64 2 64 3376
4 64 2 128 3344
4 64 2 256 3344
4 64 2 512 3344
4 64 4 1 3695
4 64 4 2 3545
4 64 4 4 3451
4 64 4 8 3399
4 64 4 16 3376
4 64 4 32 3356
4 64 4 64 3346
4 64 4 128 3333
4 64 4 256 3333
4 64 4 512 3333
4 64 8 1 3703
4 64 8 2 3527
4 64 8 4 3439
4 64 8 8 3393
4 64 8 16 3359
4 64 8 32 3344
4 64 8 64 3340
4 64 8 128 3327
4 64 8 256 3328
4 64 8 512 3328
4 64 16 1 3694
4 64 16 2 3546
4 64 16 4 3444
4 64 16 8 3382
4 64 16 16 3356
4 64 16 32 3337
4 64 16 64 3337
4 64 16 128 3324
4 64 16 256 3324
4 64 16 512 3324
4 64 32 1 3705
4 64 32 2 3530
4 64 32 4 3425
4 64 32 8 3369
4 64 32 16 3346
4 64 32 32 3330
4 64 32 64 3331
4 64 32 128 3322
4 64 32 256 3322
4 64 32 512 3322
4 64 64 1 3668
4 64 64 2 3514
4 64 64 4 3413
4 64 64 8 3361
4 64 64 16 3343
4 64 64 32 3327
4 64 64 64 3327
4 64 64 128 3322
4 64 64 256 3322
4 64 64 512 3322
4 64 128 1 3666
4 64 128 2 3500
4 64 128 4 3410
4 64 128 8 3360
4 64 128 16 3344
4 64 128 32 3328
4 64 128 64 3327
4 64 128 128 3321
4 64 128 256 3320
4 64 128 512 3320
4 64 256 1 3667
4 64 256 2 3500
4 64 256 4 3410
4 64 256 8 3360
4 64 256 16 3344
4 64 256 32 3328
4 64 256 64 3328
4 64 256 128 3320
4 64 256 256 3320
4 64 256 512 3320
4 64 512 1 3667
4 64 512 2 3499
4 64 512 4 3410
4 64 512 8 3360
4 64 512 16 3344
4 64 512 32 3328
4 64 512 64 3328
4 64 512 128 3320
4 64 512 256 3320
4 64 512 512 3320
4 128 1 1 3826
4 128 1 2 3671
4 128 1 4 3508
4 128 1 8 3424
4 128 1 16 3398
4 128 1 32 3374
4 128 1 64 3370
4 128 1 128 3349
4 128 1 256 3349
4 128 1 512 3349
4 128 2 1 3773
4 128 2 2 3642
4 128 2 4 3518
4 128 2 8 3453
4 128 2 16 3436
4 128 2 32 3403
4 128 2 64 3396
4 128 2 128 3357
4 128 2 256 3357
4 128 2 512 3357
4 128 4 1 3765
4 128 4 2 3576
4 128 4 4 3476
4 128 4 8 3421
4 128 4 16 3402
4 128 4 32 3380
4 128 4 64 3366
4 128 4 128 3350
4 128 4 256 3350
4 128 4 512 3350
4 128 8 1 3744
4 128 8 2 3559
4 128 8 4 3461
4 128 8 8 3406
4 128 8 16 3376
4 128 8 32 3356
4 128 8 64 3352
4 128 8 128 3334
4 128 8 256 3334
4 128 8 512 3334
4 128 16 1 3777
4 128 16 2 3621
4 128 16 4 3475
4 128 16 8 3395
4 128 16 16 3362
4 128 16 32 3340
4 128 16 64 3342
4 128 16 128 3328
4 128 16 256 3328
4 128 16 512 3328
4 128 32 1 3763
4 128 32 2 3567
4 128 32 4 3440
4 128 32 8 3376
4 128 32 16 3351
4 128 32 32 3332
4 128 32 64 3333
4 128 32 128 3324
4 128 32 256 3324
4 128 32 512 3324
4 128 64 1 3709
4 128 64 2 3541
4 128 64 4 3425
4 128 64 8 3367
4 128 64 16 3347
4 128 64 32 3329
4 128 64 64 3329
4 128 64 128 3323
4 128 64 256 3323
4 128 64 512 3323
4 128 128 1 3692
4 128 128 2 3513
4 128 128 4 3415
4 128 128 8 3362
4 128 128 16 3346
4 128 128 32 3330
4 128 128 64 3328
4 128 128 128 3321
4 128 128 256 3321
4 128 128 512 3321
4 128 256 1 3692
4 128 256 2 3513
4 128 256 4 3415
4 128 256 8 3362
4 128 256 16 3346
4 128 256 32 3329
4 128 256 64 3328
4 128 256 128 3320
4 128 256 256 3320
4 128 256 512 3320
4 128 512 1 3692
4 128 512 2 3512
4 128 512 4 3415
4 128 512 8 3362
4 128 512 16 3345
4 128 512 32 3329
4 128 512 64 3328
4 128 512 128 3320
4 128 512 256 3320
4 128 512 512 3320
4 256 1 1 3827
4 256 1 2 3671
4 256 1 4 3508
4 256 1 8 3424
4 256 1 16 3399
4 256 1 32 3374
4 256 1 64 3370
4 256 1 128 3349
4 256 1 256 3349
4 256 1 512 3349
4 256 2 1 3773
4 256 2 2 3642
4 256 2 4 3518
4 256 2 8 3453
4 256 2 16 3436
4 256 2 32 3403
4 256 2 64 3396
4 256 2 128 3357
4 256 2 256 3357
4 256 2 512 3357
4 256 4 1 3765
4 256 4 2 3576
4 256 4 4 3477
4 256 4 8 3421
4 256 4 16 3402
4 256 4 32 3380
4 256 4 64 3366
4 256 4 128 3350
4 256 4 256 3350
4 256 4 512 3350
4 256 8 1 3744
4 256 8 2 3559
4 256 8 4 3461
4 256 8 8 3406
4 256 8 16 3377
4 256 8 32 3356
4 256 8 64 3352
4 256 8 128 3334
4 256 8 256 3334
4 256 8 512 3334
4 256 16 1 3776
4 256 16 2 3623
4 256 16 4 3475
4 256 16 8 3396
4 256 16 16 3361
4 256 16 32 3339
4 256 16 64 3341
4 256 16 128 3327
4 256 16 256 3327
4 256 16 512 3327
4 256 32 1 3763
4 256 32 2 3567
4 256 32 4 3440
4 256 32 8 3375
4 256 32 16 3350
4 256 32 32 3331
4 256 32 64 3332
4 256 32 128 3323
4 256 32 256 3323
4 256 32 512 3323
4 256 64 1 3709
4 256 64 2 3542
4 256 64 4 3425
4 256 64 8 3367
4 256 64 16 3346
4 256 64 32 3329
4 256 64 64 3329
4 256 64 128 3322
4 256 64 256 3322
4 256 64 512 3322
4 256 128 1 3692
4 256 128 2 3513
4 256 128 4 3415
4 256 128 8 3362
4 256 128 16 3346
4 256 128 32 3329
4 256 128 64 3328
4 256 128 128 3320
4 256 128 256 3320
4 256 128 512 3320
4 256 256 1 3692
4 256 256 2 3513
4 256 256 4 3415
4 256 256 8 3362
4 256 256 16 3346
4 256 256 32 3329
4 256 256 64 3327
4 256 256 128 3320
4 256 256 256 3320
4 256 256 512 3320
4 256 512 1 3692
4 256 512 2 3513
4 256 512 4 3415
4 256 512 8 3362
4 256 512 16 3346
4 256 512 32 3329
4 256 512 64 3328
4 256 512 128 3320
4 256 512 256 3320
4 256 512 512 3321
4 512 1 1 3826
4 512 1 2 3671
4 512 1 4 3508
4 512 1 8 3423
4 512 1 16 3398
4 512 1 32 3374
4 512 1 64 3370
4 512 1 128 3348
4 512 1 256 3349
4 512 1 512 3349
4 512 2 1 3773
4 512 2 2 3642
4 512 2 4 3518
4 512 2 8 3453
4 512 2 16 3435
4 512 2 32 3403
4 512 2 64 3396
4 512 2 128 3357
4 512 2 256 3357
4 512 2 512 3357
4 512 4 1 3766
4 512 4 2 3575
4 512 4 4 3476
4 512 4 8 3422
4 512 4 16 3402
4 512 4 32 3380
4 512 4 64 3367
4 512 4 128 3351
4 512 4 256 3350
4 512 4 512 3350
4 512 8 1 3745
4 512 8 2 3560
4 512 8 4 3461
4 512 8 8 3406
4 512 8 16 3377
4 512 8 32 3357
4 512 8 64 3352
4 512 8 128 3334
4 512 8 256 3334
4 512 8 512 3334
4 512 16 1 3776
4 512 16 2 3621
4 512 16 4 3475
4 512 16 8 3396
4 512 16 16 3361
4 512 16 32 3340
4 512 16 64 3341
4 512 16 128 3328
4 512 16 256 3328
4 512 16 512 3328
4 512 32 1 3763
4 512 32 2 3567
4 512 32 4 3440
4 512 32 8 3376
4 512 32 16 3351
4 512 32 32 3332
4 512 32 64 3333
4 512 32 128 3324
4 512 32 256 3324
4 512 32 512 3324
4 512 64 1 3709
4 512 64 2 3541
4 512 64 4 3425
4 512 64 8 3367
4 512 64 16 3347
4 512 64 32 3329
4 512 64 64 3329
4 512 64 128 3323
4 512 64 256 3323
4 512 64 512 3323
4 512 128 1 3692
4 512 128 2 3513
4 512 128 4 3415
4 512 128 8 3362
4 512 128 16 3347
4 512 128 32 3330
4 512 128 64 3328
4 512 128 128 3321
4 512 128 256 3321
4 512 128 512 3321
4 512 256 1 3692
4 512 256 2 3513
4 512 256 4 3415
4 512 256 8 3362
4 512 256 16 3347
4 512 256 32 3329
4 512 256 64 3328
4 512 256 128 3321
4 512 256 256 3321
4 512 256 512 3321
4 512 512 1 3693
4 512 512 2 3513
4 512 512 4 3414
4 512 512 8 3362
4 512 512 16 3347
4 512 512 32 3329
4 512 512 64 3328
4 512 512 128 3321
4 512 512 256 3321
4 512 512 512 3321
8 1 1 1 3583
8 1 1 2 3463
8 1 1 4 3389
8 1 1 8 3359
8 1 1 16 3338
8 1 1 32 3327
8 1 1 64 3327
8 1 1 128 3321
8 1 1 256 3321
8 1 1 512 3321
8 1 2 1 3529
8 1 2 2 3433
8 1 2 4 3381
8 1 2 8 3349
8 1 2 16 3333
8 1 2 32 3324
8 1 2 64 3327
8 1 2 128 3323
8 1 2 256 3323
8 1 2 512 3323
8 1 4 1 3510
8 1 4 2 3423
8 1 4 4 3368
8 1 4 8 3340
8 1 4 16 3334
8 1 4 32 3325
8 1 4 64 3325
8 1 4 128 3318
8 1 4 256 3318
8 1 4 512 3318
8 1 8 1 3537
8 1 8 2 3435
8 1 8 4 3371
8 1 8 8 3348
8 1 8 16 3334
8 1 8 32 3324
8 1 8 64 3323
8 1 8 128 3317
8 1 8 256 3317
8 1 8 512 3317
8 1 16 1 3551
8 1 16 2 3446
8 1 16 4 3382
8 1 16 8 3348
8 1 16 16 3334
8 1 16 32 3323
8 1 16 64 3323
8 1 16 128 3317
8 1 16 256 3317
8 1 16 512 3317
8 1 32 1 3551
8 1 32 2 3446
8 1 32 4 3379
8 1 32 8 3345
8 1 32 16 3332
8 1 32 32 3322
8 1 32 64 3322
8 1 32 128 3316
8 1 32 256 3317
8 1 32 512 3317
8 1 64 1 3551
8 1 64 2 3438
8 1 64 4 3373
8 1 64 8 3340
8 1 64 16 3328
8 1 64 32 3321
8 1 64 64 3322
8 1 64 128 3318
8 1 64 256 3318
8 1 64 512 3318
8 1 128 1 3550
8 1 128 2 3437
8 1 128 4 3375
8 1 128 8 3343
8 1 128 16 3331
8 1 128 32 3323
8 1 128 64 3325
8 1 128 128 3321
8 1 128 256 3321
8 1 128 512 3321
8 1 256 1 3550
8 1 256 2 3437
8 1 256 4 3375
8 1 256 8 3343
8 1 256 16 3331
8 1 256 32 3323
8 1 256 64 3325
8 1 256 128 3321
8 1 256 256 3321
8 1 256 512 3321
8 1 512 1 3550
8 1 512 2 3438
8 1 512 4 3376
8 1 512 8 3343
8 1 512 16 3331
8 1 512 32 3323
8 1 512 64 3325
8 1 512 128 3321
8 1 512 256 3321
8 1 512 512 3321
8 2 1 1 3558
8 2 1 2 3460
8 2 1 4 3394
8 2 1 8 3357
8 2 1 16 3343
8 2 1 32 3332
8 2 1 64 3334
8 2 1 128 3329
8 2 1 256 3329
8 2 1 512 3329
8 2 2 1 3524
8 2 2 2 3441
8 2 2 4 3382
8 2 2 8 3349
8 2 2 16 3339
8 2 2 32 3333
8 2 2 64 3333
8 2 2 128 3326
8 2 2 256 3326
8 2 2 512 3326
8 2 4 1 3524
8 2 4 2 3432
8 2 4 4 3376
8 2 4 8 3347
8 2 4 16 3343
8 2 4 32 3329
8 2 4 64 3327
8 2 4 128 3318
8 2 4 256 3318
8 2 4 512 3318
8 2 8 1 3544
8 2 8 2 3445
8 2 8 4 3381
8 2 8 8 3357
8 2 8 16 3338
8 2 8 32 3325
8 2 8 64 3323
8 2 8 128 3317
8 2 8 256 3317
8 2 8 512 3317
8 2 16 1 3565
8 2 16 2 3457
8 2 16 4 3387
8 2 16 8 3350
8 2 16 16 3334
8 2 16 32 3324
8 2 16 64 3322
8 2 16 128 3316
8 2 16 256 3316
8 2 16 512 3316
8 2 32 1 3558
8 2 32 2 3453
8 2 32 4 3382
8 2 32 8 3346
8 2 32 16 3333
8 2 32 32 3323
8 2 32 64 3322
8 2 32 128 3316
8 2 32 256 3316
8 2 32 512 3316
8 2 64 1 3556
8 2 64 2 3443
8 2 64 4 3376
8 2 64 8 3342
8 2 64 16 3330
8 2 64 32 3322
8 2 64 64 3322
8 2 64 128 3317
8 2 64 256 3318
8 2 64 512 3317
8 2 128 1 3550
8 2 128 2 3437
8 2 128 4 3376
8 2 128 8 3344
8 2 128 16 3332
8 2 128 32 3324
8 2 128 64 3325
8 2 128 128 3320
8 2 128 256 3320
8 2 128 512 3320
8 2 256 1 3551
8 2 256 2 3437
8 2 256 4 3376
8 2 256 8 3343
8 2 256 16 3332
8 2 256 32 3324
8 2 256 64 3325
8 2 256 128 3320
8 2 256 256 3320
8 2 256 512 3321
8 2 512 1 3550
8 2 512 2 3438
8 2 512 4 3376
8 2 512 8 3343
8 2 512 16 3332
8 2 512 32 3324
8 2 512 64 3325
8 2 512 128 3321
8 2 512 256 3321
8 2 512 512 3321
8 4 1 1 3621
8 4 1 2 3530
8 4 1 4 3426
8 4 1 8 3375
8 4 1 16 3365
8 4 1 32 3345
8 4 1 64 3341
8 4 1 128 3333
8 4 1 256 3332
8 4 1 512 3333
8 4 2 1 3609
8 4 2 2 3494
8 4 2 4 3411
8 4 2 8 3371
8 4 2 16 3350
8 4 2 32 3334
8 4 2 64 3336
8 4 2 128 3329
8 4 2 256 3328
8 4 2 512 3329
8 4 4 1 3589
8 4 4 2 3471
8 4 4 4 3399
8 4 4 8 3355
8 4 4 16 3342
8 4 4 32 3327
8 4 4 64 3325
8 4 4 128 3319
8 4 4 256 3319
8 4 4 512 3319
8 4 8 1 3577
8 4 8 2 3472
8 4 8 4 3389
8 4 8 8 3357
8 4 8 16 3336
8 4 8 32 3324
8 4 8 64 3322
8 4 8 128 3316
8 4 8 256 3316
8 4 8 512 3317
8 4 16 1 3572
8 4 16 2 3460
8 4 16 4 3386
8 4 16 8 3348
8 4 16 16 3334
8 4 16 32 3323
8 4 16 64 3321
8 4 16 128 3316
8 4 16 256 3315
8 4 16 512 3315
8 4 32 1 3562
8 4 32 2 3449
8 4 32 4 3380
8 4 32 8 3345
8 4 32 16 3333
8 4 32 32 3323
8 4 32 64 3321
8 4 32 128 3316
8 4 32 256 3316
8 4 32 512 3316
8 4 64 1 3555
8 4 64 2 3440
8 4 64 4 3374
8 4 64 8 3341
8 4 64 16 3329
8 4 64 32 3321
8 4 64 64 3321
8 4 64 128 3316
8 4 64 256 3316
8 4 64 512 3316
8 4 128 1 3550
8 4 128 2 3436
8 4 128 4 3376
8 4 128 8 3344
8 4 128 16 3333
8 4 128 32 3325
8 4 128 64 3325
8 4 128 128 3321
8 4 128 256 3321
8 4 128 512 3321
8 4 256 1 3550
8 4 256 2 3436
8 4 256 4 3377
8 4 256 8 3344
8 4 256 16 3332
8 4 256 32 3324
8 4 256 64 3327
8 4 256 128 3321
8 4 256 256 3321
8 4 256 512 3321
8 4 512 1 3550
8 4 512 2 3436
8 4 512 4 3377
8 4 512 8 3344
8 4 512 16 3332
8 4 512 32 3324
8 4 512 64 3326
8 4 512 128 3320
8 4 512 256 3320
8 4 512 512 3320
8 8 1 1 3770
8 8 1 2 3635
8 8 1 4 3485
8 8 1 8 3422
8 8 1 16 3386
8 8 1 32 3365
8 8 1 64 3361
8 8 1 128 3350
8 8 1 256 3350
8 8 1 512 3350
8 8 2 1 3695
8 8 2 2 3538
8 8 2 4 3436
8 8 2 8 3408
8 8 2 16 3378
8 8 2 32 3362
8 8 2 64 3362
8 8 2 128 3339
8 8 2 256 3339
8 8 2 512 3340
8 8 4 1 3598
8 8 4 2 3481
8 8 4 4 3399
8 8 4 8 3362
8 8 4 16 3344
8 8 4 32 3331
8 8 4 64 3329
8 8 4 128 3320
8 8 4 256 3320
8 8 4 512 3320
8 8 8 1 3598
8 8 8 2 3488
8 8 8 4 3406
8 8 8 8 3368
8 8 8 16 3349
8 8 8 32 3331
8 8 8 64 3327
8 8 8 128 3317
8 8 8 256 3317
8 8 8 512 3318
8 8 16 1 3593
8 8 16 2 3475
8 8 16 4 3406
8 8 16 8 3366
8 8 16 16 3351
8 8 16 32 3334
8 8 16 64 3330
8 8 16 128 3322
8 8 16 256 3322
8 8 16 512 3322
8 8 32 1 3610
8 8 32 2 3460
8 8 32 4 3389
8 8 32 8 3354
8 8 32 16 3341
8 8 32 32 3329
8 8 32 64 3327
8 8 32 128 3320
8 8 32 256 3320
8 8 32 512 3320
8 8 64 1 3583
8 8 64 2 3468
8 8 64 4 3390
8 8 64 8 3350
8 8 64 16 3336
8 8 64 32 3324
8 8 64 64 3325
8 8 64 128 3319
8 8 64 256 3319
8 8 64 512 3319
8 8 128 1 3597
8 8 128 2 3474
8 8 128 4 3400
8 8 128 8 3355
8 8 128 16 3340
8 8 128 32 3327
8 8 128 64 3327
8 8 128 128 3320
8 8 128 256 3321
8 8 128 512 3321
8 8 256 1 3597
8 8 256 2 3474
8 8 256 4 3401
8 8 256 8 3356
8 8 256 16 3340
8 8 256 32 3326
8 8 256 64 3327
8 8 256 128 3320
8 8 256 256 3320
8 8 256 512 3320
8 8 512 1 3598
8 8 512 2 3474
8 8 512 4 3400
8 8 512 8 3355
8 8 512 16 3340
8 8 512 32 3326
8 8 512 64 3327
8 8 512 128 3320
8 8 512 256 3320
8 8 512 512 3320
8 16 1 1 3778
8 16 1 2 3661
8 16 1 4 3498
8 16 1 8 3414
8 16 1 16 3380
8 16 1 32 3360
8 16 1 64 3361
8 16 1 128 3344
8 16 1 256 3344
8 16 1 512 3344
8 16 2 1 3718
8 16 2 2 3570
8 16 2 4 3470
8 16 2 8 3409
8 16 2 16 3382
8 16 2 32 3366
8 16 2 64 3366
8 16 2 128 3340
8 16 2 256 3339
8 16 2 512 3340
8 16 4 1 3618
8 16 4 2 3494
8 16 4 4 3429
8 16 4 8 3372
8 16 4 16 3352
8 16 4 32 3338
8 16 4 64 3333
8 16 4 128 3321
8 16 4 256 3322
8 16 4 512 3322
8 16 8 1 3648
8 16 8 2 3524
8 16 8 4 3448
8 16 8 8 3400
8 16 8 16 3368
8 16 8 32 3342
8 16 8 64 3335
8 16 8 128 3323
8 16 8 256 3323
8 16 8 512 3323
8 16 16 1 3665
8 16 16 2 3486
8 16 16 4 3406
8 16 16 8 3363
8 16 16 16 3345
8 16 16 32 3334
8 16 16 64 3334
8 16 16 128 3323
8 16 16 256 3323
8 16 16 512 3323
8 16 32 1 3644
8 16 32 2 3498
8 16 32 4 3406
8 16 32 8 3360
8 16 32 16 3342
8 16 32 32 3329
8 16 32 64 3329
8 16 32 128 3321
8 16 32 256 3321
8 16 32 512 3321
8 16 64 1 3669
8 16 64 2 3492
8 16 64 4 3401
8 16 64 8 3356
8 16 64 16 3340
8 16 64 32 3325
8 16 64 64 3326
8 16 64 128 3321
8 16 64 256 3321
8 16 64 512 3321
8 16 128 1 3661
8 16 128 2 3490
8 16 128 4 3405
8 16 128 8 3358
8 16 128 16 3341
8 16 128 32 3327
8 16 128 64 3327
8 16 128 128 3320
8 16 128 256 3320
8 16 128 512 3321
8 16 256 1 3661
8 16 256 2 3491
8 16 256 4 3406
8 16 256 8 3358
8 16 256 16 3341
8 16 256 32 3327
8 16 256 64 3328
8 16 256 128 3321
8 16 256 256 3320
8 16 256 512 3320
8 16 512 1 3661
8 16 512 2 3490
8 16 512 4 3406
8 16 512 8 3358
8 16 512 16 3342
8 16 512 32 3327
8 16 512 64 3327
8 16 512 128 3320
8 16 512 256 3320
8 16 512 512 3320
8 32 1 1 3796
8 32 1 2 3662
8 32 1 4 3497
8 32 1 8 3413
8 32 1 16 3381
8 32 1 32 3362
8 32 1 64 3364
8 32 1 128 3345
8 32 1 256 3345
8 32 1 512 3345
8 32 2 1 3743
8 32 2 2 3606
8 32 2 4 3486
8 32 2 8 3422
8 32 2 16 3396
8 32 2 32 3378
8 32 2 64 3373
8 32 2 128 3341
8 32 2 256 3341
8 32 2 512 3341
8 32 4 1 3697
8 32 4 2 3557
8 32 4 4 3465
8 32 4 8 3404
8 32 4 16 3384
8 32 4 32 3361
8 32 4 64 3351
8 32 4 128 3337
8 32 4 256 3337
8 32 4 512 3337
8 32 8 1 3728
8 32 8 2 3537
8 32 8 4 3449
8 32 8 8 3402
8 32 8 16 3366
8 32 8 32 3350
8 32 8 64 3345
8 32 8 128 3331
8 32 8 256 3331
8 32 8 512 3331
8 32 16 1 3721
8 32 16 2 3556
8 32 16 4 3448
8 32 16 8 3384
8 32 16 16 3356
8 32 16 32 3338
8 32 16 64 3339
8 32 16 128 3326
8 32 16 256 3326
8 32 16 512 3326
8 32 32 1 3719
8 32 32 2 3547
8 32 32 4 3433
8 32 32 8 3372
8 32 32 16 3348
8 32 32 32 3330
8 32 32 64 3331
8 32 32 128 3323
8 32 32 256 3323
8 32 32 512 3323
8 32 64 1 3686
8 32 64 2 3519
8 32 64 4 3416
8 32 64 8 3362
8 32 64 16 3343
8 32 64 32 3327
8 32 64 64 3328
8 32 64 128 3322
8 32 64 256 3322
8 32 64 512 3322
8 32 128 1 3673
8 32 128 2 3501
8 32 128 4 3410
8 32 128 8 3360
8 32 128 16 3344
8 32 128 32 3329
8 32 128 64 3328
8 32 128 128 3320
8 32 128 256 3320
8 32 128 512 3320
8 32 256 1 3673
8 32 256 2 3501
8 32 256 4 3409
8 32 256 8 3359
8 32 256 16 3343
8 32 256 32 3328
8 32 256 64 3328
8 32 256 128 3320
8 32 256 256 3320
8 32 256 512 3320
8 32 512 1 3674
8 32 512 2 3501
8 32 512 4 3410
8 32 512 8 3360
8 32 512 16 3344
8 32 512 32 3328
8 32 512 64 3328
8 32 512 128 3320
8 32 512 256 3320
8 32 512 512 3320
8 64 1 1 3863
8 64 1 2 3701
8 64 1 4 3541
8 64 1 8 3460
8 64 1 16 3436
8 64 1 32 3435
8 64 1 64 3432
8 64 1 128 3412
8 64 1 256 3412
8 64 1 512 3412
8 64 2 1 3825
8 64 2 2 3642
8 64 2 4 3519
8 64 2 8 3463
8 64 2 16 3457
8 64 2 32 3444
8 64 2 64 3419
8 64 2 128 3386
8 64 2 256 3386
8 64 2 512 3387
8 64 4 1 3764
8 64 4 2 3577
8 64 4 4 3472
8 64 4 8 3417
8 64 4 16 3423
8 64 4 32 3390
8 64 4 64 3373
8 64 4 128 3348
8 64 4 256 3347
8 64 4 512 3347
8 64 8 1 3794
8 64 8 2 3632
8 64 8 4 3507
8 64 8 8 3436
8 64 8 16 3383
8 64 8 32 3355
8 64 8 64 3353
8 64 8 128 3334
8 64 8 256 3334
8 64 8 512 3334
8 64 16 1 3881
8 64 16 2 3606
8 64 16 4 3464
8 64 16 8 3390
8 64 16 16 3359
8 64 16 32 3340
8 64 16 64 3342
8 64 16 128 3327
8 64 16 256 3327
8 64 16 512 3327
8 64 32 1 3774
8 64 32 2 3560
8 64 32 4 3437
8 64 32 8 3374
8 64 32 16 3350
8 64 32 32 3332
8 64 32 64 3333
8 64 32 128 3324
8 64 32 256 3324
8 64 32 512 3324
8 64 64 1 3760
8 64 64 2 3548
8 64 64 4 3428
8 64 64 8 3370
8 64 64 16 3350
8 64 64 32 3329
8 64 64 64 3329
8 64 64 128 3322
8 64 64 256 3322
8 64 64 512 3322
8 64 128 1 3753
8 64 128 2 3548
8 64 128 4 3426
8 64 128 8 3372
8 64 128 16 3355
8 64 128 32 3330
8 64 128 64 3328
8 64 128 128 3321
8 64 128 256 3321
8 64 128 512 3321
8 64 256 1 3753
8 64 256 2 3547
8 64 256 4 3426
8 64 256 8 3372
8 64 256 16 3355
8 64 256 32 3330
8 64 256 64 3328
8 64 256 128 3321
8 64 256 256 3321
8 64 256 512 3320
8 64 512 1 3753
8 64 512 2 3548
8 64 512 4 3427
8 64 512 8 3372
8 64 512 16 3354
8 64 512 32 3330
8 64 512 64 3328
8 64 512 128 3321
8 64 512 256 3321
8 64 512 512 3320
8 128 1 1 3891
8 128 1 2 3713
8 128 1 4 3568
8 128 1 8 3494
8 128 1 16 3536
8 128 1 32 3531
8 128 1 64 3512
8 128 1 128 3487
8 128 1 256 3487
8 128 1 512 3487
8 128 2 1 3876
8 128 2 2 3683
8 128 2 4 3560
8 128 2 8 3511
8 128 2 16 3527
8 128 2 32 3510
8 128 2 64 3464
8 128 2 128 3403
8 128 2 256 3403
8 128 2 512 3403
8 128 4 1 3836
8 128 4 2 3632
8 128 4 4 3514
8 128 4 8 3464
8 128 4 16 3464
8 128 4 32 3407
8 128 4 64 3387
8 128 4 128 3356
8 128 4 256 3356
8 128 4 512 3356
8 128 8 1 3913
8 128 8 2 3786
8 128 8 4 3576
8 128 8 8 3462
8 128 8 16 3391
8 128 8 32 3360
8 128 8 64 3360
8 128 8 128 3337
8 128 8 256 3338
8 128 8 512 3338
8 128 16 1 3985
8 128 16 2 3645
8 128 16 4 3481
8 128 16 8 3399
8 128 16 16 3364
8 128 16 32 3343
8 128 16 64 3344
8 128 16 128 3329
8 128 16 256 3329
8 128 16 512 3329
8 128 32 1 3821
8 128 32 2 3580
8 128 32 4 3445
8 128 32 8 3379
8 128 32 16 3354
8 128 32 32 3334
8 128 32 64 3334
8 128 32 128 3326
8 128 32 256 3326
8 128 32 512 3326
8 128 64 1 3906
8 128 64 2 3626
8 128 64 4 3455
8 128 64 8 3387
8 128 64 16 3363
8 128 64 32 3333
8 128 64 64 3332
8 128 64 128 3324
8 128 64 256 3324
8 128 64 512 3324
8 128 128 1 4030
8 128 128 2 3690
8 128 128 4 3464
8 128 128 8 3389
8 128 128 16 3366
8 128 128 32 3330
8 128 128 64 3328
8 128 128 128 3321
8 128 128 256 3321
8 128 128 512 3321
8 128 256 1 4031
8 128 256 2 3691
8 128 256 4 3464
8 128 256 8 3389
8 128 256 16 3367
8 128 256 32 3330
8 128 256 64 3329
8 128 256 128 3321
8 128 256 256 3321
8 128 256 512 3321
8 128 512 1 4030
8 128 512 2 3691
8 128 512 4 3464
8 128 512 8 3389
8 128 512 16 3366
8 128 512 32 3330
8 128 512 64 3329
8 128 512 128 3321
8 128 512 256 3320
8 128 512 512 3321
8 256 1 1 3891
8 256 1 2 3714
8 256 1 4 3568
8 256 1 8 3494
8 256 1 16 3536
8 256 1 32 3532
8 256 1 64 3512
8 256 1 128 3487
8 256 1 256 3487
8 256 1 512 3487
8 256 2 1 3876
8 256 2 2 3683
8 256 2 4 3560
8 256 2 8 3511
8 256 2 16 3527
8 256 2 32 3510
8 256 2 64 3464
8 256 2 128 3403
8 256 2 256 3403
8 256 2 512 3403
8 256 4 1 3836
8 256 4 2 3632
8 256 4 4 3514
8 256 4 8 3465
8 256 4 16 3463
8 256 4 32 3407
8 256 4 64 3387
8 256 4 128 3356
8 256 4 256 3356
8 256 4 512 3356
8 256 8 1 3914
8 256 8 2 3787
8 256 8 4 3576
8 256 8 8 3462
8 256 8 16 3391
8 256 8 32 3361
8 256 8 64 3360
8 256 8 128 3338
8 256 8 256 3338
8 256 8 512 3338
8 256 16 1 3984
8 256 16 2 3646
8 256 16 4 3481
8 256 16 8 3399
8 256 16 16 3364
8 256 16 32 3343
8 256 16 64 3344
8 256 16 128 3330
8 256 16 256 3330
8 256 16 512 3330
8 256 32 1 3821
8 256 32 2 3579
8 256 32 4 3445
8 256 32 8 3379
8 256 32 16 3354
8 256 32 32 3335
8 256 32 64 3334
8 256 32 128 3327
8 256 32 256 3326
8 256 32 512 3327
8 256 64 1 3907
8 256 64 2 3627
8 256 64 4 3455
8 256 64 8 3387
8 256 64 16 3362
8 256 64 32 3333
8 256 64 64 3331
8 256 64 128 3323
8 256 64 256 3323
8 256 64 512 3323
8 256 128 1 4030
8 256 128 2 3691
8 256 128 4 3463
8 256 128 8 3389
8 256 128 16 3366
8 256 128 32 3330
8 256 128 64 3328
8 256 128 128 3320
8 256 128 256 3320
8 256 128 512 3320
8 256 256 1 4031
8 256 256 2 3691
8 256 256 4 3465
8 256 256 8 3390
8 256 256 16 3366
8 256 256 32 3330
8 256 256 64 3328
8 256 256 128 3321
8 256 256 256 3321
8 256 256 512 3321
8 256 512 1 4029
8 256 512 2 3694
8 256 512 4 3464
8 256 512 8 3390
8 256 512 16 3366
8 256 512 32 3330
8 256 512 64 3328
8 256 512 128 3320
8 256 512 256 3321
8 256 512 512 3321
8 512 1 1 3894
8 512 1 2 3713
8 512 1 4 3570
8 512 1 8 3496
8 512 1 16 3539
8 512 1 32 3534
8 512 1 64 3514
8 512 1 128 3488
8 512 1 256 3488
8 512 1 512 3488
8 512 2 1 3879
8 512 2 2 3683
8 512 2 4 3561
8 512 2 8 3513
8 512 2 16 3529
8 512 2 32 3512
8 512 2 64 3465
8 512 2 128 3404
8 512 2 256 3404
8 512 2 512 3404
8 512 4 1 3838
8 512 4 2 3632
8 512 4 4 3516
8 512 4 8 3467
8 512 4 16 3465
8 512 4 32 3408
8 512 4 64 3388
8 512 4 128 3356
8 512 4 256 3357
8 512 4 512 3356
8 512 8 1 3916
8 512 8 2 3783
8 512 8 4 3577
8 512 8 8 3463
8 512 8 16 3392
8 512 8 32 3361
8 512 8 64 3361
8 512 8 128 3339
8 512 8 256 3339
8 512 8 512 3339
8 512 16 1 3986
8 512 16 2 3647
8 512 16 4 3482
8 512 16 8 3400
8 512 16 16 3365
8 512 16 32 3344
8 512 16 64 3345
8 512 16 128 3330
8 512 16 256 3330
8 512 16 512 3330
8 512 32 1 3822
8 512 32 2 3581
8 512 32 4 3446
8 512 32 8 3380
8 512 32 16 3356
8 512 32 32 3336
8 512 32 64 3335
8 512 32 128 3328
8 512 32 256 3327
8 512 32 512 3327
8 512 64 1 3907
8 512 64 2 3628
8 512 64 4 3455
8 512 64 8 3388
8 512 64 16 3363
8 512 64 32 3333
8 512 64 64 3332
8 512 64 128 3324
8 512 64 256 3324
8 512 64 512 3325
8 512 128 1 4029
8 512 128 2 3693
8 512 128 4 3465
8 512 128 8 3392
8 512 128 16 3367
8 512 128 32 3331
8 512 128 64 3329
8 512 128 128 3321
8 512 128 256 3321
8 512 128 512 3321
8 512 256 1 4031
8 512 256 2 3694
8 512 256 4 3465
8 512 256 8 3390
8 512 256 16 3367
8 512 256 32 3331
8 512 256 64 3329
8 512 256 128 3322
8 512 256 256 3321
8 512 256 512 3321
8 512 512 1 4030
8 512 512 2 3695
8 512 512 4 3465
8 512 512 8 3390
8 512 512 16 3367
8 512 512 32 3331
8 512 512 64 3329
8 512 512 128 3321
8 512 512 256 3321
8 512 512 512 3321
16 1 1 1 3699
16 1 1 2 3575
16 1 1 4 3444
16 1 1 8 3381
16 1 1 16 3356
16 1 1 32 3339
16 1 1 64 3337
16 1 1 128 3326
16 1 1 256 3327
16 1 1 512 3327
16 1 2 1 3623
16 1 2 2 3498
16 1 2 4 3411
16 1 2 8 3363
16 1 2 16 3345
16 1 2 32 3331
16 1 2 64 3333
16 1 2 128 3325
16 1 2 256 3325
16 1 2 512 3325
16 1 4 1 3584
16 1 4 2 3466
16 1 4 4 3394
16 1 4 8 3354
16 1 4 16 3344
16 1 4 32 3330
16 1 4 64 3327
16 1 4 128 3319
16 1 4 256 3319
16 1 4 512 3319
16 1 8 1 3579
16 1 8 2 3467
16 1 8 4 3388
16 1 8 8 3357
16 1 8 16 3339
16 1 8 32 3326
16 1 8 64 3324
16 1 8 128 3317
16 1 8 256 3317
16 1 8 512 3318
16 1 16 1 3579
16 1 16 2 3463
16 1 16 4 3389
16 1 16 8 3350
16 1 16 16 3334
16 1 16 32 3324
16 1 16 64 3322
16 1 16 128 3316
16 1 16 256 3316
16 1 16 512 3316
16 1 32 1 3564
16 1 32 2 3451
16 1 32 4 3381
16 1 32 8 3345
16 1 32 16 3331
16 1 32 32 3322
16 1 32 64 3322
16 1 32 128 3316
16 1 32 256 3316
16 1 32 512 3316
16 1 64 1 3558
16 1 64 2 3441
16 1 64 4 3374
16 1 64 8 3341
16 1 64 16 3328
16 1 64 32 3321
16 1 64 64 3322
16 1 64 128 3317
16 1 64 256 3317
16 1 64 512 3317
16 1 128 1 3549
16 1 128 2 3438
16 1 128 4 3377
16 1 128 8 3344
16 1 128 16 3333
16 1 128 32 3325
16 1 128 64 3326
16 1 128 128 3320
16 1 128 256 3320
16 1 128 512 3321
16 1 256 1 3550
16 1 256 2 3438
16 1 256 4 3377
16 1 256 8 3344
16 1 256 16 3333
16 1 256 32 3325
16 1 256 64 3326
16 1 256 128 3320
16 1 256 256 3320
16 1 256 512 3320
16 1 512 1 3549
16 1 512 2 3438
16 1 512 4 3377
16 1 512 8 3344
16 1 512 16 3332
16 1 512 32 3325
16 1 512 64 3326
16 1 512 128 3320
16 1 512 256 3320
16 1 512 512 3320
16 2 1 1 3755
16 2 1 2 3604
16 2 1 4 3464
16 2 1 8 3392
16 2 1 16 3364
16 2 1 32 3345
16 2 1 64 3344
16 2 1 128 3336
16 2 1 256 3336
16 2 1 512 3337
16 2 2 1 3686
16 2 2 2 3529
16 2 2 4 3427
16 2 2 8 3372
16 2 2 16 3351
16 2 2 32 3340
16 2 2 64 3339
16 2 2 128 3329
16 2 2 256 3329
16 2 2 512 3329
16 2 4 1 3624
16 2 4 2 3485
16 2 4 4 3399
16 2 4 8 3356
16 2 4 16 3347
16 2 4 32 3330
16 2 4 64 3327
16 2 4 128 3320
16 2 4 256 3320
16 2 4 512 3320
16 2 8 1 3594
16 2 8 2 3472
16 2 8 4 3391
16 2 8 8 3360
16 2 8 16 3339
16 2 8 32 3326
16 2 8 64 3323
16 2 8 128 3317
16 2 8 256 3317
16 2 8 512 3317
16 2 16 1 3575
16 2 16 2 3463
16 2 16 4 3392
16 2 16 8 3351
16 2 16 16 3335
16 2 16 32 3325
16 2 16 64 3323
16 2 16 128 3317
16 2 16 256 3316
16 2 16 512 3316
16 2 32 1 3565
16 2 32 2 3455
16 2 32 4 3383
16 2 32 8 3347
16 2 32 16 3334
16 2 32 32 3323
16 2 32 64 3322
16 2 32 128 3316
16 2 32 256 3316
16 2 32 512 3316
16 2 64 1 3559
16 2 64 2 3444
16 2 64 4 3377
16 2 64 8 3342
16 2 64 16 3331
16 2 64 32 3323
16 2 64 64 3323
16 2 64 128 3317
16 2 64 256 3317
16 2 64 512 3317
16 2 128 1 3559
16 2 128 2 3439
16 2 128 4 3379
16 2 128 8 3345
16 2 128 16 3333
16 2 128 32 3325
16 2 128 64 3326
16 2 128 128 3321
16 2 128 256 3321
16 2 128 512 3321
16 2 256 1 3559
16 2 256 2 3439
16 2 256 4 3379
16 2 256 8 3345
16 2 256 16 3333
16 2 256 32 3325
16 2 256 64 3327
16 2 256 128 3321
16 2 256 256 3321
16 2 256 512 3321
16 2 512 1 3558
16 2 512 2 3439
16 2 512 4 3379
16 2 512 8 3345
16 2 512 16 3333
16 2 512 32 3325
16 2 512 64 3326
16 2 512 128 3321
16 2 512 256 3321
16 2 512 512 3321
16 4 1 1 3836
16 4 1 2 3670
16 4 1 4 3506
16 4 1 8 3429
16 4 1 16 3401
16 4 1 32 3375
16 4 1 64 3366
16 4 1 128 3357
16 4 1 256 3357
16 4 1 512 3357
16 4 2 1 3729
16 4 2 2 3555
16 4 2 4 3440
16 4 2 8 3419
16 4 2 16 3384
16 4 2 32 3366
16 4 2 64 3364
16 4 2 128 3342
16 4 2 256 3342
16 4 2 512 3341
16 4 4 1 3619
16 4 4 2 3486
16 4 4 4 3410
16 4 4 8 3369
16 4 4 16 3348
16 4 4 32 3335
16 4 4 64 3331
16 4 4 128 3321
16 4 4 256 3321
16 4 4 512 3322
16 4 8 1 3605
16 4 8 2 3500
16 4 8 4 3417
16 4 8 8 3376
16 4 8 16 3359
16 4 8 32 3337
16 4 8 64 3331
16 4 8 128 3323
16 4 8 256 3324
16 4 8 512 3323
16 4 16 1 3603
16 4 16 2 3481
16 4 16 4 3410
16 4 16 8 3369
16 4 16 16 3353
16 4 16 32 3336
16 4 16 64 3332
16 4 16 128 3323
16 4 16 256 3323
16 4 16 512 3323
16 4 32 1 3620
16 4 32 2 3461
16 4 32 4 3393
16 4 32 8 3355
16 4 32 16 3342
16 4 32 32 3330
16 4 32 64 3329
16 4 32 128 3322
16 4 32 256 3321
16 4 32 512 3321
16 4 64 1 3585
16 4 64 2 3469
16 4 64 4 3393
16 4 64 8 3351
16 4 64 16 3337
16 4 64 32 3326
16 4 64 64 3326
16 4 64 128 3320
16 4 64 256 3320
16 4 64 512 3320
16 4 128 1 3588
16 4 128 2 3479
16 4 128 4 3405
16 4 128 8 3359
16 4 128 16 3342
16 4 128 32 3328
16 4 128 64 3328
16 4 128 128 3321
16 4 128 256 3321
16 4 128 512 3321
16 4 256 1 3588
16 4 256 2 3480
16 4 256 4 3405
16 4 256 8 3358
16 4 256 16 3342
16 4 256 32 3328
16 4 256 64 3328
16 4 256 128 3321
16 4 256 256 3321
16 4 256 512 3321
16 4 512 1 3588
16 4 512 2 3479
16 4 512 4 3405
16 4 512 8 3359
16 4 512 16 3342
16 4 512 32 3328
16 4 512 64 3328
16 4 512 128 3321
16 4 512 256 3321
16 4 512 512 3321
16 8 1 1 3825
16 8 1 2 3675
16 8 1 4 3516
16 8 1 8 3438
16 8 1 16 3402
16 8 1 32 3379
16 8 1 64 3372
16 8 1 128 3357
16 8 1 256 3357
16 8 1 512 3357
16 8 2 1 3775
16 8 2 2 3600
16 8 2 4 3500
16 8 2 8 3443
16 8 2 16 3411
16 8 2 32 3385
16 8 2 64 3380
16 8 2 128 3348
16 8 2 256 3348
16 8 2 512 3348
16 8 4 1 3659
16 8 4 2 3546
16 8 4 4 3470
16 8 4 8 3416
16 8 4 16 3397
16 8 4 32 3367
16 8 4 64 3352
16 8 4 128 3341
16 8 4 256 3339
16 8 4 512 3339
16 8 8 1 3675
16 8 8 2 3530
16 8 8 4 3453
16 8 8 8 3401
16 8 8 16 3369
16 8 8 32 3346
16 8 8 64 3342
16 8 8 128 3329
16 8 8 256 3329
16 8 8 512 3329
16 8 16 1 3668
16 8 16 2 3491
16 8 16 4 3411
16 8 16 8 3366
16 8 16 16 3347
16 8 16 32 3335
16 8 16 64 3337
16 8 16 128 3326
16 8 16 256 3326
16 8 16 512 3326
16 8 32 1 3647
16 8 32 2 3501
16 8 32 4 3409
16 8 32 8 3362
16 8 32 16 3344
16 8 32 32 3330
16 8 32 64 3331
16 8 32 128 3323
16 8 32 256 3323
16 8 32 512 3323
16 8 64 1 3669
16 8 64 2 3496
16 8 64 4 3405
16 8 64 8 3358
16 8 64 16 3341
16 8 64 32 3326
16 8 64 64 3328
16 8 64 128 3322
16 8 64 256 3322
16 8 64 512 3322
16 8 128 1 3662
16 8 128 2 3495
16 8 128 4 3409
16 8 128 8 3360
16 8 128 16 3343
16 8 128 32 3328
16 8 128 64 3328
16 8 128 128 3321
16 8 128 256 3321
16 8 128 512 3321
16 8 256 1 3662
16 8 256 2 3495
16 8 256 4 3409
16 8 256 8 3360
16 8 256 16 3343
16 8 256 32 3328
16 8 256 64 3328
16 8 256 128 3321
16 8 256 256 3321
16 8 256 512 3321
16 8 512 1 3662
16 8 512 2 3495
16 8 512 4 3409
16 8 512 8 3361
16 8 512 16 3343
16 8 512 32 3328
16 8 512 64 3328
16 8 512 128 3321
16 8 512 256 3321
16 8 512 512 3321
16 16 1 1 3852
16 16 1 2 3717
16 16 1 4 3554
16 16 1 8 3467
16 16 1 16 3443
16 16 1 32 3407
16 16 1 64 3406
16 16 1 128 3382
16 16 1 256 3382
16 16 1 512 3382
16 16 2 1 3808
16 16 2 2 3650
16 16 2 4 3527
16 16 2 8 3470
16 16 2 16 3452
16 16 2 32 3427
16 16 2 64 3400
16 16 2 128 3379
16 16 2 256 3379
16 16 2 512 3379
16 16 4 1 3751
16 16 4 2 3564
16 16 4 4 3467
16 16 4 8 3414
16 16 4 16 3406
16 16 4 32 3384
16 16 4 64 3368
16 16 4 128 3345
16 16 4 256 3345
16 16 4 512 3345
16 16 8 1 3735
16 16 8 2 3547
16 16 8 4 3456
16 16 8 8 3405
16 16 8 16 3369
16 16 8 32 3351
16 16 8 64 3349
16 16 8 128 3333
16 16 8 256 3333
16 16 8 512 3333
16 16 16 1 3741
16 16 16 2 3574
16 16 16 4 3455
16 16 16 8 3387
16 16 16 16 3360
16 16 16 32 3340
16 16 16 64 3342
16 16 16 128 3328
16 16 16 256 3328
16 16 16 512 3328
16 16 32 1 3735
16 16 32 2 3558
16 16 32 4 3436
16 16 32 8 3375
16 16 32 16 3350
16 16 32 32 3332
16 16 32 64 3333
16 16 32 128 3324
16 16 32 256 3324
16 16 32 512 3323
16 16 64 1 3694
16 16 64 2 3528
16 16 64 4 3419
16 16 64 8 3365
16 16 64 16 3344
16 16 64 32 3328
16 16 64 64 3329
16 16 64 128 3323
16 16 64 256 3323
16 16 64 512 3322
16 16 128 1 3675
16 16 128 2 3506
16 16 128 4 3412
16 16 128 8 3361
16 16 128 16 3345
16 16 128 32 3329
16 16 128 64 3328
16 16 128 128 3321
16 16 128 256 3321
16 16 128 512 3321
16 16 256 1 3674
16 16 256 2 3505
16 16 256 4 3412
16 16 256 8 3361
16 16 256 16 3345
16 16 256 32 3329
16 16 256 64 3328
16 16 256 128 3321
16 16 256 256 3321
16 16 256 512 3321
16 16 512 1 3675
16 16 512 2 3505
16 16 512 4 3411
16 16 512 8 3361
16 16 512 16 3344
16 16 512 32 3329
16 16 512 64 3328
16 16 512 128 3321
16 16 512 256 3321
16 16 512 512 3321
16 32 1 1 3868
16 32 1 2 3715
16 32 1 4 3557
16 32 1 8 3476
16 32 1 16 3464
16 32 1 32 3461
16 32 1 64 3460
16 32 1 128 3444
16 32 1 256 3444
16 32 1 512 3443
16 32 2 1 3856
16 32 2 2 3662
16 32 2 4 3539
16 32 2 8 3484
16 32 2 16 3480
16 32 2 32 3471
16 32 2 64 3433
16 32 2 128 3397
16 32 2 256 3397
16 32 2 512 3397
16 32 4 1 3800
16 32 4 2 3591
16 32 4 4 3480
16 32 4 8 3428
16 32 4 16 3439
16 32 4 32 3401
16 32 4 64 3382
16 32 4 128 3354
16 32 4 256 3354
16 32 4 512 3354
16 32 8 1 3799
16 32 8 2 3640
16 32 8 4 3513
16 32 8 8 3440
16 32 8 16 3386
16 32 8 32 3358
16 32 8 64 3358
16 32 8 128 3338
16 32 8 256 3337
16 32 8 512 3337
16 32 16 1 3902
16 32 16 2 3638
16 32 16 4 3480
16 32 16 8 3399
16 32 16 16 3364
16 32 16 32 3342
16 32 16 64 3344
16 32 16 128 3329
16 32 16 256 3329
16 32 16 512 3329
16 32 32 1 3799
16 32 32 2 3576
16 32 32 4 3444
16 32 32 8 3378
16 32 32 16 3352
16 32 32 32 3333
16 32 32 64 3334
16 32 32 128 3325
16 32 32 256 3325
16 32 32 512 3325
16 32 64 1 3782
16 32 64 2 3564
16 32 64 4 3433
16 32 64 8 3374
16 32 64 16 3352
16 32 64 32 3330
16 32 64 64 3330
16 32 64 128 3323
16 32 64 256 3324
16 32 64 512 3324
16 32 128 1 3786
16 32 128 2 3561
16 32 128 4 3431
16 32 128 8 3374
16 32 128 16 3356
16 32 128 32 3330
16 32 128 64 3329
16 32 128 128 3321
16 32 128 256 3321
16 32 128 512 3321
16 32 256 1 3787
16 32 256 2 3561
16 32 256 4 3430
16 32 256 8 3373
16 32 256 16 3356
16 32 256 32 3330
16 32 256 64 3328
16 32 256 128 3321
16 32 256 256 3321
16 32 256 512 3321
16 32 512 1 3786
16 32 512 2 3561
16 32 512 4 3430
16 32 512 8 3374
16 32 512 16 3356
16 32 512 32 3330
16 32 512 64 3328
16 32 512 128 3321
16 32 512 256 3321
16 32 512 512 3321
16 64 1 1 3965
16 64 1 2 3812
16 64 1 4 3669
16 64 1 8 3607
16 64 1 16 3656
16 64 1 32 3596
16 64 1 64 3555
16 64 1 128 3475
16 64 1 256 3474
16 64 1 512 3475
16 64 2 1 3926
16 64 2 2 3744
16 64 2 4 3622
16 64 2 8 3575
16 64 2 16 3588
16 64 2 32 3511
16 64 2 64 3459
16 64 2 128 3401
16 64 2 256 3401
16 64 2 512 3402
16 64 4 1 4011
16 64 4 2 3861
16 64 4 4 3656
16 64 4 8 3525
16 64 4 16 3461
16 64 4 32 3407
16 64 4 64 3387
16 64 4 128 3357
16 64 4 256 3357
16 64 4 512 3357
16 64 8 1 4131
16 64 8 2 3785
16 64 8 4 3565
16 64 8 8 3456
16 64 8 16 3390
16 64 8 32 3361
16 64 8 64 3361
16 64 8 128 3341
16 64 8 256 3341
16 64 8 512 3341
16 64 16 1 3961
16 64 16 2 3649
16 64 16 4 3485
16 64 16 8 3403
16 64 16 16 3369
16 64 16 32 3347
16 64 16 64 3347
16 64 16 128 3333
16 64 16 256 3333
16 64 16 512 3333
16 64 32 1 3877
16 64 32 2 3636
16 64 32 4 3469
16 64 32 8 3395
16 64 32 16 3367
16 64 32 32 3338
16 64 32 64 3337
16 64 32 128 3330
16 64 32 256 3330
16 64 32 512 3330
16 64 64 1 4321
16 64 64 2 3775
16 64 64 4 3485
16 64 64 8 3396
16 64 64 16 3370
16 64 64 32 3335
16 64 64 64 3333
16 64 64 128 3323
16 64 64 256 3323
16 64 64 512 3323
16 64 128 1 4601
16 64 128 2 3893
16 64 128 4 3507
16 64 128 8 3398
16 64 128 16 3371
16 64 128 32 3331
16 64 128 64 3328
16 64 128 128 3321
16 64 128 256 3321
16 64 128 512 3321
16 64 256 1 4604
16 64 256 2 3891
16 64 256 4 3507
16 64 256 8 3399
16 64 256 16 3372
16 64 256 32 3331
16 64 256 64 3328
16 64 256 128 3321
16 64 256 256 3321
16 64 256 512 3321
16 64 512 1 4602
16 64 512 2 3891
16 64 512 4 3507
16 64 512 8 3398
16 64 512 16 3371
16 64 512 32 3331
16 64 512 64 3329
16 64 512 128 3321
16 64 512 256 3321
16 64 512 512 3321
16 128 1 1 4060
16 128 1 2 3948
16 128 1 4 3818
16 128 1 8 3772
16 128 1 16 3807
16 128 1 32 3679
16 128 1 64 3608
16 128 1 128 3498
16 128 1 256 3498
16 128 1 512 3498
16 128 2 1 4194
16 128 2 2 4056
16 128 2 4 3863
16 128 2 8 3732
16 128 2 16 3648
16 128 2 32 3536
16 128 2 64 3479
16 128 2 128 3408
16 128 2 256 3408
16 128 2 512 3408
16 128 4 1 4568
16 128 4 2 4144
16 128 4 4 3783
16 128 4 8 3576
16 128 4 16 3480
16 128 4 32 3414
16 128 4 64 3395
16 128 4 128 3363
16 128 4 256 3363
16 128 4 512 3363
16 128 8 1 4378
16 128 8 2 3868
16 128 8 4 3602
16 128 8 8 3473
16 128 8 16 3397
16 128 8 32 3367
16 128 8 64 3367
16 128 8 128 3347
16 128 8 256 3347
16 128 8 512 3346
16 128 16 1 4040
16 128 16 2 3684
16 128 16 4 3506
16 128 16 8 3417
16 128 16 16 3381
16 128 16 32 3354
16 128 16 64 3352
16 128 16 128 3342
16 128 16 256 3341
16 128 16 512 3341
16 128 32 1 4050
16 128 32 2 3764
16 128 32 4 3514
16 128 32 8 3419
16 128 32 16 3383
16 128 32 32 3345
16 128 32 64 3343
16 128 32 128 3332
16 128 32 256 3332
16 128 32 512 3332
16 128 64 1 5011
16 128 64 2 4077
16 128 64 4 3556
16 128 64 8 3422
16 128 64 16 3385
16 128 64 32 3339
16 128 64 64 3335
16 128 64 128 3324
16 128 64 256 3323
16 128 64 512 3323
16 128 128 1 5477
16 128 128 2 4237
16 128 128 4 3566
16 128 128 8 3413
16 128 128 16 3378
16 128 128 32 3332
16 128 128 64 3329
16 128 128 128 3321
16 128 128 256 3321
16 128 128 512 3321
16 128 256 1 5481
16 128 256 2 4235
16 128 256 4 3567
16 128 256 8 3414
16 128 256 16 3379
16 128 256 32 3331
16 128 256 64 3329
16 128 256 128 3321
16 128 256 256 3321
16 128 256 512 3321
16 128 512 1 5477
16 128 512 2 4241
16 128 512 4 3567
16 128 512 8 3413
16 128 512 16 3379
16 128 512 32 3331
16 128 512 64 3329
16 128 512 128 3321
16 128 512 256 3321
16 128 512 512 3321
16 256 1 1 4061
16 256 1 2 3949
16 256 1 4 3821
16 256 1 8 3772
16 256 1 16 3807
16 256 1 32 3680
16 256 1 64 3609
16 256 1 128 3498
16 256 1 256 3499
16 256 1 512 3498
16 256 2 1 4194
16 256 2 2 4055
16 256 2 4 3863
16 256 2 8 3732
16 256 2 16 3648
16 256 2 32 3536
16 256 2 64 3479
16 256 2 128 3407
16 256 2 256 3407
16 256 2 512 3407
16 256 4 1 4569
16 256 4 2 4143
16 256 4 4 3783
16 256 4 8 3576
16 256 4 16 3480
16 256 4 32 3414
16 256 4 64 3395
16 256 4 128 3363
16 256 4 256 3363
16 256 4 512 3363
16 256 8 1 4378
16 256 8 2 3867
16 256 8 4 3602
16 256 8 8 3473
16 256 8 16 3397
16 256 8 32 3367
16 256 8 64 3367
16 256 8 128 3346
16 256 8 256 3346
16 256 8 512 3346
16 256 16 1 4039
16 256 16 2 3684
16 256 16 4 3505
16 256 16 8 3417
16 256 16 16 3381
16 256 16 32 3353
16 256 16 64 3352
16 256 16 128 3341
16 256 16 256 3341
16 256 16 512 3341
16 256 32 1 4050
16 256 32 2 3766
16 256 32 4 3514
16 256 32 8 3419
16 256 32 16 3383
16 256 32 32 3345
16 256 32 64 3343
16 256 32 128 3331
16 256 32 256 3331
16 256 32 512 3331
16 256 64 1 5009
16 256 64 2 4070
16 256 64 4 3556
16 256 64 8 3422
16 256 64 16 3385
16 256 64 32 3338
16 256 64 64 3335
16 256 64 128 3323
16 256 64 256 3323
16 256 64 512 3323
16 256 128 1 5479
16 256 128 2 4237
16 256 128 4 3567
16 256 128 8 3413
16 256 128 16 3379
16 256 128 32 3331
16 256 128 64 3328
16 256 128 128 3321
16 256 128 256 3321
16 256 128 512 3321
16 256 256 1 5483
16 256 256 2 4239
16 256 256 4 3566
16 256 256 8 3413
16 256 256 16 3378
16 256 256 32 3331
16 256 256 64 3328
16 256 256 128 3321
16 256 256 256 3321
16 256 256 512 3321
16 256 512 1 5476
16 256 512 2 4233
16 256 512 4 3566
16 256 512 8 3413
16 256 512 16 3379
16 256 512 32 3331
16 256 512 64 3328
16 256 512 128 3321
16 256 512 256 3321
16 256 512 512 3321
16 512 1 1 4060
16 512 1 2 3948
16 512 1 4 3820
16 512 1 8 3771
16 512 1 16 3807
16 512 1 32 3679
16 512 1 64 3608
16 512 1 128 3498
16 512 1 256 3498
16 512 1 512 3498
16 512 2 1 4194
16 512 2 2 4054
16 512 2 4 3864
16 512 2 8 3733
16 512 2 16 3648
16 512 2 32 3536
16 512 2 64 3479
16 512 2 128 3408
16 512 2 256 3408
16 512 2 512 3407
16 512 4 1 4568
16 512 4 2 4144
16 512 4 4 3783
16 512 4 8 3576
16 512 4 16 3479
16 512 4 32 3414
16 512 4 64 3395
16 512 4 128 3363
16 512 4 256 3363
16 512 4 512 3363
16 512 8 1 4378
16 512 8 2 3867
16 512 8 4 3602
16 512 8 8 3473
16 512 8 16 3397
16 512 8 32 3367
16 512 8 64 3367
16 512 8 128 3347
16 512 8 256 3346
16 512 8 512 3346
16 512 16 1 4040
16 512 16 2 3684
16 512 16 4 3505
16 512 16 8 3417
16 512 16 16 3381
16 512 16 32 3353
16 512 16 64 3351
16 512 16 128 3341
16 512 16 256 3341
16 512 16 512 3341
16 512 32 1 4049
16 512 32 2 3766
16 512 32 4 3514
16 512 32 8 3419
16 512 32 16 3383
16 512 32 32 3345
16 512 32 64 3343
16 512 32 128 3332
16 512 32 256 3332
16 512 32 512 3332
16 512 64 1 5010
16 512 64 2 4073
16 512 64 4 3556
16 512 64 8 3422
16 512 64 16 3385
16 512 64 32 3338
16 512 64 64 3335
16 512 64 128 3323
16 512 64 256 3323
16 512 64 512 3323
16 512 128 1 5478
16 512 128 2 4235
16 512 128 4 3567
16 512 128 8 3413
16 512 128 16 3380
16 512 128 32 3330
16 512 128 64 3328
16 512 128 128 3321
16 512 128 256 3321
16 512 128 512 3321
16 512 256 1 5479
16 512 256 2 4237
16 512 256 4 3567
16 512 256 8 3413
16 512 256 16 3378
16 512 256 32 3331
16 512 256 64 3328
16 512 256 128 3321
16 512 256 256 3321
16 512 256 512 3321
16 512 512 1 5483
16 512 512 2 4237
16 512 512 4 3567
16 512 512 8 3413
16 512 512 16 3379
16 512 512 32 3331
16 512 512 64 3328
16 512 512 128 3320
16 512 512 256 3320
16 512 512 512 3321
32 1 1 1 3931
32 1 1 2 3763
32 1 1 4 3543
32 1 1 8 3430
32 1 1 16 3384
32 1 1 32 3354
32 1 1 64 3346
32 1 1 128 3333
32 1 1 256 3334
32 1 1 512 3333
32 1 2 1 3846
32 1 2 2 3614
32 1 2 4 3469
32 1 2 8 3392
32 1 2 16 3359
32 1 2 32 3338
32 1 2 64 3338
32 1 2 128 3327
32 1 2 256 3327
32 1 2 512 3327
32 1 4 1 3703
32 1 4 2 3528
32 1 4 4 3421
32 1 4 8 3366
32 1 4 16 3349
32 1 4 32 3330
32 1 4 64 3328
32 1 4 128 3320
32 1 4 256 3320
32 1 4 512 3320
32 1 8 1 3634
32 1 8 2 3497
32 1 8 4 3402
32 1 8 8 3363
32 1 8 16 3340
32 1 8 32 3327
32 1 8 64 3324
32 1 8 128 3317
32 1 8 256 3317
32 1 8 512 3317
32 1 16 1 3598
32 1 16 2 3477
32 1 16 4 3399
32 1 16 8 3358
32 1 16 16 3343
32 1 16 32 3332
32 1 16 64 3331
32 1 16 128 3324
32 1 16 256 3324
32 1 16 512 3324
32 1 32 1 3586
32 1 32 2 3463
32 1 32 4 3391
32 1 32 8 3354
32 1 32 16 3342
32 1 32 32 3330
32 1 32 64 3328
32 1 32 128 3321
32 1 32 256 3321
32 1 32 512 3321
32 1 64 1 3586
32 1 64 2 3451
32 1 64 4 3383
32 1 64 8 3348
32 1 64 16 3336
32 1 64 32 3326
32 1 64 64 3325
32 1 64 128 3319
32 1 64 256 3319
32 1 64 512 3319
32 1 128 1 3579
32 1 128 2 3448
32 1 128 4 3384
32 1 128 8 3350
32 1 128 16 3338
32 1 128 32 3328
32 1 128 64 3327
32 1 128 128 3320
32 1 128 256 3321
32 1 128 512 3321
32 1 256 1 3579
32 1 256 2 3448
32 1 256 4 3384
32 1 256 8 3350
32 1 256 16 3337
32 1 256 32 3327
32 1 256 64 3327
32 1 256 128 3321
32 1 256 256 3320
32 1 256 512 3320
32 1 512 1 3579
32 1 512 2 3448
32 1 512 4 3384
32 1 512 8 3350
32 1 512 16 3338
32 1 512 32 3327
32 1 512 64 3327
32 1 512 128 3320
32 1 512 256 3320
32 1 512 512 3320
32 2 1 1 3996
32 2 1 2 3755
32 2 1 4 3548
32 2 1 8 3450
32 2 1 16 3402
32 2 1 32 3374
32 2 1 64 3367
32 2 1 128 3360
32 2 1 256 3360
32 2 1 512 3360
32 2 2 1 3816
32 2 2 2 3599
32 2 2 4 3460
32 2 2 8 3419
32 2 2 16 3384
32 2 2 32 3366
32 2 2 64 3364
32 2 2 128 3341
32 2 2 256 3341
32 2 2 512 3340
32 2 4 1 3664
32 2 4 2 3506
32 2 4 4 3411
32 2 4 8 3370
32 2 4 16 3351
32 2 4 32 3334
32 2 4 64 3330
32 2 4 128 3321
32 2 4 256 3321
32 2 4 512 3321
32 2 8 1 3616
32 2 8 2 3491
32 2 8 4 3404
32 2 8 8 3368
32 2 8 16 3343
32 2 8 32 3329
32 2 8 64 3327
32 2 8 128 3319
32 2 8 256 3319
32 2 8 512 3318
32 2 16 1 3601
32 2 16 2 3481
32 2 16 4 3409
32 2 16 8 3366
32 2 16 16 3353
32 2 16 32 3335
32 2 16 64 3332
32 2 16 128 3324
32 2 16 256 3324
32 2 16 512 3325
32 2 32 1 3620
32 2 32 2 3467
32 2 32 4 3395
32 2 32 8 3356
32 2 32 16 3343
32 2 32 32 3330
32 2 32 64 3329
32 2 32 128 3321
32 2 32 256 3321
32 2 32 512 3321
32 2 64 1 3588
32 2 64 2 3462
32 2 64 4 3391
32 2 64 8 3351
32 2 64 16 3338
32 2 64 32 3325
32 2 64 64 3326
32 2 64 128 3321
32 2 64 256 3321
32 2 64 512 3321
32 2 128 1 3581
32 2 128 2 3485
32 2 128 4 3408
32 2 128 8 3361
32 2 128 16 3343
32 2 128 32 3329
32 2 128 64 3328
32 2 128 128 3321
32 2 128 256 3321
32 2 128 512 3321
32 2 256 1 3581
32 2 256 2 3485
32 2 256 4 3409
32 2 256 8 3361
32 2 256 16 3343
32 2 256 32 3329
32 2 256 64 3328
32 2 256 128 3321
32 2 256 256 3322
32 2 256 512 3321
32 2 512 1 3581
32 2 512 2 3485
32 2 512 4 3409
32 2 512 8 3361
32 2 512 16 3344
32 2 512 32 3329
32 2 512 64 3328
32 2 512 128 3321
32 2 512 256 3321
32 2 512 512 3321
32 4 1 1 3906
32 4 1 2 3719
32 4 1 4 3538
32 4 1 8 3441
32 4 1 16 3410
32 4 1 32 3383
32 4 1 64 3374
32 4 1 128 3360
32 4 1 256 3360
32 4 1 512 3360
32 4 2 1 3781
32 4 2 2 3595
32 4 2 4 3485
32 4 2 8 3427
32 4 2 16 3394
32 4 2 32 3376
32 4 2 64 3371
32 4 2 128 3343
32 4 2 256 3343
32 4 2 512 3343
32 4 4 1 3653
32 4 4 2 3515
32 4 4 4 3449
32 4 4 8 3385
32 4 4 16 3367
32 4 4 32 3349
32 4 4 64 3342
32 4 4 128 3333
32 4 4 256 3333
32 4 4 512 3333
32 4 8 1 3669
32 4 8 2 3540
32 4 8 4 3463
32 4 8 8 3411
32 4 8 16 3371
32 4 8 32 3346
32 4 8 64 3341
32 4 8 128 3330
32 4 8 256 3329
32 4 8 512 3329
32 4 16 1 3678
32 4 16 2 3491
32 4 16 4 3412
32 4 16 8 3366
32 4 16 16 3348
32 4 16 32 3336
32 4 16 64 3339
32 4 16 128 3327
32 4 16 256 3327
32 4 16 512 3327
32 4 32 1 3634
32 4 32 2 3497
32 4 32 4 3408
32 4 32 8 3361
32 4 32 16 3344
32 4 32 32 3331
32 4 32 64 3331
32 4 32 128 3323
32 4 32 256 3323
32 4 32 512 3323
32 4 64 1 3688
32 4 64 2 3501
32 4 64 4 3407
32 4 64 8 3358
32 4 64 16 3341
32 4 64 32 3327
32 4 64 64 3328
32 4 64 128 3322
32 4 64 256 3322
32 4 64 512 3322
32 4 128 1 3670
32 4 128 2 3500
32 4 128 4 3411
32 4 128 8 3362
32 4 128 16 3344
32 4 128 32 3328
32 4 128 64 3328
32 4 128 128 3321
32 4 128 256 3321
32 4 128 512 3321
32 4 256 1 3671
32 4 256 2 3500
32 4 256 4 3412
32 4 256 8 3363
32 4 256 16 3344
32 4 256 32 3329
32 4 256 64 3328
32 4 256 128 3321
32 4 256 256 3321
32 4 256 512 3321
32 4 512 1 3672
32 4 512 2 3500
32 4 512 4 3412
32 4 512 8 3362
32 4 512 16 3344
32 4 512 32 3329
32 4 512 64 3328
32 4 512 128 3321
32 4 512 256 3321
32 4 512 512 3321
32 8 1 1 3902
32 8 1 2 3737
32 8 1 4 3576
32 8 1 8 3494
32 8 1 16 3463
32 8 1 32 3433
32 8 1 64 3426
32 8 1 128 3403
32 8 1 256 3403
32 8 1 512 3403
32 8 2 1 3828
32 8 2 2 3649
32 8 2 4 3533
32 8 2 8 3470
32 8 2 16 3454
32 8 2 32 3437
32 8 2 64 3401
32 8 2 128 3380
32 8 2 256 3380
32 8 2 512 3380
32 8 4 1 3755
32 8 4 2 3571
32 8 4 4 3472
32 8 4 8 3416
32 8 4 16 3411
32 8 4 32 3387
32 8 4 64 3370
32 8 4 128 3346
32 8 4 256 3347
32 8 4 512 3347
32 8 8 1 3742
32 8 8 2 3552
32 8 8 4 3461
32 8 8 8 3409
32 8 8 16 3370
32 8 8 32 3351
32 8 8 64 3351
32 8 8 128 3334
32 8 8 256 3334
32 8 8 512 3335
32 8 16 1 3734
32 8 16 2 3568
32 8 16 4 3454
32 8 16 8 3387
32 8 16 16 3361
32 8 16 32 3341
32 8 16 64 3344
32 8 16 128 3329
32 8 16 256 3329
32 8 16 512 3329
32 8 32 1 3733
32 8 32 2 3561
32 8 32 4 3439
32 8 32 8 3377
32 8 32 16 3351
32 8 32 32 3332
32 8 32 64 3334
32 8 32 128 3324
32 8 32 256 3325
32 8 32 512 3324
32 8 64 1 3698
32 8 64 2 3530
32 8 64 4 3421
32 8 64 8 3366
32 8 64 16 3345
32 8 64 32 3329
32 8 64 64 3329
32 8 64 128 3323
32 8 64 256 3323
32 8 64 512 3323
32 8 128 1 3680
32 8 128 2 3507
32 8 128 4 3413
32 8 128 8 3363
32 8 128 16 3346
32 8 128 32 3329
32 8 128 64 3328
32 8 128 128 3321
32 8 128 256 3321
32 8 128 512 3321
32 8 256 1 3679
32 8 256 2 3508
32 8 256 4 3413
32 8 256 8 3363
32 8 256 16 3345
32 8 256 32 3329
32 8 256 64 3328
32 8 256 128 3321
32 8 256 256 3321
32 8 256 512 3321
32 8 512 1 3679
32 8 512 2 3508
32 8 512 4 3413
32 8 512 8 3363
32 8 512 16 3345
32 8 512 32 3330
32 8 512 64 3329
32 8 512 128 3321
32 8 512 256 3321
32 8 512 512 3321
32 16 1 1 3945
32 16 1 2 3785
32 16 1 4 3628
32 16 1 8 3555
32 16 1 16 3574
32 16 1 32 3556
32 16 1 64 3512
32 16 1 128 3458
32 16 1 256 3458
32 16 1 512 3458
32 16 2 1 3868
32 16 2 2 3683
32 16 2 4 3561
32 16 2 8 3511
32 16 2 16 3533
32 16 2 32 3493
32 16 2 64 3443
32 16 2 128 3396
32 16 2 256 3395
32 16 2 512 3395
32 16 4 1 3814
32 16 4 2 3614
32 16 4 4 3507
32 16 4 8 3462
32 16 4 16 3446
32 16 4 32 3399
32 16 4 64 3383
32 16 4 128 3356
32 16 4 256 3356
32 16 4 512 3357
32 16 8 1 3874
32 16 8 2 3698
32 16 8 4 3538
32 16 8 8 3446
32 16 8 16 3391
32 16 8 32 3361
32 16 8 64 3362
32 16 8 128 3340
32 16 8 256 3340
32 16 8 512 3340
32 16 16 1 3930
32 16 16 2 3643
32 16 16 4 3482
32 16 16 8 3401
32 16 16 16 3366
32 16 16 32 3344
32 16 16 64 3346
32 16 16 128 3331
32 16 16 256 3331
32 16 16 512 3331
32 16 32 1 3808
32 16 32 2 3582
32 16 32 4 3447
32 16 32 8 3381
32 16 32 16 3354
32 16 32 32 3334
32 16 32 64 3335
32 16 32 128 3326
32 16 32 256 3326
32 16 32 512 3326
32 16 64 1 3809
32 16 64 2 3574
32 16 64 4 3437
32 16 64 8 3376
32 16 64 16 3356
32 16 64 32 3331
32 16 64 64 3330
32 16 64 128 3323
32 16 64 256 3323
32 16 64 512 3324
32 16 128 1 3812
32 16 128 2 3575
32 16 128 4 3434
32 16 128 8 3377
32 16 128 16 3358
32 16 128 32 3330
32 16 128 64 3328
32 16 128 128 3320
32 16 128 256 3321
32 16 128 512 3321
32 16 256 1 3812
32 16 256 2 3575
32 16 256 4 3434
32 16 256 8 3377
32 16 256 16 3358
32 16 256 32 3330
32 16 256 64 3328
32 16 256 128 3321
32 16 256 256 3320
32 16 256 512 3320
32 16 512 1 3811
32 16 512 2 3575
32 16 512 4 3434
32 16 512 8 3377
32 16 512 16 3359
32 16 512 32 3330
32 16 512 64 3329
32 16 512 128 3321
32 16 512 256 3321
32 16 512 512 3321
32 32 1 1 3977
32 32 1 2 3827
32 32 1 4 3690
32 32 1 8 3639
32 32 1 16 3706
32 32 1 32 3641
32 32 1 64 3584
32 32 1 128 3492
32 32 1 256 3492
32 32 1 512 3492
32 32 2 1 3924
32 32 2 2 3750
32 32 2 4 3643
32 32 2 8 3601
32 32 2 16 3617
32 32 2 32 3528
32 32 2 64 3470
32 32 2 128 3407
32 32 2 256 3407
32 32 2 512 3407
32 32 4 1 4042
32 32 4 2 3897
32 32 4 4 3683
32 32 4 8 3545
32 32 4 16 3474
32 32 4 32 3411
32 32 4 64 3392
32 32 4 128 3361
32 32 4 256 3361
32 32 4 512 3361
32 32 8 1 4195
32 32 8 2 3833
32 32 8 4 3592
32 32 8 8 3469
32 32 8 16 3397
32 32 8 32 3365
32 32 8 64 3366
32 32 8 128 3344
32 32 8 256 3344
32 32 8 512 3344
32 32 16 1 4007
32 32 16 2 3662
32 32 16 4 3491
32 32 16 8 3407
32 32 16 16 3372
32 32 16 32 3348
32 32 16 64 3349
32 32 16 128 3336
32 32 16 256 3336
32 32 16 512 3335
32 32 32 1 3903
32 32 32 2 3649
32 32 32 4 3475
32 32 32 8 3398
32 32 32 16 3369
32 32 32 32 3340
32 32 32 64 3338
32 32 32 128 3331
32 32 32 256 3331
32 32 32 512 3331
32 32 64 1 4377
32 32 64 2 3797
32 32 64 4 3493
32 32 64 8 3402
32 32 64 16 3374
32 32 64 32 3337
32 32 64 64 3335
32 32 64 128 3326
32 32 64 256 3325
32 32 64 512 3324
32 32 128 1 4681
32 32 128 2 3921
32 32 128 4 3513
32 32 128 8 3403
32 32 128 16 3375
32 32 128 32 3331
32 32 128 64 3329
32 32 128 128 3321
32 32 128 256 3321
32 32 128 512 3321
32 32 256 1 4680
32 32 256 2 3921
32 32 256 4 3513
32 32 256 8 3403
32 32 256 16 3375
32 32 256 32 3331
32 32 256 64 3329
32 32 256 128 3321
32 32 256 256 3321
32 32 256 512 3321
32 32 512 1 4682
32 32 512 2 3920
32 32 512 4 3513
32 32 512 8 3403
32 32 512 16 3375
32 32 512 32 3331
32 32 512 64 3328
32 32 512 128 3321
32 32 512 256 3321
32 32 512 512 3321
32 64 1 1 5189
32 64 1 2 4938
32 64 1 4 4366
32 64 1 8 3988
32 64 1 16 3802
32 64 1 32 3665
32 64 1 64 3597
32 64 1 128 3495
32 64 1 256 3496
32 64 1 512 3496
32 64 2 1 5361
32 64 2 2 4604
32 64 2 4 4059
32 64 2 8 3772
32 64 2 16 3637
32 64 2 32 3536
32 64 2 64 3480
32 64 2 128 3413
32 64 2 256 3413
32 64 2 512 3413
32 64 4 1 4702
32 64 4 2 4067
32 64 4 4 3741
32 64 4 8 3565
32 64 4 16 3484
32 64 4 32 3421
32 64 4 64 3404
32 64 4 128 3374
32 64 4 256 3374
32 64 4 512 3374
32 64 8 1 4305
32 64 8 2 3870
32 64 8 4 3623
32 64 8 8 3493
32 64 8 16 3412
32 64 8 32 3377
32 64 8 64 3375
32 64 8 128 3358
32 64 8 256 3357
32 64 8 512 3357
32 64 16 1 4121
32 64 16 2 3812
32 64 16 4 3569
32 64 16 8 3453
32 64 16 16 3402
32 64 16 32 3362
32 64 16 64 3361
32 64 16 128 3348
32 64 16 256 3348
32 64 16 512 3348
32 64 32 1 4455
32 64 32 2 3959
32 64 32 4 3560
32 64 32 8 3437
32 64 32 16 3396
32 64 32 32 3349
32 64 32 64 3344
32 64 32 128 3331
32 64 32 256 3331
32 64 32 512 3331
32 64 64 1 5176
32 64 64 2 4118
32 64 64 4 3561
32 64 64 8 3424
32 64 64 16 3386
32 64 64 32 3338
32 64 64 64 3336
32 64 64 128 3323
32 64 64 256 3323
32 64 64 512 3323
32 64 128 1 5436
32 64 128 2 4180
32 64 128 4 3551
32 64 128 8 3409
32 64 128 16 3378
32 64 128 32 3331
32 64 128 64 3329
32 64 128 128 3320
32 64 128 256 3320
32 64 128 512 3321
32 64 256 1 5435
32 64 256 2 4184
32 64 256 4 3551
32 64 256 8 3409
32 64 256 16 3377
32 64 256 32 3331
32 64 256 64 3328
32 64 256 128 3321
32 64 256 256 3321
32 64 256 512 3320
32 64 512 1 5434
32 64 512 2 4186
32 64 512 4 3552
32 64 512 8 3409
32 64 512 16 3377
32 64 512 32 3331
32 64 512 64 3328
32 64 512 128 3321
32 64 512 256 3321
32 64 512 512 3322
32 128 1 1 7317
32 128 1 2 6014
32 128 1 4 4824
32 128 1 8 4180
32 128 1 16 3861
32 128 1 32 3689
32 128 1 64 3617
32 128 1 128 3506
32 128 1 256 3506
32 128 1 512 3506
32 128 2 1 6255
32 128 2 2 5005
32 128 2 4 4243
32 128 2 8 3852
32 128 2 16 3663
32 128 2 32 3551
32 128 2 64 3499
32 128 2 128 3428
32 128 2 256 3427
32 128 2 512 3427
32 128 4 1 4990
32 128 4 2 4212
32 128 4 4 3818
32 128 4 8 3602
32 128 4 16 3512
32 128 4 32 3441
32 128 4 64 3425
32 128 4 128 3393
32 128 4 256 3394
32 128 4 512 3394
32 128 8 1 4436
32 128 8 2 3956
32 128 8 4 3684
32 128 8 8 3545
32 128 8 16 3444
32 128 8 32 3395
32 128 8 64 3391
32 128 8 128 3380
32 128 8 256 3380
32 128 8 512 3380
32 128 16 1 4333
32 128 16 2 4072
32 128 16 4 3668
32 128 16 8 3500
32 128 16 16 3430
32 128 16 32 3382
32 128 16 64 3375
32 128 16 128 3353
32 128 16 256 3353
32 128 16 512 3353
32 128 32 1 5193
32 128 32 2 4321
32 128 32 4 3657
32 128 32 8 3478
32 128 32 16 3418
32 128 32 32 3354
32 128 32 64 3346
32 128 32 128 3331
32 128 32 256 3332
32 128 32 512 3331
32 128 64 1 5742
32 128 64 2 4373
32 128 64 4 3617
32 128 64 8 3443
32 128 64 16 3397
32 128 64 32 3340
32 128 64 64 3336
32 128 64 128 3323
32 128 64 256 3323
32 128 64 512 3323
32 128 128 1 6005
32 128 128 2 4397
32 128 128 4 3580
32 128 128 8 3414
32 128 128 16 3379
32 128 128 32 3331
32 128 128 64 3328
32 128 128 128 3321
32 128 128 256 3321
32 128 128 512 3320
32 128 256 1 6008
32 128 256 2 4405
32 128 256 4 3581
32 128 256 8 3413
32 128 256 16 3379
32 128 256 32 3331
32 128 256 64 3328
32 128 256 128 3321
32 128 256 256 3321
32 128 256 512 3321
32 128 512 1 5997
32 128 512 2 4392
32 128 512 4 3580
32 128 512 8 3415
32 128 512 16 3379
32 128 512 32 3331
32 128 512 64 3328
32 128 512 128 3320
32 128 512 256 3321
32 128 512 512 3320
32 256 1 1 7317
32 256 1 2 6015
32 256 1 4 4824
32 256 1 8 4180
32 256 1 16 3861
32 256 1 32 3689
32 256 1 64 3618
32 256 1 128 3506
32 256 1 256 3506
32 256 1 512 3506
32 256 2 1 6256
32 256 2 2 5006
32 256 2 4 4244
32 256 2 8 3852
32 256 2 16 3663
32 256 2 32 3551
32 256 2 64 3499
32 256 2 128 3428
32 256 2 256 3428
32 256 2 512 3427
32 256 4 1 4990
32 256 4 2 4212
32 256 4 4 3818
32 256 4 8 3605
32 256 4 16 3512
32 256 4 32 3442
32 256 4 64 3426
32 256 4 128 3393
32 256 4 256 3393
32 256 4 512 3393
32 256 8 1 4436
32 256 8 2 3955
32 256 8 4 3684
32 256 8 8 3545
32 256 8 16 3443
32 256 8 32 3395
32 256 8 64 3392
32 256 8 128 3380
32 256 8 256 3379
32 256 8 512 3380
32 256 16 1 4334
32 256 16 2 4064
32 256 16 4 3667
32 256 16 8 3500
32 256 16 16 3430
32 256 16 32 3382
32 256 16 64 3375
32 256 16 128 3353
32 256 16 256 3353
32 256 16 512 3353
32 256 32 1 5193
32 256 32 2 4319
32 256 32 4 3656
32 256 32 8 3478
32 256 32 16 3419
32 256 32 32 3354
32 256 32 64 3348
32 256 32 128 3331
32 256 32 256 3331
32 256 32 512 3331
32 256 64 1 5741
32 256 64 2 4372
32 256 64 4 3616
32 256 64 8 3443
32 256 64 16 3396
32 256 64 32 3340
32 256 64 64 3335
32 256 64 128 3323
32 256 64 256 3323
32 256 64 512 3323
32 256 128 1 6001
32 256 128 2 4402
32 256 128 4 3582
32 256 128 8 3414
32 256 128 16 3379
32 256 128 32 3331
32 256 128 64 3328
32 256 128 128 3321
32 256 128 256 3321
32 256 128 512 3321
32 256 256 1 6013
32 256 256 2 4395
32 256 256 4 3581
32 256 256 8 3414
32 256 256 16 3379
32 256 256 32 3331
32 256 256 64 3328
32 256 256 128 3320
32 256 256 256 3321
32 256 256 512 3321
32 256 512 1 6006
32 256 512 2 4389
32 256 512 4 3580
32 256 512 8 3414
32 256 512 16 3379
32 256 512 32 3330
32 256 512 64 3328
32 256 512 128 3320
32 256 512 256 3321
32 256 512 512 3320
32 512 1 1 7317
32 512 1 2 6016
32 512 1 4 4824
32 512 1 8 4180
32 512 1 16 3861
32 512 1 32 3689
32 512 1 64 3617
32 512 1 128 3506
32 512 1 256 3506
32 512 1 512 3506
32 512 2 1 6255
32 512 2 2 5006
32 512 2 4 4243
32 512 2 8 3852
32 512 2 16 3663
32 512 2 32 3552
32 512 2 64 3499
32 512 2 128 3428
32 512 2 256 3429
32 512 2 512 3427
32 512 4 1 4990
32 512 4 2 4212
32 512 4 4 3818
32 512 4 8 3603
32 512 4 16 3512
32 512 4 32 3441
32 512 4 64 3425
32 512 4 128 3393
32 512 4 256 3393
32 512 4 512 3393
32 512 8 1 4437
32 512 8 2 3956
32 512 8 4 3684
32 512 8 8 3545
32 512 8 16 3444
32 512 8 32 3395
32 512 8 64 3391
32 512 8 128 3380
32 512 8 256 3381
32 512 8 512 3380
32 512 16 1 4334
32 512 16 2 4067
32 512 16 4 3668
32 512 16 8 3501
32 512 16 16 3431
32 512 16 32 3382
32 512 16 64 3376
32 512 16 128 3354
32 512 16 256 3354
32 512 16 512 3354
32 512 32 1 5197
32 512 32 2 4318
32 512 32 4 3657
32 512 32 8 3478
32 512 32 16 3419
32 512 32 32 3354
32 512 32 64 3347
32 512 32 128 3332
32 512 32 256 3331
32 512 32 512 3331
32 512 64 1 5741
32 512 64 2 4377
32 512 64 4 3617
32 512 64 8 3443
32 512 64 16 3396
32 512 64 32 3340
32 512 64 64 3335
32 512 64 128 3323
32 512 64 256 3323
32 512 64 512 3323
32 512 128 1 6000
32 512 128 2 4388
32 512 128 4 3581
32 512 128 8 3414
32 512 128 16 3379
32 512 128 32 3330
32 512 128 64 3328
32 512 128 128 3321
32 512 128 256 3320
32 512 128 512 3320
32 512 256 1 5999
32 512 256 2 4393
32 512 256 4 3581
32 512 256 8 3415
32 512 256 16 3379
32 512 256 32 3330
32 512 256 64 3328
32 512 256 128 3320
32 512 256 256 3321
32 512 256 512 3320
32 512 512 1 6005
32 512 512 2 4394
32 512 512 4 3581
32 512 512 8 3414
32 512 512 16 3379
32 512 512 32 3331
32 512 512 64 3329
32 512 512 128 3321
32 512 512 256 3320
32 512 512 512 3321
64 1 1 1 4136
64 1 1 2 3906
64 1 1 4 3618
64 1 1 8 3482
64 1 1 16 3413
64 1 1 32 3377
64 1 1 64 3367
64 1 1 128 3357
64 1 1 256 3358
64 1 1 512 3358
64 1 2 1 3962
64 1 2 2 3674
64 1 2 4 3496
64 1 2 8 3431
64 1 2 16 3383
64 1 2 32 3361
64 1 2 64 3357
64 1 2 128 3336
64 1 2 256 3335
64 1 2 512 3335
64 1 4 1 3734
64 1 4 2 3542
64 1 4 4 3429
64 1 4 8 3378
64 1 4 16 3352
64 1 4 32 3335
64 1 4 64 3331
64 1 4 128 3321
64 1 4 256 3320
64 1 4 512 3320
64 1 8 1 3654
64 1 8 2 3514
64 1 8 4 3415
64 1 8 8 3369
64 1 8 16 3345
64 1 8 32 3330
64 1 8 64 3328
64 1 8 128 3319
64 1 8 256 3319
64 1 8 512 3320
64 1 16 1 3621
64 1 16 2 3494
64 1 16 4 3416
64 1 16 8 3372
64 1 16 16 3354
64 1 16 32 3338
64 1 16 64 3333
64 1 16 128 3323
64 1 16 256 3324
64 1 16 512 3323
64 1 32 1 3633
64 1 32 2 3471
64 1 32 4 3397
64 1 32 8 3356
64 1 32 16 3341
64 1 32 32 3329
64 1 32 64 3330
64 1 32 128 3324
64 1 32 256 3323
64 1 32 512 3323
64 1 64 1 3600
64 1 64 2 3485
64 1 64 4 3400
64 1 64 8 3355
64 1 64 16 3338
64 1 64 32 3325
64 1 64 64 3326
64 1 64 128 3322
64 1 64 256 3322
64 1 64 512 3322
64 1 128 1 3601
64 1 128 2 3490
64 1 128 4 3405
64 1 128 8 3359
64 1 128 16 3343
64 1 128 32 3328
64 1 128 64 3328
64 1 128 128 3321
64 1 128 256 3321
64 1 128 512 3321
64 1 256 1 3600
64 1 256 2 3491
64 1 256 4 3405
64 1 256 8 3359
64 1 256 16 3344
64 1 256 32 3328
64 1 256 64 3327
64 1 256 128 3322
64 1 256 256 3321
64 1 256 512 3321
64 1 512 1 3601
64 1 512 2 3490
64 1 512 4 3405
64 1 512 8 3360
64 1 512 16 3343
64 1 512 32 3328
64 1 512 64 3328
64 1 512 128 3321
64 1 512 256 3321
64 1 512 512 3321
64 2 1 1 4053
64 2 1 2 3794
64 2 1 4 3574
64 2 1 8 3460
64 2 1 16 3410
64 2 1 32 3380
64 2 1 64 3375
64 2 1 128 3363
64 2 1 256 3363
64 2 1 512 3363
64 2 2 1 3852
64 2 2 2 3629
64 2 2 4 3500
64 2 2 8 3424
64 2 2 16 3389
64 2 2 32 3373
64 2 2 64 3369
64 2 2 128 3341
64 2 2 256 3340
64 2 2 512 3340
64 2 4 1 3671
64 2 4 2 3513
64 2 4 4 3437
64 2 4 8 3372
64 2 4 16 3353
64 2 4 32 3336
64 2 4 64 3331
64 2 4 128 3321
64 2 4 256 3321
64 2 4 512 3320
64 2 8 1 3649
64 2 8 2 3511
64 2 8 4 3425
64 2 8 8 3376
64 2 8 16 3356
64 2 8 32 3338
64 2 8 64 3333
64 2 8 128 3323
64 2 8 256 3323
64 2 8 512 3323
64 2 16 1 3674
64 2 16 2 3492
64 2 16 4 3417
64 2 16 8 3369
64 2 16 16 3349
64 2 16 32 3336
64 2 16 64 3336
64 2 16 128 3325
64 2 16 256 3325
64 2 16 512 3325
64 2 32 1 3631
64 2 32 2 3495
64 2 32 4 3414
64 2 32 8 3364
64 2 32 16 3345
64 2 32 32 3330
64 2 32 64 3332
64 2 32 128 3324
64 2 32 256 3324
64 2 32 512 3324
64 2 64 1 3693
64 2 64 2 3506
64 2 64 4 3409
64 2 64 8 3360
64 2 64 16 3342
64 2 64 32 3327
64 2 64 64 3328
64 2 64 128 3323
64 2 64 256 3322
64 2 64 512 3323
64 2 128 1 3682
64 2 128 2 3504
64 2 128 4 3415
64 2 128 8 3364
64 2 128 16 3346
64 2 128 32 3330
64 2 128 64 3329
64 2 128 128 3321
64 2 128 256 3321
64 2 128 512 3321
64 2 256 1 3685
64 2 256 2 3505
64 2 256 4 3415
64 2 256 8 3364
64 2 256 16 3346
64 2 256 32 3330
64 2 256 64 3329
64 2 256 128 3321
64 2 256 256 3321
64 2 256 512 3321
64 2 512 1 3683
64 2 512 2 3505
64 2 512 4 3415
64 2 512 8 3364
64 2 512 16 3346
64 2 512 32 3329
64 2 512 64 3329
64 2 512 128 3321
64 2 512 256 3321
64 2 512 512 3321
64 4 1 1 3923
64 4 1 2 3740
64 4 1 4 3551
64 4 1 8 3454
64 4 1 16 3427
64 4 1 32 3400
64 4 1 64 3386
64 4 1 128 3367
64 4 1 256 3367
64 4 1 512 3367
64 4 2 1 3804
64 4 2 2 3646
64 4 2 4 3510
64 4 2 8 3450
64 4 2 16 3423
64 4 2 32 3398
64 4 2 64 3387
64 4 2 128 3350
64 4 2 256 3350
64 4 2 512 3351
64 4 4 1 3763
64 4 4 2 3585
64 4 4 4 3492
64 4 4 8 3429
64 4 4 16 3406
64 4 4 32 3377
64 4 4 64 3362
64 4 4 128 3351
64 4 4 256 3351
64 4 4 512 3350
64 4 8 1 3748
64 4 8 2 3557
64 4 8 4 3465
64 4 8 8 3411
64 4 8 16 3371
64 4 8 32 3356
64 4 8 64 3352
64 4 8 128 3335
64 4 8 256 3335
64 4 8 512 3336
64 4 16 1 3727
64 4 16 2 3563
64 4 16 4 3466
64 4 16 8 3394
64 4 16 16 3363
64 4 16 32 3343
64 4 16 64 3345
64 4 16 128 3329
64 4 16 256 3330
64 4 16 512 3330
64 4 32 1 3753
64 4 32 2 3570
64 4 32 4 3444
64 4 32 8 3379
64 4 32 16 3353
64 4 32 32 3332
64 4 32 64 3334
64 4 32 128 3325
64 4 32 256 3325
64 4 32 512 3325
64 4 64 1 3700
64 4 64 2 3538
64 4 64 4 3425
64 4 64 8 3368
64 4 64 16 3346
64 4 64 32 3329
64 4 64 64 3329
64 4 64 128 3323
64 4 64 256 3324
64 4 64 512 3323
64 4 128 1 3686
64 4 128 2 3512
64 4 128 4 3416
64 4 128 8 3364
64 4 128 16 3347
64 4 128 32 3330
64 4 128 64 3329
64 4 128 128 3321
64 4 128 256 3321
64 4 128 512 3321
64 4 256 1 3686
64 4 256 2 3511
64 4 256 4 3415
64 4 256 8 3364
64 4 256 16 3347
64 4 256 32 3329
64 4 256 64 3329
64 4 256 128 3321
64 4 256 256 3321
64 4 256 512 3321
64 4 512 1 3686
64 4 512 2 3510
64 4 512 4 3416
64 4 512 8 3364
64 4 512 16 3347
64 4 512 32 3330
64 4 512 64 3329
64 4 512 128 3321
64 4 512 256 3322
64 4 512 512 3321
64 8 1 1 3916
64 8 1 2 3737
64 8 1 4 3583
64 8 1 8 3507
64 8 1 16 3527
64 8 1 32 3516
64 8 1 64 3491
64 8 1 128 3469
64 8 1 256 3469
64 8 1 512 3469
64 8 2 1 3867
64 8 2 2 3674
64 8 2 4 3557
64 8 2 8 3499
64 8 2 16 3507
64 8 2 32 3489
64 8 2 64 3446
64 8 2 128 3401
64 8 2 256 3401
64 8 2 512 3401
64 8 4 1 3813
64 8 4 2 3605
64 8 4 4 3493
64 8 4 8 3443
64 8 4 16 3452
64 8 4 32 3406
64 8 4 64 3387
64 8 4 128 3358
64 8 4 256 3358
64 8 4 512 3358
64 8 8 1 3839
64 8 8 2 3677
64 8 8 4 3539
64 8 8 8 3451
64 8 8 16 3393
64 8 8 32 3363
64 8 8 64 3364
64 8 8 128 3340
64 8 8 256 3341
64 8 8 512 3340
64 8 16 1 3946
64 8 16 2 3651
64 8 16 4 3487
64 8 16 8 3404
64 8 16 16 3368
64 8 16 32 3344
64 8 16 64 3348
64 8 16 128 3332
64 8 16 256 3331
64 8 16 512 3331
64 8 32 1 3820
64 8 32 2 3586
64 8 32 4 3449
64 8 32 8 3382
64 8 32 16 3355
64 8 32 32 3335
64 8 32 64 3335
64 8 32 128 3326
64 8 32 256 3327
64 8 32 512 3326
64 8 64 1 3815
64 8 64 2 3581
64 8 64 4 3439
64 8 64 8 3378
64 8 64 16 3356
64 8 64 32 3331
64 8 64 64 3331
64 8 64 128 3325
64 8 64 256 3324
64 8 64 512 3324
64 8 128 1 3828
64 8 128 2 3583
64 8 128 4 3437
64 8 128 8 3378
64 8 128 16 3359
64 8 128 32 3330
64 8 128 64 3329
64 8 128 128 3321
64 8 128 256 3321
64 8 128 512 3321
64 8 256 1 3829
64 8 256 2 3584
64 8 256 4 3437
64 8 256 8 3378
64 8 256 16 3360
64 8 256 32 3331
64 8 256 64 3329
64 8 256 128 3321
64 8 256 256 3321
64 8 256 512 3321
64 8 512 1 3829
64 8 512 2 3584
64 8 512 4 3437
64 8 512 8 3378
64 8 512 16 3359
64 8 512 32 3330
64 8 512 64 3329
64 8 512 128 3321
64 8 512 256 3321
64 8 512 512 3321
64 16 1 1 3999
64 16 1 2 3883
64 16 1 4 3760
64 16 1 8 3702
64 16 1 16 3739
64 16 1 32 3649
64 16 1 64 3589
64 16 1 128 3494
64 16 1 256 3493
64 16 1 512 3493
64 16 2 1 4013
64 16 2 2 3893
64 16 2 4 3752
64 16 2 8 3657
64 16 2 16 3627
64 16 2 32 3530
64 16 2 64 3471
64 16 2 128 3408
64 16 2 256 3408
64 16 2 512 3408
64 16 4 1 4220
64 16 4 2 3982
64 16 4 4 3723
64 16 4 8 3558
64 16 4 16 3478
64 16 4 32 3413
64 16 4 64 3394
64 16 4 128 3363
64 16 4 256 3363
64 16 4 512 3363
64 16 8 1 4255
64 16 8 2 3850
64 16 8 4 3597
64 16 8 8 3471
64 16 8 16 3399
64 16 8 32 3368
64 16 8 64 3368
64 16 8 128 3346
64 16 8 256 3346
64 16 8 512 3346
64 16 16 1 4011
64 16 16 2 3667
64 16 16 4 3495
64 16 16 8 3411
64 16 16 16 3375
64 16 16 32 3350
64 16 16 64 3350
64 16 16 128 3338
64 16 16 256 3338
64 16 16 512 3338
64 16 32 1 3925
64 16 32 2 3669
64 16 32 4 3484
64 16 32 8 3405
64 16 32 16 3373
64 16 32 32 3341
64 16 32 64 3339
64 16 32 128 3331
64 16 32 256 3331
64 16 32 512 3331
64 16 64 1 4482
64 16 64 2 3840
64 16 64 4 3503
64 16 64 8 3406
64 16 64 16 3376
64 16 64 32 3336
64 16 64 64 3334
64 16 64 128 3324
64 16 64 256 3324
64 16 64 512 3324
64 16 128 1 4832
64 16 128 2 3979
64 16 128 4 3527
64 16 128 8 3407
64 16 128 16 3378
64 16 128 32 3332
64 16 128 64 3329
64 16 128 128 3321
64 16 128 256 3321
64 16 128 512 3321
64 16 256 1 4831
64 16 256 2 3979
64 16 256 4 3526
64 16 256 8 3407
64 16 256 16 3378
64 16 256 32 3331
64 16 256 64 3329
64 16 256 128 3321
64 16 256 256 3321
64 16 256 512 3321
64 16 512 1 4832
64 16 512 2 3981
64 16 512 4 3527
64 16 512 8 3407
64 16 512 16 3378
64 16 512 32 3331
64 16 512 64 3328
64 16 512 128 3321
64 16 512 256 3321
64 16 512 512 3320
64 32 1 1 5241
64 32 1 2 5041
64 32 1 4 4475
64 32 1 8 4067
64 32 1 16 3847
64 32 1 32 3686
64 32 1 64 3613
64 32 1 128 3502
64 32 1 256 3501
64 32 1 512 3501
64 32 2 1 5517
64 32 2 2 4736
64 32 2 4 4152
64 32 2 8 3824
64 32 2 16 3657
64 32 2 32 3543
64 32 2 64 3484
64 32 2 128 3415
64 32 2 256 3415
64 32 2 512 3415
64 32 4 1 4882
64 32 4 2 4178
64 32 4 4 3796
64 32 4 8 3587
64 32 4 16 3490
64 32 4 32 3423
64 32 4 64 3407
64 32 4 128 3375
64 32 4 256 3375
64 32 4 512 3375
64 32 8 1 4400
64 32 8 2 3897
64 32 8 4 3629
64 32 8 8 3498
64 32 8 16 3416
64 32 8 32 3378
64 32 8 64 3377
64 32 8 128 3360
64 32 8 256 3359
64 32 8 512 3359
64 32 16 1 4135
64 32 16 2 3819
64 32 16 4 3576
64 32 16 8 3459
64 32 16 16 3406
64 32 16 32 3365
64 32 16 64 3362
64 32 16 128 3351
64 32 16 256 3352
64 32 16 512 3351
64 32 32 1 4502
64 32 32 2 4001
64 32 32 4 3576
64 32 32 8 3446
64 32 32 16 3402
64 32 32 32 3351
64 32 32 64 3346
64 32 32 128 3332
64 32 32 256 3331
64 32 32 512 3331
64 32 64 1 5417
64 32 64 2 4224
64 32 64 4 3584
64 32 64 8 3432
64 32 64 16 3391
64 32 64 32 3340
64 32 64 64 3336
64 32 64 128 3324
64 32 64 256 3324
64 32 64 512 3323
64 32 128 1 5764
64 32 128 2 4330
64 32 128 4 3578
64 32 128 8 3415
64 32 128 16 3380
64 32 128 32 3331
64 32 128 64 3328
64 32 128 128 3321
64 32 128 256 3321
64 32 128 512 3321
64 32 256 1 5773
64 32 256 2 4339
64 32 256 4 3578
64 32 256 8 3414
64 32 256 16 3380
64 32 256 32 3331
64 32 256 64 3328
64 32 256 128 3320
64 32 256 256 3321
64 32 256 512 3321
64 32 512 1 5780
64 32 512 2 4329
64 32 512 4 3578
64 32 512 8 3414
64 32 512 16 3379
64 32 512 32 3331
64 32 512 64 3328
64 32 512 128 3321
64 32 512 256 3321
64 32 512 512 3321
64 64 1 1 7088
64 64 1 2 5668
64 64 1 4 4656
64 64 1 8 4113
64 64 1 16 3867
64 64 1 32 3709
64 64 1 64 3639
64 64 1 128 3536
64 64 1 256 3536
64 64 1 512 3536
64 64 2 1 5857
64 64 2 2 4850
64 64 2 4 4199
64 64 2 8 3849
64 64 2 16 3721
64 64 2 32 3600
64 64 2 64 3543
64 64 2 128 3468
64 64 2 256 3469
64 64 2 512 3470
64 64 4 1 4941
64 64 4 2 4278
64 64 4 4 3892
64 64 4 8 3673
64 64 4 16 3597
64 64 4 32 3488
64 64 4 64 3454
64 64 4 128 3422
64 64 4 256 3422
64 64 4 512 3422
64 64 8 1 4492
64 64 8 2 4065
64 64 8 4 3777
64 64 8 8 3612
64 64 8 16 3475
64 64 8 32 3416
64 64 8 64 3411
64 64 8 128 3385
64 64 8 256 3385
64 64 8 512 3385
64 64 16 1 4800
64 64 16 2 4320
64 64 16 4 3719
64 64 16 8 3516
64 64 16 16 3441
64 64 16 32 3384
64 64 16 64 3374
64 64 16 128 3352
64 64 16 256 3352
64 64 16 512 3352
64 64 32 1 5556
64 64 32 2 4377
64 64 32 4 3663
64 64 32 8 3477
64 64 32 16 3415
64 64 32 32 3353
64 64 32 64 3347
64 64 32 128 3332
64 64 32 256 3331
64 64 32 512 3331
64 64 64 1 5776
64 64 64 2 4413
64 64 64 4 3627
64 64 64 8 3447
64 64 64 16 3398
64 64 64 32 3341
64 64 64 64 3336
64 64 64 128 3324
64 64 64 256 3324
64 64 64 512 3324
64 64 128 1 5963
64 64 128 2 4388
64 64 128 4 3582
64 64 128 8 3415
64 64 128 16 3380
64 64 128 32 3331
64 64 128 64 3329
64 64 128 128 3321
64 64 128 256 3321
64 64 128 512 3321
64 64 256 1 5970
64 64 256 2 4395
64 64 256 4 3581
64 64 256 8 3415
64 64 256 16 3381
64 64 256 32 3331
64 64 256 64 3329
64 64 256 128 3321
64 64 256 256 3321
64 64 256 512 3321
64 64 512 1 5971
64 64 512 2 4392
64 64 512 4 3582
64 64 512 8 3415
64 64 512 16 3381
64 64 512 32 3332
64 64 512 64 3329
64 64 512 128 3321
64 64 512 256 3321
64 64 512 512 3321
64 128 1 1 8039
64 128 1 2 6189
64 128 1 4 4913
64 128 1 8 4229
64 128 1 16 3965
64 128 1 32 3798
64 128 1 64 3726
64 128 1 128 3632
64 128 1 256 3632
64 128 1 512 3632
64 128 2 1 6364
64 128 2 2 5130
64 128 2 4 4366
64 128 2 8 3962
64 128 2 16 3906
64 128 2 32 3730
64 128 2 64 3639
64 128 2 128 3548
64 128 2 256 3548
64 128 2 512 3548
64 128 4 1 5119
64 128 4 2 4431
64 128 4 4 4041
64 128 4 8 3826
64 128 4 16 3727
64 128 4 32 3561
64 128 4 64 3508
64 128 4 128 3473
64 128 4 256 3473
64 128 4 512 3473
64 128 8 1 4612
64 128 8 2 4354
64 128 8 4 3961
64 128 8 8 3721
64 128 8 16 3527
64 128 8 32 3456
64 128 8 64 3437
64 128 8 128 3394
64 128 8 256 3394
64 128 8 512 3394
64 128 16 1 5784
64 128 16 2 4837
64 128 16 4 3853
64 128 16 8 3570
64 128 16 16 3471
64 128 16 32 3391
64 128 16 64 3378
64 128 16 128 3353
64 128 16 256 3353
64 128 16 512 3353
64 128 32 1 6408
64 128 32 2 4693
64 128 32 4 3724
64 128 32 8 3493
64 128 32 16 3422
64 128 32 32 3353
64 128 32 64 3346
64 128 32 128 3331
64 128 32 256 3331
64 128 32 512 3331
64 128 64 1 6195
64 128 64 2 4591
64 128 64 4 3651
64 128 64 8 3451
64 128 64 16 3398
64 128 64 32 3339
64 128 64 64 3334
64 128 64 128 3322
64 128 64 256 3322
64 128 64 512 3322
64 128 128 1 6133
64 128 128 2 4412
64 128 128 4 3580
64 128 128 8 3413
64 128 128 16 3379
64 128 128 32 3330
64 128 128 64 3328
64 128 128 128 3321
64 128 128 256 3320
64 128 128 512 3320
64 128 256 1 6133
64 128 256 2 4421
64 128 256 4 3580
64 128 256 8 3414
64 128 256 16 3379
64 128 256 32 3331
64 128 256 64 3329
64 128 256 128 3321
64 128 256 256 3321
64 128 256 512 3320
64 128 512 1 6130
64 128 512 2 4407
64 128 512 4 3581
64 128 512 8 3413
64 128 512 16 3379
64 128 512 32 3330
64 128 512 64 3328
64 128 512 128 3320
64 128 512 256 3321
64 128 512 512 3320
64 256 1 1 8039
64 256 1 2 6189
64 256 1 4 4914
64 256 1 8 4229
64 256 1 16 3964
64 256 1 32 3798
64 256 1 64 3727
64 256 1 128 3631
64 256 1 256 3632
64 256 1 512 3632
64 256 2 1 6364
64 256 2 2 5130
64 256 2 4 4366
64 256 2 8 3959
64 256 2 16 3905
64 256 2 32 3734
64 256 2 64 3640
64 256 2 128 3548
64 256 2 256 3549
64 256 2 512 3547
64 256 4 1 5120
64 256 4 2 4431
64 256 4 4 4038
64 256 4 8 3823
64 256 4 16 3727
64 256 4 32 3560
64 256 4 64 3508
64 256 4 128 3472
64 256 4 256 3473
64 256 4 512 3473
64 256 8 1 4610
64 256 8 2 4358
64 256 8 4 3960
64 256 8 8 3720
64 256 8 16 3527
64 256 8 32 3456
64 256 8 64 3436
64 256 8 128 3393
64 256 8 256 3393
64 256 8 512 3393
64 256 16 1 5781
64 256 16 2 4843
64 256 16 4 3852
64 256 16 8 3570
64 256 16 16 3470
64 256 16 32 3390
64 256 16 64 3379
64 256 16 128 3353
64 256 16 256 3353
64 256 16 512 3353
64 256 32 1 6406
64 256 32 2 4695
64 256 32 4 3725
64 256 32 8 3492
64 256 32 16 3420
64 256 32 32 3353
64 256 32 64 3345
64 256 32 128 3331
64 256 32 256 3331
64 256 32 512 3331
64 256 64 1 6202
64 256 64 2 4588
64 256 64 4 3650
64 256 64 8 3451
64 256 64 16 3397
64 256 64 32 3339
64 256 64 64 3334
64 256 64 128 3323
64 256 64 256 3323
64 256 64 512 3323
64 256 128 1 6132
64 256 128 2 4413
64 256 128 4 3581
64 256 128 8 3414
64 256 128 16 3379
64 256 128 32 3331
64 256 128 64 3328
64 256 128 128 3320
64 256 128 256 3321
64 256 128 512 3321
64 256 256 1 6128
64 256 256 2 4420
64 256 256 4 3580
64 256 256 8 3414
64 256 256 16 3379
64 256 256 32 3331
64 256 256 64 3328
64 256 256 128 3320
64 256 256 256 3320
64 256 256 512 3320
64 256 512 1 6138
64 256 512 2 4431
64 256 512 4 3581
64 256 512 8 3413
64 256 512 16 3379
64 256 512 32 3331
64 256 512 64 3328
64 256 512 128 3320
64 256 512 256 3320
64 256 512 512 3320
64 512 1 1 8039
64 512 1 2 6189
64 512 1 4 4914
64 512 1 8 4229
64 512 1 16 3965
64 512 1 32 3798
64 512 1 64 3726
64 512 1 128 3631
64 512 1 256 3639
64 512 1 512 3633
64 512 2 1 6364
64 512 2 2 5130
64 512 2 4 4366
64 512 2 8 3959
64 512 2 16 3906
64 512 2 32 3730
64 512 2 64 3639
64 512 2 128 3547
64 512 2 256 3548
64 512 2 512 3547
64 512 4 1 5120
64 512 4 2 4430
64 512 4 4 4038
64 512 4 8 3823
64 512 4 16 3727
64 512 4 32 3560
64 512 4 64 3507
64 512 4 128 3472
64 512 4 256 3472
64 512 4 512 3472
64 512 8 1 4610
64 512 8 2 4358
64 512 8 4 3960
64 512 8 8 3720
64 512 8 16 3527
64 512 8 32 3456
64 512 8 64 3436
64 512 8 128 3393
64 512 8 256 3394
64 512 8 512 3395
64 512 16 1 5782
64 512 16 2 4841
64 512 16 4 3852
64 512 16 8 3570
64 512 16 16 3469
64 512 16 32 3390
64 512 16 64 3377
64 512 16 128 3353
64 512 16 256 3353
64 512 16 512 3352
64 512 32 1 6401
64 512 32 2 4699
64 512 32 4 3724
64 512 32 8 3492
64 512 32 16 3420
64 512 32 32 3353
64 512 32 64 3346
64 512 32 128 3331
64 512 32 256 3331
64 512 32 512 3331
64 512 64 1 6198
64 512 64 2 4583
64 512 64 4 3651
64 512 64 8 3451
64 512 64 16 3397
64 512 64 32 3339
64 512 64 64 3334
64 512 64 128 3322
64 512 64 256 3323
64 512 64 512 3322
64 512 128 1 6127
64 512 128 2 4422
64 512 128 4 3581
64 512 128 8 3413
64 512 128 16 3379
64 512 128 32 3331
64 512 128 64 3328
64 512 128 128 3321
64 512 128 256 3321
64 512 128 512 3321
64 512 256 1 6131
64 512 256 2 4423
64 512 256 4 3580
64 512 256 8 3414
64 512 256 16 3379
64 512 256 32 3331
64 512 256 64 3328
64 512 256 128 3321
64 512 256 256 3321
64 512 256 512 3321
64 512 512 1 6137
64 512 512 2 4409
64 512 512 4 3581
64 512 512 8 3414
64 512 512 16 3379
64 512 512 32 3331
64 512 512 64 3328
64 512 512 128 3320
64 512 512 256 3321
64 512 512 512 3320
128 1 1 1 4159
128 1 1 2 3922
128 1 1 4 3643
128 1 1 8 3495
128 1 1 16 3425
128 1 1 32 3387
128 1 1 64 3377
128 1 1 128 3359
128 1 1 256 3359
128 1 1 512 3359
128 1 2 1 3979
128 1 2 2 3694
128 1 2 4 3529
128 1 2 8 3439
128 1 2 16 3394
128 1 2 32 3370
128 1 2 64 3368
128 1 2 128 3336
128 1 2 256 3335
128 1 2 512 3336
128 1 4 1 3739
128 1 4 2 3551
128 1 4 4 3455
128 1 4 8 3381
128 1 4 16 3356
128 1 4 32 3338
128 1 4 64 3332
128 1 4 128 3321
128 1 4 256 3321
128 1 4 512 3321
128 1 8 1 3687
128 1 8 2 3537
128 1 8 4 3438
128 1 8 8 3381
128 1 8 16 3359
128 1 8 32 3340
128 1 8 64 3334
128 1 8 128 3325
128 1 8 256 3324
128 1 8 512 3324
128 1 16 1 3691
128 1 16 2 3503
128 1 16 4 3419
128 1 16 8 3369
128 1 16 16 3349
128 1 16 32 3338
128 1 16 64 3338
128 1 16 128 3326
128 1 16 256 3326
128 1 16 512 3326
128 1 32 1 3654
128 1 32 2 3510
128 1 32 4 3421
128 1 32 8 3367
128 1 32 16 3346
128 1 32 32 3331
128 1 32 64 3334
128 1 32 128 3325
128 1 32 256 3325
128 1 32 512 3324
128 1 64 1 3693
128 1 64 2 3512
128 1 64 4 3412
128 1 64 8 3361
128 1 64 16 3343
128 1 64 32 3327
128 1 64 64 3329
128 1 64 128 3323
128 1 64 256 3323
128 1 64 512 3323
128 1 128 1 3695
128 1 128 2 3512
128 1 128 4 3417
128 1 128 8 3365
128 1 128 16 3347
128 1 128 32 3329
128 1 128 64 3328
128 1 128 128 3321
128 1 128 256 3320
128 1 128 512 3320
128 1 256 1 3695
128 1 256 2 3512
128 1 256 4 3416
128 1 256 8 3365
128 1 256 16 3347
128 1 256 32 3329
128 1 256 64 3328
128 1 256 128 3321
128 1 256 256 3320
128 1 256 512 3320
128 1 512 1 3700
128 1 512 2 3512
128 1 512 4 3416
128 1 512 8 3365
128 1 512 16 3347
128 1 512 32 3330
128 1 512 64 3329
128 1 512 128 3321
128 1 512 256 3321
128 1 512 512 3320
128 2 1 1 4065
128 2 1 2 3811
128 2 1 4 3582
128 2 1 8 3467
128 2 1 16 3421
128 2 1 32 3394
128 2 1 64 3388
128 2 1 128 3372
128 2 1 256 3371
128 2 1 512 3371
128 2 2 1 3874
128 2 2 2 3674
128 2 2 4 3519
128 2 2 8 3442
128 2 2 16 3414
128 2 2 32 3397
128 2 2 64 3385
128 2 2 128 3348
128 2 2 256 3348
128 2 2 512 3347
128 2 4 1 3784
128 2 4 2 3591
128 2 4 4 3480
128 2 4 8 3415
128 2 4 16 3395
128 2 4 32 3370
128 2 4 64 3359
128 2 4 128 3346
128 2 4 256 3346
128 2 4 512 3346
128 2 8 1 3771
128 2 8 2 3562
128 2 8 4 3466
128 2 8 8 3414
128 2 8 16 3374
128 2 8 32 3359
128 2 8 64 3355
128 2 8 128 3337
128 2 8 256 3338
128 2 8 512 3338
128 2 16 1 3722
128 2 16 2 3558
128 2 16 4 3476
128 2 16 8 3403
128 2 16 16 3368
128 2 16 32 3344
128 2 16 64 3344
128 2 16 128 3330
128 2 16 256 3330
128 2 16 512 3331
128 2 32 1 3768
128 2 32 2 3579
128 2 32 4 3452
128 2 32 8 3384
128 2 32 16 3355
128 2 32 32 3334
128 2 32 64 3335
128 2 32 128 3326
128 2 32 256 3326
128 2 32 512 3326
128 2 64 1 3710
128 2 64 2 3541
128 2 64 4 3431
128 2 64 8 3371
128 2 64 16 3349
128 2 64 32 3330
128 2 64 64 3331
128 2 64 128 3324
128 2 64 256 3324
128 2 64 512 3324
128 2 128 1 3697
128 2 128 2 3518
128 2 128 4 3419
128 2 128 8 3366
128 2 128 16 3349
128 2 128 32 3331
128 2 128 64 3330
128 2 128 128 3323
128 2 128 256 3321
128 2 128 512 3321
128 2 256 1 3697
128 2 256 2 3518
128 2 256 4 3419
128 2 256 8 3366
128 2 256 16 3349
128 2 256 32 3331
128 2 256 64 3330
128 2 256 128 3321
128 2 256 256 3321
128 2 256 512 3321
128 2 512 1 3696
128 2 512 2 3517
128 2 512 4 3418
128 2 512 8 3366
128 2 512 16 3348
128 2 512 32 3330
128 2 512 64 3329
128 2 512 128 3321
128 2 512 256 3320
128 2 512 512 3320
128 4 1 1 3996
128 4 1 2 3780
128 4 1 4 3597
128 4 1 8 3504
128 4 1 16 3520
128 4 1 32 3507
128 4 1 64 3490
128 4 1 128 3468
128 4 1 256 3468
128 4 1 512 3468
128 4 2 1 3906
128 4 2 2 3687
128 4 2 4 3552
128 4 2 8 3501
128 4 2 16 3506
128 4 2 32 3489
128 4 2 64 3452
128 4 2 128 3412
128 4 2 256 3412
128 4 2 512 3412
128 4 4 1 3830
128 4 4 2 3606
128 4 4 4 3501
128 4 4 8 3445
128 4 4 16 3461
128 4 4 32 3415
128 4 4 64 3394
128 4 4 128 3362
128 4 4 256 3361
128 4 4 512 3361
128 4 8 1 3836
128 4 8 2 3685
128 4 8 4 3546
128 4 8 8 3460
128 4 8 16 3400
128 4 8 32 3366
128 4 8 64 3365
128 4 8 128 3342
128 4 8 256 3341
128 4 8 512 3341
128 4 16 1 3989
128 4 16 2 3671
128 4 16 4 3497
128 4 16 8 3409
128 4 16 16 3371
128 4 16 32 3346
128 4 16 64 3349
128 4 16 128 3332
128 4 16 256 3332
128 4 16 512 3332
128 4 32 1 3842
128 4 32 2 3593
128 4 32 4 3453
128 4 32 8 3385
128 4 32 16 3357
128 4 32 32 3336
128 4 32 64 3336
128 4 32 128 3327
128 4 32 256 3327
128 4 32 512 3326
128 4 64 1 3832
128 4 64 2 3587
128 4 64 4 3444
128 4 64 8 3380
128 4 64 16 3357
128 4 64 32 3332
128 4 64 64 3331
128 4 64 128 3324
128 4 64 256 3324
128 4 64 512 3324
128 4 128 1 3850
128 4 128 2 3596
128 4 128 4 3441
128 4 128 8 3381
128 4 128 16 3361
128 4 128 32 3331
128 4 128 64 3329
128 4 128 128 3321
128 4 128 256 3321
128 4 128 512 3321
128 4 256 1 3851
128 4 256 2 3595
128 4 256 4 3441
128 4 256 8 3381
128 4 256 16 3361
128 4 256 32 3331
128 4 256 64 3329
128 4 256 128 3321
128 4 256 256 3321
128 4 256 512 3321
128 4 512 1 3851
128 4 512 2 3594
128 4 512 4 3440
128 4 512 8 3381
128 4 512 16 3361
128 4 512 32 3331
128 4 512 64 3329
128 4 512 128 3321
128 4 512 256 3321
128 4 512 512 3321
128 8 1 1 4022
128 8 1 2 3883
128 8 1 4 3759
128 8 1 8 3703
128 8 1 16 3748
128 8 1 32 3661
128 8 1 64 3600
128 8 1 128 3506
128 8 1 256 3506
128 8 1 512 3506
128 8 2 1 4010
128 8 2 2 3867
128 8 2 4 3745
128 8 2 8 3652
128 8 2 16 3635
128 8 2 32 3539
128 8 2 64 3478
128 8 2 128 3412
128 8 2 256 3412
128 8 2 512 3412
128 8 4 1 4179
128 8 4 2 3966
128 8 4 4 3720
128 8 4 8 3562
128 8 4 16 3485
128 8 4 32 3417
128 8 4 64 3398
128 8 4 128 3364
128 8 4 256 3364
128 8 4 512 3364
128 8 8 1 4263
128 8 8 2 3866
128 8 8 4 3607
128 8 8 8 3478
128 8 8 16 3402
128 8 8 32 3368
128 8 8 64 3369
128 8 8 128 3346
128 8 8 256 3346
128 8 8 512 3346
128 8 16 1 4036
128 8 16 2 3677
128 8 16 4 3500
128 8 16 8 3413
128 8 16 16 3377
128 8 16 32 3351
128 8 16 64 3351
128 8 16 128 3338
128 8 16 256 3337
128 8 16 512 3339
128 8 32 1 3930
128 8 32 2 3674
128 8 32 4 3486
128 8 32 8 3405
128 8 32 16 3373
128 8 32 32 3341
128 8 32 64 3339
128 8 32 128 3332
128 8 32 256 3332
128 8 32 512 3332
128 8 64 1 4488
128 8 64 2 3842
128 8 64 4 3504
128 8 64 8 3407
128 8 64 16 3377
128 8 64 32 3337
128 8 64 64 3335
128 8 64 128 3324
128 8 64 256 3324
128 8 64 512 3324
128 8 128 1 4841
128 8 128 2 3979
128 8 128 4 3527
128 8 128 8 3408
128 8 128 16 3379
128 8 128 32 3331
128 8 128 64 3329
128 8 128 128 3321
128 8 128 256 3321
128 8 128 512 3321
128 8 256 1 4842
128 8 256 2 3984
128 8 256 4 3529
128 8 256 8 3409
128 8 256 16 3379
128 8 256 32 3332
128 8 256 64 3329
128 8 256 128 3321
128 8 256 256 3321
128 8 256 512 3321
128 8 512 1 4842
128 8 512 2 3982
128 8 512 4 3527
128 8 512 8 3408
128 8 512 16 3379
128 8 512 32 3331
128 8 512 64 3329
128 8 512 128 3320
128 8 512 256 3321
128 8 512 512 3321
128 16 1 1 5836
128 16 1 2 5372
128 16 1 4 4643
128 16 1 8 4125
128 16 1 16 3855
128 16 1 32 3688
128 16 1 64 3614
128 16 1 128 3505
128 16 1 256 3505
128 16 1 512 3505
128 16 2 1 5802
128 16 2 2 4851
128 16 2 4 4194
128 16 2 8 3840
128 16 2 16 3659
128 16 2 32 3546
128 16 2 64 3487
128 16 2 128 3422
128 16 2 256 3422
128 16 2 512 3422
128 16 4 1 4961
128 16 4 2 4191
128 16 4 4 3801
128 16 4 8 3590
128 16 4 16 3497
128 16 4 32 3428
128 16 4 64 3414
128 16 4 128 3382
128 16 4 256 3382
128 16 4 512 3381
128 16 8 1 4404
128 16 8 2 3911
128 16 8 4 3643
128 16 8 8 3508
128 16 8 16 3424
128 16 8 32 3384
128 16 8 64 3382
128 16 8 128 3364
128 16 8 256 3364
128 16 8 512 3364
128 16 16 1 4172
128 16 16 2 3877
128 16 16 4 3603
128 16 16 8 3474
128 16 16 16 3416
128 16 16 32 3369
128 16 16 64 3365
128 16 16 128 3354
128 16 16 256 3353
128 16 16 512 3353
128 16 32 1 4629
128 16 32 2 4064
128 16 32 4 3592
128 16 32 8 3454
128 16 32 16 3407
128 16 32 32 3353
128 16 32 64 3347
128 16 32 128 3331
128 16 32 256 3331
128 16 32 512 3331
128 16 64 1 5482
128 16 64 2 4253
128 16 64 4 3589
128 16 64 8 3434
128 16 64 16 3391
128 16 64 32 3339
128 16 64 64 3336
128 16 64 128 3323
128 16 64 256 3323
128 16 64 512 3323
128 16 128 1 5808
128 16 128 2 4316
128 16 128 4 3575
128 16 128 8 3414
128 16 128 16 3379
128 16 128 32 3331
128 16 128 64 3328
128 16 128 128 3320
128 16 128 256 3321
128 16 128 512 3321
128 16 256 1 5805
128 16 256 2 4322
128 16 256 4 3574
128 16 256 8 3414
128 16 256 16 3379
128 16 256 32 3331
128 16 256 64 3329
128 16 256 128 3321
128 16 256 256 3321
128 16 256 512 3321
128 16 512 1 5813
128 16 512 2 4325
128 16 512 4 3575
128 16 512 8 3414
128 16 512 16 3380
128 16 512 32 3331
128 16 512 64 3328
128 16 512 128 3321
128 16 512 256 3321
128 16 512 512 3321
128 32 1 1 7871
128 32 1 2 6142
128 32 1 4 4874
128 32 1 8 4201
128 32 1 16 3888
128 32 1 32 3717
128 32 1 64 3646
128 32 1 128 3543
128 32 1 256 3544
128 32 1 512 3544
128 32 2 1 6326
128 32 2 2 5061
128 32 2 4 4287
128 32 2 8 3883
128 32 2 16 3732
128 32 2 32 3607
128 32 2 64 3550
128 32 2 128 3478
128 32 2 256 3478
128 32 2 512 3478
128 32 4 1 5061
128 32 4 2 4308
128 32 4 4 3907
128 32 4 8 3686
128 32 4 16 3608
128 32 4 32 3495
128 32 4 64 3463
128 32 4 128 3431
128 32 4 256 3431
128 32 4 512 3431
128 32 8 1 4511
128 32 8 2 4097
128 32 8 4 3797
128 32 8 8 3630
128 32 8 16 3488
128 32 8 32 3422
128 32 8 64 3416
128 32 8 128 3392
128 32 8 256 3392
128 32 8 512 3392
128 32 16 1 4882
128 32 16 2 4421
128 32 16 4 3760
128 32 16 8 3536
128 32 16 16 3452
128 32 16 32 3389
128 32 16 64 3378
128 32 16 128 3353
128 32 16 256 3354
128 32 16 512 3354
128 32 32 1 5796
128 32 32 2 4518
128 32 32 4 3695
128 32 32 8 3490
128 32 32 16 3421
128 32 32 32 3354
128 32 32 64 3346
128 32 32 128 3331
128 32 32 256 3331
128 32 32 512 3331
128 32 64 1 5976
128 32 64 2 4487
128 32 64 4 3642
128 32 64 8 3451
128 32 64 16 3398
128 32 64 32 3339
128 32 64 64 3335
128 32 64 128 3323
128 32 64 256 3323
128 32 64 512 3323
128 32 128 1 6126
128 32 128 2 4409
128 32 128 4 3581
128 32 128 8 3416
128 32 128 16 3380
128 32 128 32 3331
128 32 128 64 3329
128 32 128 128 3321
128 32 128 256 3321
128 32 128 512 3321
128 32 256 1 6104
128 32 256 2 4400
128 32 256 4 3581
128 32 256 8 3414
128 32 256 16 3380
128 32 256 32 3331
128 32 256 64 3329
128 32 256 128 3321
128 32 256 256 3321
128 32 256 512 3321
128 32 512 1 6130
128 32 512 2 4409
128 32 512 4 3581
128 32 512 8 3414
128 32 512 16 3380
128 32 512 32 3331
128 32 512 64 3328
128 32 512 128 3321
128 32 512 256 3321
128 32 512 512 3321
128 64 1 1 7926
128 64 1 2 6344
128 64 1 4 5209
128 64 1 8 4536
128 64 1 16 4389
128 64 1 32 4098
128 64 1 64 3923
128 64 1 128 3791
128 64 1 256 3791
128 64 1 512 3791
128 64 2 1 6461
128 64 2 2 5307
128 64 2 4 4577
128 64 2 8 4191
128 64 2 16 4101
128 64 2 32 3848
128 64 2 64 3699
128 64 2 128 3603
128 64 2 256 3604
128 64 2 512 3603
128 64 4 1 5215
128 64 4 2 4623
128 64 4 4 4184
128 64 4 8 3936
128 64 4 16 3751
128 64 4 32 3596
128 64 4 64 3541
128 64 4 128 3461
128 64 4 256 3461
128 64 4 512 3461
128 64 8 1 5043
128 64 8 2 4726
128 64 8 4 4078
128 64 8 8 3749
128 64 8 16 3534
128 64 8 32 3449
128 64 8 64 3428
128 64 8 128 3391
128 64 8 256 3392
128 64 8 512 3392
128 64 16 1 6226
128 64 16 2 4967
128 64 16 4 3852
128 64 16 8 3567
128 64 16 16 3466
128 64 16 32 3390
128 64 16 64 3378
128 64 16 128 3353
128 64 16 256 3353
128 64 16 512 3353
128 64 32 1 6398
128 64 32 2 4706
128 64 32 4 3716
128 64 32 8 3490
128 64 32 16 3420
128 64 32 32 3353
128 64 32 64 3346
128 64 32 128 3331
128 64 32 256 3331
128 64 32 512 3331
128 64 64 1 6273
128 64 64 2 4583
128 64 64 4 3645
128 64 64 8 3452
128 64 64 16 3397
128 64 64 32 3339
128 64 64 64 3335
128 64 64 128 3322
128 64 64 256 3322
128 64 64 512 3322
128 64 128 1 6134
128 64 128 2 4416
128 64 128 4 3581
128 64 128 8 3414
128 64 128 16 3379
128 64 128 32 3330
128 64 128 64 3328
128 64 128 128 3320
128 64 128 256 3320
128 64 128 512 3320
128 64 256 1 6128
128 64 256 2 4417
128 64 256 4 3581
128 64 256 8 3414
128 64 256 16 3379
128 64 256 32 3331
128 64 256 64 3328
128 64 256 128 3320
128 64 256 256 3320
128 64 256 512 3320
128 64 512 1 6124
128 64 512 2 4419
128 64 512 4 3581
128 64 512 8 3414
128 64 512 16 3379
128 64 512 32 3331
128 64 512 64 3329
128 64 512 128 3320
128 64 512 256 3320
128 64 512 512 3321
128 128 1 1 8252
128 128 1 2 6745
128 128 1 4 5719
128 128 1 8 5082
128 128 1 16 4967
128 128 1 32 4465
128 128 1 64 4181
128 128 1 128 4038
128 128 1 256 4040
128 128 1 512 4041
128 128 2 1 6647
128 128 2 2 5587
128 128 2 4 4888
128 128 2 8 4545
128 128 2 16 4345
128 128 2 32 4024
128 128 2 64 3840
128 128 2 128 3658
128 128 2 256 3661
128 128 2 512 3660
128 128 4 1 5637
128 128 4 2 5229
128 128 4 4 4537
128 128 4 8 4144
128 128 4 16 3866
128 128 4 32 3664
128 128 4 64 3584
128 128 4 128 3474
128 128 4 256 3475
128 128 4 512 3475
128 128 8 1 6096
128 128 8 2 5454
128 128 8 4 4342
128 128 8 8 3872
128 128 8 16 3570
128 128 8 32 3456
128 128 8 64 3434
128 128 8 128 3392
128 128 8 256 3393
128 128 8 512 3393
128 128 16 1 7174
128 128 16 2 5379
128 128 16 4 3907
128 128 16 8 3578
128 128 16 16 3468
128 128 16 32 3389
128 128 16 64 3376
128 128 16 128 3352
128 128 16 256 3352
128 128 16 512 3352
128 128 32 1 6800
128 128 32 2 4776
128 128 32 4 3722
128 128 32 8 3491
128 128 32 16 3419
128 128 32 32 3352
128 128 32 64 3345
128 128 32 128 3331
128 128 32 256 3331
128 128 32 512 3331
128 128 64 1 6470
128 128 64 2 4598
128 128 64 4 3645
128 128 64 8 3448
128 128 64 16 3396
128 128 64 32 3338
128 128 64 64 3334
128 128 64 128 3322
128 128 64 256 3322
128 128 64 512 3322
128 128 128 1 6157
128 128 128 2 4414
128 128 128 4 3580
128 128 128 8 3413
128 128 128 16 3379
128 128 128 32 3331
128 128 128 64 3328
128 128 128 128 3320
128 128 128 256 3320
128 128 128 512 3320
128 128 256 1 6158
128 128 256 2 4420
128 128 256 4 3583
128 128 256 8 3414
128 128 256 16 3379
128 128 256 32 3331
128 128 256 64 3328
128 128 256 128 3321
128 128 256 256 3321
128 128 256 512 3321
128 128 512 1 6161
128 128 512 2 4419
128 128 512 4 3581
128 128 512 8 3413
128 128 512 16 3379
128 128 512 32 3330
128 128 512 64 3328
128 128 512 128 3321
128 128 512 256 3320
128 128 512 512 3320
128 256 1 1 8253
128 256 1 2 6746
128 256 1 4 5717
128 256 1 8 5082
128 256 1 16 4967
128 256 1 32 4467
128 256 1 64 4181
128 256 1 128 4035
128 256 1 256 4041
128 256 1 512 4041
128 256 2 1 6647
128 256 2 2 5587
128 256 2 4 4888
128 256 2 8 4544
128 256 2 16 4345
128 256 2 32 4024
128 256 2 64 3841
128 256 2 128 3658
128 256 2 256 3661
128 256 2 512 3661
128 256 4 1 5636
128 256 4 2 5212
128 256 4 4 4537
128 256 4 8 4144
128 256 4 16 3865
128 256 4 32 3665
128 256 4 64 3584
128 256 4 128 3474
128 256 4 256 3475
128 256 4 512 3475
128 256 8 1 6095
128 256 8 2 5437
128 256 8 4 4342
128 256 8 8 3873
128 256 8 16 3568
128 256 8 32 3456
128 256 8 64 3434
128 256 8 128 3392
128 256 8 256 3393
128 256 8 512 3393
128 256 16 1 7186
128 256 16 2 5365
128 256 16 4 3906
128 256 16 8 3578
128 256 16 16 3467
128 256 16 32 3389
128 256 16 64 3376
128 256 16 128 3352
128 256 16 256 3352
128 256 16 512 3352
128 256 32 1 6808
128 256 32 2 4765
128 256 32 4 3721
128 256 32 8 3491
128 256 32 16 3419
128 256 32 32 3352
128 256 32 64 3345
128 256 32 128 3331
128 256 32 256 3331
128 256 32 512 3331
128 256 64 1 6470
128 256 64 2 4587
128 256 64 4 3646
128 256 64 8 3448
128 256 64 16 3395
128 256 64 32 3339
128 256 64 64 3334
128 256 64 128 3322
128 256 64 256 3322
128 256 64 512 3323
128 256 128 1 6159
128 256 128 2 4426
128 256 128 4 3581
128 256 128 8 3414
128 256 128 16 3378
128 256 128 32 3330
128 256 128 64 3328
128 256 128 128 3320
128 256 128 256 3320
128 256 128 512 3320
128 256 256 1 6156
128 256 256 2 4416
128 256 256 4 3580
128 256 256 8 3413
128 256 256 16 3379
128 256 256 32 3330
128 256 256 64 3328
128 256 256 128 3320
128 256 256 256 3320
128 256 256 512 3320
128 256 512 1 6159
128 256 512 2 4423
128 256 512 4 3580
128 256 512 8 3413
128 256 512 16 3379
128 256 512 32 3330
128 256 512 64 3328
128 256 512 128 3320
128 256 512 256 3320
128 256 512 512 3320
128 512 1 1 8253
128 512 1 2 6749
128 512 1 4 5717
128 512 1 8 5084
128 512 1 16 4967
128 512 1 32 4465
128 512 1 64 4183
128 512 1 128 4036
128 512 1 256 4042
128 512 1 512 4042
128 512 2 1 6647
128 512 2 2 5587
128 512 2 4 4888
128 512 2 8 4542
128 512 2 16 4344
128 512 2 32 4025
128 512 2 64 3840
128 512 2 128 3658
128 512 2 256 3661
128 512 2 512 3661
128 512 4 1 5636
128 512 4 2 5213
128 512 4 4 4537
128 512 4 8 4144
128 512 4 16 3865
128 512 4 32 3665
128 512 4 64 3583
128 512 4 128 3474
128 512 4 256 3477
128 512 4 512 3475
128 512 8 1 6097
128 512 8 2 5435
128 512 8 4 4341
128 512 8 8 3872
128 512 8 16 3570
128 512 8 32 3456
128 512 8 64 3434
128 512 8 128 3392
128 512 8 256 3393
128 512 8 512 3393
128 512 16 1 7175
128 512 16 2 5362
128 512 16 4 3906
128 512 16 8 3578
128 512 16 16 3468
128 512 16 32 3389
128 512 16 64 3376
128 512 16 128 3352
128 512 16 256 3352
128 512 16 512 3352
128 512 32 1 6808
128 512 32 2 4761
128 512 32 4 3721
128 512 32 8 3490
128 512 32 16 3419
128 512 32 32 3352
128 512 32 64 3345
128 512 32 128 3331
128 512 32 256 3331
128 512 32 512 3331
128 512 64 1 6473
128 512 64 2 4597
128 512 64 4 3646
128 512 64 8 3448
128 512 64 16 3395
128 512 64 32 3338
128 512 64 64 3334
128 512 64 128 3322
128 512 64 256 3323
128 512 64 512 3322
128 512 128 1 6155
128 512 128 2 4415
128 512 128 4 3581
128 512 128 8 3412
128 512 128 16 3379
128 512 128 32 3330
128 512 128 64 3328
128 512 128 128 3321
128 512 128 256 3320
128 512 128 512 3320
128 512 256 1 6159
128 512 256 2 4418
128 512 256 4 3580
128 512 256 8 3413
128 512 256 16 3378
128 512 256 32 3330
128 512 256 64 3328
128 512 256 128 3320
128 512 256 256 3321
128 512 256 512 3321
128 512 512 1 6161
128 512 512 2 4418
128 512 512 4 3581
128 512 512 8 3413
128 512 512 16 3379
128 512 512 32 3330
128 512 512 64 3328
128 512 512 128 3320
128 512 512 256 3321
128 512 512 512 3321
256 1 1 1 4159
256 1 1 2 3923
256 1 1 4 3641
256 1 1 8 3494
256 1 1 16 3425
256 1 1 32 3387
256 1 1 64 3377
256 1 1 128 3359
256 1 1 256 3359
256 1 1 512 3359
256 1 2 1 3979
256 1 2 2 3694
256 1 2 4 3529
256 1 2 8 3439
256 1 2 16 3394
256 1 2 32 3370
256 1 2 64 3368
256 1 2 128 3336
256 1 2 256 3335
256 1 2 512 3336
256 1 4 1 3739
256 1 4 2 3550
256 1 4 4 3456
256 1 4 8 3383
256 1 4 16 3356
256 1 4 32 3339
256 1 4 64 3332
256 1 4 128 3321
256 1 4 256 3321
256 1 4 512 3321
256 1 8 1 3687
256 1 8 2 3537
256 1 8 4 3438
256 1 8 8 3381
256 1 8 16 3360
256 1 8 32 3339
256 1 8 64 3334
256 1 8 128 3325
256 1 8 256 3325
256 1 8 512 3325
256 1 16 1 3691
256 1 16 2 3504
256 1 16 4 3420
256 1 16 8 3369
256 1 16 16 3349
256 1 16 32 3339
256 1 16 64 3338
256 1 16 128 3327
256 1 16 256 3328
256 1 16 512 3328
256 1 32 1 3655
256 1 32 2 3511
256 1 32 4 3422
256 1 32 8 3367
256 1 32 16 3347
256 1 32 32 3332
256 1 32 64 3334
256 1 32 128 3325
256 1 32 256 3326
256 1 32 512 3325
256 1 64 1 3696
256 1 64 2 3513
256 1 64 4 3413
256 1 64 8 3361
256 1 64 16 3343
256 1 64 32 3328
256 1 64 64 3330
256 1 64 128 3324
256 1 64 256 3324
256 1 64 512 3324
256 1 128 1 3697
256 1 128 2 3513
256 1 128 4 3416
256 1 128 8 3365
256 1 128 16 3347
256 1 128 32 3330
256 1 128 64 3329
256 1 128 128 3321
256 1 128 256 3321
256 1 128 512 3321
256 1 256 1 3694
256 1 256 2 3512
256 1 256 4 3416
256 1 256 8 3365
256 1 256 16 3347
256 1 256 32 3330
256 1 256 64 3329
256 1 256 128 3321
256 1 256 256 3321
256 1 256 512 3320
256 1 512 1 3697
256 1 512 2 3512
256 1 512 4 3416
256 1 512 8 3365
256 1 512 16 3347
256 1 512 32 3329
256 1 512 64 3328
256 1 512 128 3321
256 1 512 256 3321
256 1 512 512 3321
256 2 1 1 4065
256 2 1 2 3811
256 2 1 4 3582
256 2 1 8 3467
256 2 1 16 3420
256 2 1 32 3393
256 2 1 64 3388
256 2 1 128 3371
256 2 1 256 3371
256 2 1 512 3371
256 2 2 1 3874
256 2 2 2 3674
256 2 2 4 3518
256 2 2 8 3442
256 2 2 16 3415
256 2 2 32 3397
256 2 2 64 3386
256 2 2 128 3347
256 2 2 256 3347
256 2 2 512 3347
256 2 4 1 3784
256 2 4 2 3591
256 2 4 4 3479
256 2 4 8 3415
256 2 4 16 3395
256 2 4 32 3369
256 2 4 64 3359
256 2 4 128 3346
256 2 4 256 3346
256 2 4 512 3346
256 2 8 1 3771
256 2 8 2 3562
256 2 8 4 3466
256 2 8 8 3415
256 2 8 16 3374
256 2 8 32 3359
256 2 8 64 3355
256 2 8 128 3337
256 2 8 256 3338
256 2 8 512 3338
256 2 16 1 3722
256 2 16 2 3558
256 2 16 4 3475
256 2 16 8 3403
256 2 16 16 3368
256 2 16 32 3344
256 2 16 64 3344
256 2 16 128 3330
256 2 16 256 3330
256 2 16 512 3330
256 2 32 1 3767
256 2 32 2 3578
256 2 32 4 3452
256 2 32 8 3384
256 2 32 16 3355
256 2 32 32 3334
256 2 32 64 3334
256 2 32 128 3325
256 2 32 256 3325
256 2 32 512 3325
256 2 64 1 3709
256 2 64 2 3540
256 2 64 4 3431
256 2 64 8 3371
256 2 64 16 3348
256 2 64 32 3330
256 2 64 64 3330
256 2 64 128 3323
256 2 64 256 3323
256 2 64 512 3323
256 2 128 1 3696
256 2 128 2 3517
256 2 128 4 3418
256 2 128 8 3366
256 2 128 16 3349
256 2 128 32 3330
256 2 128 64 3328
256 2 128 128 3321
256 2 128 256 3321
256 2 128 512 3321
256 2 256 1 3696
256 2 256 2 3518
256 2 256 4 3418
256 2 256 8 3365
256 2 256 16 3348
256 2 256 32 3330
256 2 256 64 3329
256 2 256 128 3320
256 2 256 256 3321
256 2 256 512 3321
256 2 512 1 3697
256 2 512 2 3517
256 2 512 4 3418
256 2 512 8 3365
256 2 512 16 3348
256 2 512 32 3330
256 2 512 64 3328
256 2 512 128 3321
256 2 512 256 3321
256 2 512 512 3321
256 4 1 1 3995
256 4 1 2 3780
256 4 1 4 3597
256 4 1 8 3504
256 4 1 16 3520
256 4 1 32 3508
256 4 1 64 3490
256 4 1 128 3468
256 4 1 256 3468
256 4 1 512 3468
256 4 2 1 3906
256 4 2 2 3686
256 4 2 4 3551
256 4 2 8 3500
256 4 2 16 3507
256 4 2 32 3488
256 4 2 64 3452
256 4 2 128 3412
256 4 2 256 3412
256 4 2 512 3412
256 4 4 1 3830
256 4 4 2 3605
256 4 4 4 3501
256 4 4 8 3446
256 4 4 16 3462
256 4 4 32 3416
256 4 4 64 3393
256 4 4 128 3361
256 4 4 256 3361
256 4 4 512 3361
256 4 8 1 3835
256 4 8 2 3687
256 4 8 4 3546
256 4 8 8 3461
256 4 8 16 3400
256 4 8 32 3365
256 4 8 64 3364
256 4 8 128 3342
256 4 8 256 3341
256 4 8 512 3341
256 4 16 1 3988
256 4 16 2 3671
256 4 16 4 3496
256 4 16 8 3408
256 4 16 16 3370
256 4 16 32 3346
256 4 16 64 3348
256 4 16 128 3332
256 4 16 256 3332
256 4 16 512 3332
256 4 32 1 3842
256 4 32 2 3593
256 4 32 4 3453
256 4 32 8 3384
256 4 32 16 3356
256 4 32 32 3335
256 4 32 64 3336
256 4 32 128 3327
256 4 32 256 3327
256 4 32 512 3327
256 4 64 1 3833
256 4 64 2 3590
256 4 64 4 3443
256 4 64 8 3380
256 4 64 16 3357
256 4 64 32 3332
256 4 64 64 3331
256 4 64 128 3325
256 4 64 256 3325
256 4 64 512 3324
256 4 128 1 3849
256 4 128 2 3595
256 4 128 4 3441
256 4 128 8 3381
256 4 128 16 3361
256 4 128 32 3331
256 4 128 64 3329
256 4 128 128 3321
256 4 128 256 3321
256 4 128 512 3321
256 4 256 1 3852
256 4 256 2 3595
256 4 256 4 3441
256 4 256 8 3381
256 4 256 16 3362
256 4 256 32 3331
256 4 256 64 3329
256 4 256 128 3321
256 4 256 256 3321
256 4 256 512 3321
256 4 512 1 3851
256 4 512 2 3594
256 4 512 4 3441
256 4 512 8 3381
256 4 512 16 3361
256 4 512 32 3331
256 4 512 64 3329
256 4 512 128 3321
256 4 512 256 3321
256 4 512 512 3321
256 8 1 1 4022
256 8 1 2 3882
256 8 1 4 3759
256 8 1 8 3702
256 8 1 16 3748
256 8 1 32 3660
256 8 1 64 3600
256 8 1 128 3506
256 8 1 256 3506
256 8 1 512 3506
256 8 2 1 4011
256 8 2 2 3865
256 8 2 4 3745
256 8 2 8 3652
256 8 2 16 3635
256 8 2 32 3538
256 8 2 64 3477
256 8 2 128 3412
256 8 2 256 3413
256 8 2 512 3413
256 8 4 1 4179
256 8 4 2 3963
256 8 4 4 3720
256 8 4 8 3561
256 8 4 16 3485
256 8 4 32 3417
256 8 4 64 3398
256 8 4 128 3364
256 8 4 256 3365
256 8 4 512 3365
256 8 8 1 4261
256 8 8 2 3866
256 8 8 4 3607
256 8 8 8 3477
256 8 8 16 3402
256 8 8 32 3368
256 8 8 64 3369
256 8 8 128 3347
256 8 8 256 3346
256 8 8 512 3346
256 8 16 1 4037
256 8 16 2 3677
256 8 16 4 3499
256 8 16 8 3412
256 8 16 16 3377
256 8 16 32 3351
256 8 16 64 3351
256 8 16 128 3337
256 8 16 256 3337
256 8 16 512 3337
256 8 32 1 3929
256 8 32 2 3674
256 8 32 4 3485
256 8 32 8 3405
256 8 32 16 3373
256 8 32 32 3341
256 8 32 64 3339
256 8 32 128 3332
256 8 32 256 3331
256 8 32 512 3331
256 8 64 1 4489
256 8 64 2 3846
256 8 64 4 3504
256 8 64 8 3407
256 8 64 16 3378
256 8 64 32 3337
256 8 64 64 3334
256 8 64 128 3324
256 8 64 256 3324
256 8 64 512 3324
256 8 128 1 4844
256 8 128 2 3986
256 8 128 4 3528
256 8 128 8 3409
256 8 128 16 3379
256 8 128 32 3331
256 8 128 64 3329
256 8 128 128 3321
256 8 128 256 3321
256 8 128 512 3321
256 8 256 1 4842
256 8 256 2 3982
256 8 256 4 3528
256 8 256 8 3408
256 8 256 16 3379
256 8 256 32 3332
256 8 256 64 3329
256 8 256 128 3321
256 8 256 256 3321
256 8 256 512 3321
256 8 512 1 4844
256 8 512 2 3982
256 8 512 4 3529
256 8 512 8 3408
256 8 512 16 3379
256 8 512 32 3331
256 8 512 64 3329
256 8 512 128 3321
256 8 512 256 3321
256 8 512 512 3321
256 16 1 1 5837
256 16 1 2 5369
256 16 1 4 4643
256 16 1 8 4126
256 16 1 16 3855
256 16 1 32 3688
256 16 1 64 3614
256 16 1 128 3505
256 16 1 256 3505
256 16 1 512 3505
256 16 2 1 5803
256 16 2 2 4850
256 16 2 4 4193
256 16 2 8 3840
256 16 2 16 3659
256 16 2 32 3546
256 16 2 64 3487
256 16 2 128 3422
256 16 2 256 3422
256 16 2 512 3422
256 16 4 1 4960
256 16 4 2 4191
256 16 4 4 3801
256 16 4 8 3590
256 16 4 16 3497
256 16 4 32 3428
256 16 4 64 3414
256 16 4 128 3381
256 16 4 256 3381
256 16 4 512 3381
256 16 8 1 4405
256 16 8 2 3910
256 16 8 4 3643
256 16 8 8 3510
256 16 8 16 3425
256 16 8 32 3384
256 16 8 64 3382
256 16 8 128 3365
256 16 8 256 3365
256 16 8 512 3365
256 16 16 1 4173
256 16 16 2 3879
256 16 16 4 3604
256 16 16 8 3474
256 16 16 16 3417
256 16 16 32 3369
256 16 16 64 3366
256 16 16 128 3353
256 16 16 256 3353
256 16 16 512 3353
256 16 32 1 4614
256 16 32 2 4067
256 16 32 4 3592
256 16 32 8 3454
256 16 32 16 3407
256 16 32 32 3354
256 16 32 64 3348
256 16 32 128 3332
256 16 32 256 3332
256 16 32 512 3332
256 16 64 1 5488
256 16 64 2 4250
256 16 64 4 3590
256 16 64 8 3435
256 16 64 16 3392
256 16 64 32 3340
256 16 64 64 3337
256 16 64 128 3325
256 16 64 256 3324
256 16 64 512 3324
256 16 128 1 5806
256 16 128 2 4330
256 16 128 4 3576
256 16 128 8 3415
256 16 128 16 3380
256 16 128 32 3331
256 16 128 64 3329
256 16 128 128 3321
256 16 128 256 3321
256 16 128 512 3321
256 16 256 1 5817
256 16 256 2 4321
256 16 256 4 3575
256 16 256 8 3415
256 16 256 16 3380
256 16 256 32 3331
256 16 256 64 3329
256 16 256 128 3321
256 16 256 256 3321
256 16 256 512 3321
256 16 512 1 5817
256 16 512 2 4323
256 16 512 4 3576
256 16 512 8 3415
256 16 512 16 3380
256 16 512 32 3331
256 16 512 64 3329
256 16 512 128 3321
256 16 512 256 3321
256 16 512 512 3321
256 32 1 1 7872
256 32 1 2 6142
256 32 1 4 4873
256 32 1 8 4201
256 32 1 16 3889
256 32 1 32 3718
256 32 1 64 3646
256 32 1 128 3543
256 32 1 256 3544
256 32 1 512 3543
256 32 2 1 6325
256 32 2 2 5060
256 32 2 4 4287
256 32 2 8 3883
256 32 2 16 3731
256 32 2 32 3607
256 32 2 64 3550
256 32 2 128 3478
256 32 2 256 3478
256 32 2 512 3477
256 32 4 1 5061
256 32 4 2 4309
256 32 4 4 3907
256 32 4 8 3683
256 32 4 16 3608
256 32 4 32 3495
256 32 4 64 3463
256 32 4 128 3430
256 32 4 256 3433
256 32 4 512 3432
256 32 8 1 4511
256 32 8 2 4095
256 32 8 4 3797
256 32 8 8 3630
256 32 8 16 3487
256 32 8 32 3422
256 32 8 64 3416
256 32 8 128 3391
256 32 8 256 3392
256 32 8 512 3392
256 32 16 1 4883
256 32 16 2 4410
256 32 16 4 3759
256 32 16 8 3536
256 32 16 16 3452
256 32 16 32 3389
256 32 16 64 3377
256 32 16 128 3353
256 32 16 256 3353
256 32 16 512 3353
256 32 32 1 5797
256 32 32 2 4510
256 32 32 4 3693
256 32 32 8 3490
256 32 32 16 3421
256 32 32 32 3353
256 32 32 64 3346
256 32 32 128 3331
256 32 32 256 3331
256 32 32 512 3331
256 32 64 1 5972
256 32 64 2 4489
256 32 64 4 3643
256 32 64 8 3452
256 32 64 16 3398
256 32 64 32 3340
256 32 64 64 3335
256 32 64 128 3323
256 32 64 256 3323
256 32 64 512 3323
256 32 128 1 6126
256 32 128 2 4419
256 32 128 4 3581
256 32 128 8 3415
256 32 128 16 3380
256 32 128 32 3331
256 32 128 64 3329
256 32 128 128 3321
256 32 128 256 3321
256 32 128 512 3321
256 32 256 1 6130
256 32 256 2 4417
256 32 256 4 3581
256 32 256 8 3415
256 32 256 16 3380
256 32 256 32 3331
256 32 256 64 3329
256 32 256 128 3321
256 32 256 256 3321
256 32 256 512 3321
256 32 512 1 6132
256 32 512 2 4423
256 32 512 4 3585
256 32 512 8 3415
256 32 512 16 3380
256 32 512 32 3331
256 32 512 64 3329
256 32 512 128 3321
256 32 512 256 3321
256 32 512 512 3321
256 64 1 1 7928
256 64 1 2 6344
256 64 1 4 5207
256 64 1 8 4531
256 64 1 16 4390
256 64 1 32 4097
256 64 1 64 3923
256 64 1 128 3792
256 64 1 256 3791
256 64 1 512 3792
256 64 2 1 6462
256 64 2 2 5307
256 64 2 4 4578
256 64 2 8 4192
256 64 2 16 4101
256 64 2 32 3849
256 64 2 64 3698
256 64 2 128 3604
256 64 2 256 3604
256 64 2 512 3604
256 64 4 1 5219
256 64 4 2 4633
256 64 4 4 4186
256 64 4 8 3938
256 64 4 16 3752
256 64 4 32 3597
256 64 4 64 3542
256 64 4 128 3462
256 64 4 256 3462
256 64 4 512 3462
256 64 8 1 5046
256 64 8 2 4729
256 64 8 4 4073
256 64 8 8 3750
256 64 8 16 3535
256 64 8 32 3449
256 64 8 64 3429
256 64 8 128 3392
256 64 8 256 3392
256 64 8 512 3392
256 64 16 1 6226
256 64 16 2 4972
256 64 16 4 3852
256 64 16 8 3563
256 64 16 16 3466
256 64 16 32 3390
256 64 16 64 3378
256 64 16 128 3353
256 64 16 256 3353
256 64 16 512 3353
256 64 32 1 6403
256 64 32 2 4673
256 64 32 4 3717
256 64 32 8 3491
256 64 32 16 3421
256 64 32 32 3353
256 64 32 64 3346
256 64 32 128 3331
256 64 32 256 3331
256 64 32 512 3331
256 64 64 1 6272
256 64 64 2 4579
256 64 64 4 3647
256 64 64 8 3450
256 64 64 16 3397
256 64 64 32 3339
256 64 64 64 3335
256 64 64 128 3323
256 64 64 256 3323
256 64 64 512 3323
256 64 128 1 6130
256 64 128 2 4414
256 64 128 4 3581
256 64 128 8 3414
256 64 128 16 3380
256 64 128 32 3331
256 64 128 64 3328
256 64 128 128 3320
256 64 128 256 3320
256 64 128 512 3320
256 64 256 1 6129
256 64 256 2 4407
256 64 256 4 3582
256 64 256 8 3415
256 64 256 16 3379
256 64 256 32 3331
256 64 256 64 3328
256 64 256 128 3321
256 64 256 256 3321
256 64 256 512 3320
256 64 512 1 6094
256 64 512 2 4414
256 64 512 4 3580
256 64 512 8 3414
256 64 512 16 3380
256 64 512 32 3330
256 64 512 64 3328
256 64 512 128 3320
256 64 512 256 3320
256 64 512 512 3321
256 128 1 1 8253
256 128 1 2 6744
256 128 1 4 5719
256 128 1 8 5082
256 128 1 16 4969
256 128 1 32 4465
256 128 1 64 4181
256 128 1 128 4036
256 128 1 256 4042
256 128 1 512 4041
256 128 2 1 6647
256 128 2 2 5591
256 128 2 4 4888
256 128 2 8 4545
256 128 2 16 4345
256 128 2 32 4025
256 128 2 64 3840
256 128 2 128 3658
256 128 2 256 3661
256 128 2 512 3661
256 128 4 1 5636
256 128 4 2 5225
256 128 4 4 4537
256 128 4 8 4144
256 128 4 16 3865
256 128 4 32 3665
256 128 4 64 3584
256 128 4 128 3474
256 128 4 256 3475
256 128 4 512 3475
256 128 8 1 6095
256 128 8 2 5451
256 128 8 4 4342
256 128 8 8 3872
256 128 8 16 3570
256 128 8 32 3456
256 128 8 64 3434
256 128 8 128 3392
256 128 8 256 3392
256 128 8 512 3392
256 128 16 1 7181
256 128 16 2 5387
256 128 16 4 3906
256 128 16 8 3578
256 128 16 16 3468
256 128 16 32 3389
256 128 16 64 3376
256 128 16 128 3353
256 128 16 256 3352
256 128 16 512 3352
256 128 32 1 6806
256 128 32 2 4756
256 128 32 4 3721
256 128 32 8 3491
256 128 32 16 3420
256 128 32 32 3353
256 128 32 64 3345
256 128 32 128 3330
256 128 32 256 3331
256 128 32 512 3330
256 128 64 1 6472
256 128 64 2 4593
256 128 64 4 3646
256 128 64 8 3449
256 128 64 16 3395
256 128 64 32 3338
256 128 64 64 3335
256 128 64 128 3322
256 128 64 256 3322
256 128 64 512 3323
256 128 128 1 6158
256 128 128 2 4431
256 128 128 4 3581
256 128 128 8 3412
256 128 128 16 3379
256 128 128 32 3331
256 128 128 64 3328
256 128 128 128 3321
256 128 128 256 3321
256 128 128 512 3320
256 128 256 1 6159
256 128 256 2 4425
256 128 256 4 3580
256 128 256 8 3413
256 128 256 16 3379
256 128 256 32 3331
256 128 256 64 3328
256 128 256 128 3320
256 128 256 256 3321
256 128 256 512 3320
256 128 512 1 6159
256 128 512 2 4429
256 128 512 4 3580
256 128 512 8 3413
256 128 512 16 3379
256 128 512 32 3330
256 128 512 64 3328
256 128 512 128 3320
256 128 512 256 3320
256 128 512 512 3320
256 256 1 1 8253
256 256 1 2 6751
256 256 1 4 5719
256 256 1 8 5085
256 256 1 16 4967
256 256 1 32 4466
256 256 1 64 4181
256 256 1 128 4037
256 256 1 256 4041
256 256 1 512 4041
256 256 2 1 6646
256 256 2 2 5584
256 256 2 4 4887
256 256 2 8 4543
256 256 2 16 4345
256 256 2 32 4024
256 256 2 64 3841
256 256 2 128 3658
256 256 2 256 3661
256 256 2 512 3661
256 256 4 1 5638
256 256 4 2 5211
256 256 4 4 4538
256 256 4 8 4144
256 256 4 16 3865
256 256 4 32 3665
256 256 4 64 3584
256 256 4 128 3474
256 256 4 256 3477
256 256 4 512 3475
256 256 8 1 6098
256 256 8 2 5453
256 256 8 4 4342
256 256 8 8 3872
256 256 8 16 3570
256 256 8 32 3456
256 256 8 64 3434
256 256 8 128 3392
256 256 8 256 3392
256 256 8 512 3392
256 256 16 1 7174
256 256 16 2 5373
256 256 16 4 3906
256 256 16 8 3578
256 256 16 16 3468
256 256 16 32 3389
256 256 16 64 3376
256 256 16 128 3352
256 256 16 256 3352
256 256 16 512 3352
256 256 32 1 6805
256 256 32 2 4766
256 256 32 4 3722
256 256 32 8 3490
256 256 32 16 3419
256 256 32 32 3352
256 256 32 64 3345
256 256 32 128 3331
256 256 32 256 3332
256 256 32 512 3331
256 256 64 1 6473
256 256 64 2 4588
256 256 64 4 3647
256 256 64 8 3449
256 256 64 16 3396
256 256 64 32 3340
256 256 64 64 3334
256 256 64 128 3323
256 256 64 256 3323
256 256 64 512 3323
256 256 128 1 6155
256 256 128 2 4418
256 256 128 4 3579
256 256 128 8 3413
256 256 128 16 3378
256 256 128 32 3330
256 256 128 64 3328
256 256 128 128 3320
256 256 128 256 3320
256 256 128 512 3320
256 256 256 1 6157
256 256 256 2 4428
256 256 256 4 3581
256 256 256 8 3413
256 256 256 16 3379
256 256 256 32 3330
256 256 256 64 3328
256 256 256 128 3320
256 256 256 256 3320
256 256 256 512 3320
256 256 512 1 6162
256 256 512 2 4425
256 256 512 4 3581
256 256 512 8 3413
256 256 512 16 3379
256 256 512 32 3330
256 256 512 64 3328
256 256 512 128 3320
256 256 512 256 3320
256 256 512 512 3320
256 512 1 1 8253
256 512 1 2 6744
256 512 1 4 5717
256 512 1 8 5083
256 512 1 16 4967
256 512 1 32 4466
256 512 1 64 4181
256 512 1 128 4036
256 512 1 256 4042
256 512 1 512 4041
256 512 2 1 6647
256 512 2 2 5587
256 512 2 4 4887
256 512 2 8 4542
256 512 2 16 4344
256 512 2 32 4025
256 512 2 64 3844
256 512 2 128 3659
256 512 2 256 3661
256 512 2 512 3661
256 512 4 1 5635
256 512 4 2 5211
256 512 4 4 4537
256 512 4 8 4144
256 512 4 16 3864
256 512 4 32 3665
256 512 4 64 3584
256 512 4 128 3474
256 512 4 256 3475
256 512 4 512 3475
256 512 8 1 6098
256 512 8 2 5441
256 512 8 4 4343
256 512 8 8 3872
256 512 8 16 3569
256 512 8 32 3456
256 512 8 64 3434
256 512 8 128 3392
256 512 8 256 3393
256 512 8 512 3392
256 512 16 1 7174
256 512 16 2 5367
256 512 16 4 3906
256 512 16 8 3578
256 512 16 16 3467
256 512 16 32 3390
256 512 16 64 3376
256 512 16 128 3352
256 512 16 256 3352
256 512 16 512 3352
256 512 32 1 6808
256 512 32 2 4762
256 512 32 4 3722
256 512 32 8 3491
256 512 32 16 3419
256 512 32 32 3353
256 512 32 64 3345
256 512 32 128 3331
256 512 32 256 3331
256 512 32 512 3330
256 512 64 1 6469
256 512 64 2 4604
256 512 64 4 3645
256 512 64 8 3449
256 512 64 16 3396
256 512 64 32 3339
256 512 64 64 3334
256 512 64 128 3322
256 512 64 256 3322
256 512 64 512 3322
256 512 128 1 6158
256 512 128 2 4421
256 512 128 4 3581
256 512 128 8 3412
256 512 128 16 3379
256 512 128 32 3330
256 512 128 64 3328
256 512 128 128 3322
256 512 128 256 3321
256 512 128 512 3321
256 512 256 1 6161
256 512 256 2 4418
256 512 256 4 3582
256 512 256 8 3413
256 512 256 16 3380
256 512 256 32 3331
256 512 256 64 3328
256 512 256 128 3321
256 512 256 256 3321
256 512 256 512 3321
256 512 512 1 6162
256 512 512 2 4420
256 512 512 4 3581
256 512 512 8 3414
256 512 512 16 3379
256 512 512 32 3331
256 512 512 64 3328
256 512 512 128 3321
256 512 512 256 3321
256 512 512 512 3321
512 1 1 1 4159
512 1 1 2 3923
512 1 1 4 3641
512 1 1 8 3495
512 1 1 16 3425
512 1 1 32 3387
512 1 1 64 3377
512 1 1 128 3360
512 1 1 256 3360
512 1 1 512 3360
512 1 2 1 3980
512 1 2 2 3694
512 1 2 4 3529
512 1 2 8 3440
512 1 2 16 3394
512 1 2 32 3371
512 1 2 64 3368
512 1 2 128 3336
512 1 2 256 3336
512 1 2 512 3336
512 1 4 1 3739
512 1 4 2 3551
512 1 4 4 3455
512 1 4 8 3381
512 1 4 16 3356
512 1 4 32 3339
512 1 4 64 3332
512 1 4 128 3321
512 1 4 256 3321
512 1 4 512 3321
512 1 8 1 3688
512 1 8 2 3537
512 1 8 4 3438
512 1 8 8 3381
512 1 8 16 3359
512 1 8 32 3340
512 1 8 64 3334
512 1 8 128 3324
512 1 8 256 3324
512 1 8 512 3324
512 1 16 1 3690
512 1 16 2 3504
512 1 16 4 3419
512 1 16 8 3369
512 1 16 16 3349
512 1 16 32 3338
512 1 16 64 3338
512 1 16 128 3326
512 1 16 256 3326
512 1 16 512 3326
512 1 32 1 3655
512 1 32 2 3512
512 1 32 4 3421
512 1 32 8 3367
512 1 32 16 3346
512 1 32 32 3331
512 1 32 64 3333
512 1 32 128 3324
512 1 32 256 3324
512 1 32 512 3324
512 1 64 1 3692
512 1 64 2 3512
512 1 64 4 3413
512 1 64 8 3361
512 1 64 16 3342
512 1 64 32 3327
512 1 64 64 3329
512 1 64 128 3323
512 1 64 256 3323
512 1 64 512 3323
512 1 128 1 3699
512 1 128 2 3512
512 1 128 4 3416
512 1 128 8 3365
512 1 128 16 3347
512 1 128 32 3329
512 1 128 64 3328
512 1 128 128 3320
512 1 128 256 3320
512 1 128 512 3320
512 1 256 1 3695
512 1 256 2 3513
512 1 256 4 3416
512 1 256 8 3366
512 1 256 16 3347
512 1 256 32 3330
512 1 256 64 3329
512 1 256 128 3321
512 1 256 256 3321
512 1 256 512 3321
512 1 512 1 3698
512 1 512 2 3513
512 1 512 4 3416
512 1 512 8 3365
512 1 512 16 3347
512 1 512 32 3329
512 1 512 64 3328
512 1 512 128 3321
512 1 512 256 3320
512 1 512 512 3320
512 2 1 1 4065
512 2 1 2 3810
512 2 1 4 3582
512 2 1 8 3467
512 2 1 16 3420
512 2 1 32 3393
512 2 1 64 3388
512 2 1 128 3371
512 2 1 256 3371
512 2 1 512 3371
512 2 2 1 3874
512 2 2 2 3674
512 2 2 4 3518
512 2 2 8 3441
512 2 2 16 3415
512 2 2 32 3398
512 2 2 64 3385
512 2 2 128 3348
512 2 2 256 3347
512 2 2 512 3347
512 2 4 1 3784
512 2 4 2 3591
512 2 4 4 3479
512 2 4 8 3415
512 2 4 16 3395
512 2 4 32 3370
512 2 4 64 3359
512 2 4 128 3346
512 2 4 256 3346
512 2 4 512 3345
512 2 8 1 3771
512 2 8 2 3562
512 2 8 4 3467
512 2 8 8 3414
512 2 8 16 3374
512 2 8 32 3359
512 2 8 64 3355
512 2 8 128 3337
512 2 8 256 3338
512 2 8 512 3337
512 2 16 1 3722
512 2 16 2 3558
512 2 16 4 3475
512 2 16 8 3402
512 2 16 16 3367
512 2 16 32 3343
512 2 16 64 3343
512 2 16 128 3330
512 2 16 256 3330
512 2 16 512 3330
512 2 32 1 3768
512 2 32 2 3579
512 2 32 4 3453
512 2 32 8 3384
512 2 32 16 3355
512 2 32 32 3334
512 2 32 64 3334
512 2 32 128 3325
512 2 32 256 3325
512 2 32 512 3325
512 2 64 1 3709
512 2 64 2 3540
512 2 64 4 3431
512 2 64 8 3371
512 2 64 16 3348
512 2 64 32 3330
512 2 64 64 3330
512 2 64 128 3323
512 2 64 256 3323
512 2 64 512 3323
512 2 128 1 3697
512 2 128 2 3517
512 2 128 4 3418
512 2 128 8 3366
512 2 128 16 3348
512 2 128 32 3330
512 2 128 64 3329
512 2 128 128 3321
512 2 128 256 3321
512 2 128 512 3321
512 2 256 1 3697
512 2 256 2 3517
512 2 256 4 3418
512 2 256 8 3365
512 2 256 16 3349
512 2 256 32 3331
512 2 256 64 3329
512 2 256 128 3320
512 2 256 256 3321
512 2 256 512 3321
512 2 512 1 3697
512 2 512 2 3518
512 2 512 4 3419
512 2 512 8 3366
512 2 512 16 3349
512 2 512 32 3330
512 2 512 64 3329
512 2 512 128 3321
512 2 512 256 3320
512 2 512 512 3320
512 4 1 1 3995
512 4 1 2 3780
512 4 1 4 3597
512 4 1 8 3505
512 4 1 16 3520
512 4 1 32 3507
512 4 1 64 3490
512 4 1 128 3468
512 4 1 256 3468
512 4 1 512 3468
512 4 2 1 3906
512 4 2 2 3686
512 4 2 4 3551
512 4 2 8 3500
512 4 2 16 3506
512 4 2 32 3488
512 4 2 64 3453
512 4 2 128 3412
512 4 2 256 3412
512 4 2 512 3413
512 4 4 1 3831
512 4 4 2 3606
512 4 4 4 3501
512 4 4 8 3446
512 4 4 16 3462
512 4 4 32 3415
512 4 4 64 3393
512 4 4 128 3361
512 4 4 256 3361
512 4 4 512 3361
512 4 8 1 3835
512 4 8 2 3685
512 4 8 4 3546
512 4 8 8 3460
512 4 8 16 3400
512 4 8 32 3365
512 4 8 64 3365
512 4 8 128 3341
512 4 8 256 3341
512 4 8 512 3341
512 4 16 1 3988
512 4 16 2 3670
512 4 16 4 3496
512 4 16 8 3409
512 4 16 16 3370
512 4 16 32 3346
512 4 16 64 3348
512 4 16 128 3332
512 4 16 256 3332
512 4 16 512 3332
512 4 32 1 3842
512 4 32 2 3594
512 4 32 4 3453
512 4 32 8 3384
512 4 32 16 3357
512 4 32 32 3335
512 4 32 64 3335
512 4 32 128 3327
512 4 32 256 3327
512 4 32 512 3327
512 4 64 1 3833
512 4 64 2 3588
512 4 64 4 3444
512 4 64 8 3380
512 4 64 16 3357
512 4 64 32 3332
512 4 64 64 3331
512 4 64 128 3324
512 4 64 256 3324
512 4 64 512 3324
512 4 128 1 3850
512 4 128 2 3594
512 4 128 4 3441
512 4 128 8 3381
512 4 128 16 3362
512 4 128 32 3331
512 4 128 64 3329
512 4 128 128 3321
512 4 128 256 3321
512 4 128 512 3321
512 4 256 1 3851
512 4 256 2 3594
512 4 256 4 3441
512 4 256 8 3381
512 4 256 16 3361
512 4 256 32 3331
512 4 256 64 3329
512 4 256 128 3321
512 4 256 256 3320
512 4 256 512 3322
512 4 512 1 3851
512 4 512 2 3595
512 4 512 4 3441
512 4 512 8 3381
512 4 512 16 3361
512 4 512 32 3331
512 4 512 64 3329
512 4 512 128 3321
512 4 512 256 3321
512 4 512 512 3320
512 8 1 1 4022
512 8 1 2 3882
512 8 1 4 3759
512 8 1 8 3704
512 8 1 16 3748
512 8 1 32 3660
512 8 1 64 3600
512 8 1 128 3505
512 8 1 256 3505
512 8 1 512 3505
512 8 2 1 4010
512 8 2 2 3869
512 8 2 4 3745
512 8 2 8 3651
512 8 2 16 3635
512 8 2 32 3538
512 8 2 64 3477
512 8 2 128 3412
512 8 2 256 3412
512 8 2 512 3412
512 8 4 1 4178
512 8 4 2 3965
512 8 4 4 3722
512 8 4 8 3561
512 8 4 16 3485
512 8 4 32 3417
512 8 4 64 3398
512 8 4 128 3364
512 8 4 256 3364
512 8 4 512 3364
512 8 8 1 4261
512 8 8 2 3866
512 8 8 4 3607
512 8 8 8 3478
512 8 8 16 3402
512 8 8 32 3368
512 8 8 64 3369
512 8 8 128 3346
512 8 8 256 3346
512 8 8 512 3346
512 8 16 1 4037
512 8 16 2 3677
512 8 16 4 3500
512 8 16 8 3412
512 8 16 16 3377
512 8 16 32 3351
512 8 16 64 3351
512 8 16 128 3337
512 8 16 256 3337
512 8 16 512 3337
512 8 32 1 3929
512 8 32 2 3674
512 8 32 4 3485
512 8 32 8 3405
512 8 32 16 3373
512 8 32 32 3341
512 8 32 64 3340
512 8 32 128 3333
512 8 32 256 3332
512 8 32 512 3332
512 8 64 1 4489
512 8 64 2 3846
512 8 64 4 3504
512 8 64 8 3407
512 8 64 16 3377
512 8 64 32 3337
512 8 64 64 3335
512 8 64 128 3324
512 8 64 256 3324
512 8 64 512 3324
512 8 128 1 4840
512 8 128 2 3986
512 8 128 4 3528
512 8 128 8 3408
512 8 128 16 3379
512 8 128 32 3331
512 8 128 64 3329
512 8 128 128 3321
512 8 128 256 3320
512 8 128 512 3321
512 8 256 1 4842
512 8 256 2 3983
512 8 256 4 3528
512 8 256 8 3408
512 8 256 16 3379
512 8 256 32 3331
512 8 256 64 3329
512 8 256 128 3320
512 8 256 256 3320
512 8 256 512 3320
512 8 512 1 4844
512 8 512 2 3983
512 8 512 4 3528
512 8 512 8 3408
512 8 512 16 3379
512 8 512 32 3331
512 8 512 64 3329
512 8 512 128 3321
512 8 512 256 3321
512 8 512 512 3321
512 16 1 1 5837
512 16 1 2 5375
512 16 1 4 4643
512 16 1 8 4126
512 16 1 16 3855
512 16 1 32 3688
512 16 1 64 3615
512 16 1 128 3505
512 16 1 256 3505
512 16 1 512 3505
512 16 2 1 5803
512 16 2 2 4852
512 16 2 4 4194
512 16 2 8 3841
512 16 2 16 3660
512 16 2 32 3546
512 16 2 64 3488
512 16 2 128 3423
512 16 2 256 3423
512 16 2 512 3422
512 16 4 1 4961
512 16 4 2 4192
512 16 4 4 3802
512 16 4 8 3591
512 16 4 16 3497
512 16 4 32 3429
512 16 4 64 3414
512 16 4 128 3382
512 16 4 256 3382
512 16 4 512 3382
512 16 8 1 4405
512 16 8 2 3911
512 16 8 4 3643
512 16 8 8 3509
512 16 8 16 3425
512 16 8 32 3384
512 16 8 64 3382
512 16 8 128 3365
512 16 8 256 3365
512 16 8 512 3365
512 16 16 1 4173
512 16 16 2 3874
512 16 16 4 3604
512 16 16 8 3474
512 16 16 16 3416
512 16 16 32 3369
512 16 16 64 3366
512 16 16 128 3354
512 16 16 256 3353
512 16 16 512 3354
512 16 32 1 4628
512 16 32 2 4064
512 16 32 4 3592
512 16 32 8 3454
512 16 32 16 3409
512 16 32 32 3354
512 16 32 64 3347
512 16 32 128 3332
512 16 32 256 3332
512 16 32 512 3331
512 16 64 1 5486
512 16 64 2 4249
512 16 64 4 3589
512 16 64 8 3434
512 16 64 16 3392
512 16 64 32 3340
512 16 64 64 3336
512 16 64 128 3324
512 16 64 256 3324
512 16 64 512 3324
512 16 128 1 5810
512 16 128 2 4315
512 16 128 4 3575
512 16 128 8 3415
512 16 128 16 3380
512 16 128 32 3332
512 16 128 64 3329
512 16 128 128 3321
512 16 128 256 3321
512 16 128 512 3321
512 16 256 1 5817
512 16 256 2 4320
512 16 256 4 3575
512 16 256 8 3415
512 16 256 16 3380
512 16 256 32 3331
512 16 256 64 3329
512 16 256 128 3322
512 16 256 256 3320
512 16 256 512 3320
512 16 512 1 5813
512 16 512 2 4329
512 16 512 4 3575
512 16 512 8 3414
512 16 512 16 3379
512 16 512 32 3331
512 16 512 64 3328
512 16 512 128 3320
512 16 512 256 3320
512 16 512 512 3320
512 32 1 1 7871
512 32 1 2 6142
512 32 1 4 4873
512 32 1 8 4202
512 32 1 16 3889
512 32 1 32 3717
512 32 1 64 3646
512 32 1 128 3543
512 32 1 256 3543
512 32 1 512 3544
512 32 2 1 6325
512 32 2 2 5060
512 32 2 4 4287
512 32 2 8 3883
512 32 2 16 3731
512 32 2 32 3607
512 32 2 64 3552
512 32 2 128 3478
512 32 2 256 3478
512 32 2 512 3479
512 32 4 1 5061
512 32 4 2 4308
512 32 4 4 3907
512 32 4 8 3683
512 32 4 16 3608
512 32 4 32 3495
512 32 4 64 3463
512 32 4 128 3431
512 32 4 256 3431
512 32 4 512 3431
512 32 8 1 4511
512 32 8 2 4093
512 32 8 4 3799
512 32 8 8 3630
512 32 8 16 3488
512 32 8 32 3423
512 32 8 64 3416
512 32 8 128 3391
512 32 8 256 3391
512 32 8 512 3392
512 32 16 1 4882
512 32 16 2 4410
512 32 16 4 3759
512 32 16 8 3535
512 32 16 16 3452
512 32 16 32 3389
512 32 16 64 3378
512 32 16 128 3353
512 32 16 256 3353
512 32 16 512 3354
512 32 32 1 5797
512 32 32 2 4515
512 32 32 4 3694
512 32 32 8 3490
512 32 32 16 3421
512 32 32 32 3353
512 32 32 64 3346
512 32 32 128 3331
512 32 32 256 3331
512 32 32 512 3331
512 32 64 1 5969
512 32 64 2 4494
512 32 64 4 3642
512 32 64 8 3451
512 32 64 16 3398
512 32 64 32 3339
512 32 64 64 3335
512 32 64 128 3323
512 32 64 256 3322
512 32 64 512 3323
512 32 128 1 6125
512 32 128 2 4413
512 32 128 4 3581
512 32 128 8 3414
512 32 128 16 3379
512 32 128 32 3331
512 32 128 64 3328
512 32 128 128 3320
512 32 128 256 3320
512 32 128 512 3320
512 32 256 1 6100
512 32 256 2 4419
512 32 256 4 3581
512 32 256 8 3414
512 32 256 16 3379
512 32 256 32 3330
512 32 256 64 3328
512 32 256 128 3321
512 32 256 256 3320
512 32 256 512 3320
512 32 512 1 6128
512 32 512 2 4429
512 32 512 4 3580
512 32 512 8 3414
512 32 512 16 3379
512 32 512 32 3330
512 32 512 64 3328
512 32 512 128 3321
512 32 512 256 3321
512 32 512 512 3320
512 64 1 1 7926
512 64 1 2 6343
512 64 1 4 5205
512 64 1 8 4535
512 64 1 16 4390
512 64 1 32 4099
512 64 1 64 3922
512 64 1 128 3792
512 64 1 256 3791
512 64 1 512 3792
512 64 2 1 6465
512 64 2 2 5307
512 64 2 4 4579
512 64 2 8 4191
512 64 2 16 4101
512 64 2 32 3848
512 64 2 64 3697
512 64 2 128 3603
512 64 2 256 3603
512 64 2 512 3603
512 64 4 1 5215
512 64 4 2 4623
512 64 4 4 4184
512 64 4 8 3936
512 64 4 16 3752
512 64 4 32 3596
512 64 4 64 3542
512 64 4 128 3461
512 64 4 256 3461
512 64 4 512 3461
512 64 8 1 5042
512 64 8 2 4729
512 64 8 4 4073
512 64 8 8 3749
512 64 8 16 3534
512 64 8 32 3449
512 64 8 64 3428
512 64 8 128 3391
512 64 8 256 3391
512 64 8 512 3391
512 64 16 1 6224
512 64 16 2 4966
512 64 16 4 3848
512 64 16 8 3567
512 64 16 16 3466
512 64 16 32 3390
512 64 16 64 3378
512 64 16 128 3353
512 64 16 256 3353
512 64 16 512 3353
512 64 32 1 6388
512 64 32 2 4702
512 64 32 4 3716
512 64 32 8 3491
512 64 32 16 3420
512 64 32 32 3353
512 64 32 64 3346
512 64 32 128 3331
512 64 32 256 3331
512 64 32 512 3330
512 64 64 1 6271
512 64 64 2 4572
512 64 64 4 3647
512 64 64 8 3450
512 64 64 16 3397
512 64 64 32 3339
512 64 64 64 3334
512 64 64 128 3323
512 64 64 256 3322
512 64 64 512 3322
512 64 128 1 6124
512 64 128 2 4419
512 64 128 4 3581
512 64 128 8 3414
512 64 128 16 3379
512 64 128 32 3331
512 64 128 64 3328
512 64 128 128 3320
512 64 128 256 3320
512 64 128 512 3320
512 64 256 1 6122
512 64 256 2 4419
512 64 256 4 3581
512 64 256 8 3414
512 64 256 16 3379
512 64 256 32 3331
512 64 256 64 3328
512 64 256 128 3320
512 64 256 256 3320
512 64 256 512 3320
512 64 512 1 6129
512 64 512 2 4423
512 64 512 4 3581
512 64 512 8 3414
512 64 512 16 3379
512 64 512 32 3331
512 64 512 64 3328
512 64 512 128 3320
512 64 512 256 3320
512 64 512 512 3320
512 128 1 1 8253
512 128 1 2 6749
512 128 1 4 5717
512 128 1 8 5085
512 128 1 16 4969
512 128 1 32 4466
512 128 1 64 4181
512 128 1 128 4036
512 128 1 256 4040
512 128 1 512 4041
512 128 2 1 6646
512 128 2 2 5586
512 128 2 4 4887
512 128 2 8 4544
512 128 2 16 4346
512 128 2 32 4024
512 128 2 64 3840
512 128 2 128 3658
512 128 2 256 3661
512 128 2 512 3661
512 128 4 1 5635
512 128 4 2 5219
512 128 4 4 4537
512 128 4 8 4144
512 128 4 16 3865
512 128 4 32 3665
512 128 4 64 3584
512 128 4 128 3474
512 128 4 256 3476
512 128 4 512 3476
512 128 8 1 6095
512 128 8 2 5445
512 128 8 4 4342
512 128 8 8 3871
512 128 8 16 3570
512 128 8 32 3456
512 128 8 64 3434
512 128 8 128 3392
512 128 8 256 3393
512 128 8 512 3392
512 128 16 1 7174
512 128 16 2 5378
512 128 16 4 3906
512 128 16 8 3578
512 128 16 16 3467
512 128 16 32 3389
512 128 16 64 3376
512 128 16 128 3352
512 128 16 256 3352
512 128 16 512 3352
512 128 32 1 6806
512 128 32 2 4772
512 128 32 4 3721
512 128 32 8 3490
512 128 32 16 3419
512 128 32 32 3352
512 128 32 64 3345
512 128 32 128 3330
512 128 32 256 3332
512 128 32 512 3332
512 128 64 1 6471
512 128 64 2 4603
512 128 64 4 3646
512 128 64 8 3449
512 128 64 16 3396
512 128 64 32 3339
512 128 64 64 3335
512 128 64 128 3323
512 128 64 256 3323
512 128 64 512 3323
512 128 128 1 6157
512 128 128 2 4426
512 128 128 4 3581
512 128 128 8 3412
512 128 128 16 3379
512 128 128 32 3330
512 128 128 64 3328
512 128 128 128 3320
512 128 128 256 3320
512 128 128 512 3320
512 128 256 1 6157
512 128 256 2 4431
512 128 256 4 3582
512 128 256 8 3413
512 128 256 16 3378
512 128 256 32 3330
512 128 256 64 3328
512 128 256 128 3320
512 128 256 256 3321
512 128 256 512 3320
512 128 512 1 6143
512 128 512 2 4425
512 128 512 4 3581
512 128 512 8 3413
512 128 512 16 3378
512 128 512 32 3330
512 128 512 64 3328
512 128 512 128 3320
512 128 512 256 3320
512 128 512 512 3320
512 256 1 1 8253
512 256 1 2 6744
512 256 1 4 5718
512 256 1 8 5080
512 256 1 16 4969
512 256 1 32 4466
512 256 1 64 4181
512 256 1 128 4036
512 256 1 256 4041
512 256 1 512 4041
512 256 2 1 6647
512 256 2 2 5587
512 256 2 4 4888
512 256 2 8 4542
512 256 2 16 4344
512 256 2 32 4024
512 256 2 64 3842
512 256 2 128 3660
512 256 2 256 3661
512 256 2 512 3662
512 256 4 1 5637
512 256 4 2 5207
512 256 4 4 4538
512 256 4 8 4145
512 256 4 16 3866
512 256 4 32 3666
512 256 4 64 3584
512 256 4 128 3475
512 256 4 256 3475
512 256 4 512 3475
512 256 8 1 6095
512 256 8 2 5442
512 256 8 4 4343
512 256 8 8 3873
512 256 8 16 3570
512 256 8 32 3457
512 256 8 64 3434
512 256 8 128 3393
512 256 8 256 3393
512 256 8 512 3393
512 256 16 1 7173
512 256 16 2 5376
512 256 16 4 3907
512 256 16 8 3578
512 256 16 16 3468
512 256 16 32 3390
512 256 16 64 3378
512 256 16 128 3353
512 256 16 256 3353
512 256 16 512 3353
512 256 32 1 6810
512 256 32 2 4764
512 256 32 4 3722
512 256 32 8 3491
512 256 32 16 3420
512 256 32 32 3353
512 256 32 64 3346
512 256 32 128 3331
512 256 32 256 3331
512 256 32 512 3331
512 256 64 1 6473
512 256 64 2 4573
512 256 64 4 3646
512 256 64 8 3449
512 256 64 16 3396
512 256 64 32 3339
512 256 64 64 3335
512 256 64 128 3323
512 256 64 256 3323
512 256 64 512 3323
512 256 128 1 6159
512 256 128 2 4427
512 256 128 4 3581
512 256 128 8 3414
512 256 128 16 3380
512 256 128 32 3331
512 256 128 64 3328
512 256 128 128 3322
512 256 128 256 3321
512 256 128 512 3321
512 256 256 1 6161
512 256 256 2 4422
512 256 256 4 3581
512 256 256 8 3413
512 256 256 16 3379
512 256 256 32 3331
512 256 256 64 3329
512 256 256 128 3321
512 256 256 256 3321
512 256 256 512 3321
512 256 512 1 6161
512 256 512 2 4426
512 256 512 4 3581
512 256 512 8 3414
512 256 512 16 3380
512 256 512 32 3331
512 256 512 64 3328
512 256 512 128 3321
512 256 512 256 3321
512 256 512 512 3321
512 512 1 1 8254
512 512 1 2 6747
512 512 1 4 5718
512 512 1 8 5081
512 512 1 16 4968
512 512 1 32 4466
512 512 1 64 4188
512 512 1 128 4036
512 512 1 256 4041
512 512 1 512 4042
512 512 2 1 6647
512 512 2 2 5588
512 512 2 4 4888
512 512 2 8 4546
512 512 2 16 4345
512 512 2 32 4026
512 512 2 64 3840
512 512 2 128 3659
512 512 2 256 3662
512 512 2 512 3662
512 512 4 1 5636
512 512 4 2 5211
512 512 4 4 4538
512 512 4 8 4144
512 512 4 16 3865
512 512 4 32 3664
512 512 4 64 3584
512 512 4 128 3474
512 512 4 256 3475
512 512 4 512 3475
512 512 8 1 6093
512 512 8 2 5446
512 512 8 4 4342
512 512 8 8 3875
512 512 8 16 3570
512 512 8 32 3456
512 512 8 64 3434
512 512 8 128 3393
512 512 8 256 3393
512 512 8 512 3393
512 512 16 1 7172
512 512 16 2 5352
512 512 16 4 3907
512 512 16 8 3578
512 512 16 16 3467
512 512 16 32 3389
512 512 16 64 3376
512 512 16 128 3352
512 512 16 256 3352
512 512 16 512 3352
512 512 32 1 6806
512 512 32 2 4761
512 512 32 4 3721
512 512 32 8 3490
512 512 32 16 3419
512 512 32 32 3352
512 512 32 64 3346
512 512 32 128 3331
512 512 32 256 3330
512 512 32 512 3330
512 512 64 1 6470
512 512 64 2 4599
512 512 64 4 3645
512 512 64 8 3448
512 512 64 16 3397
512 512 64 32 3339
512 512 64 64 3335
512 512 64 128 3323
512 512 64 256 3323
512 512 64 512 3323
512 512 128 1 6157
512 512 128 2 4422
512 512 128 4 3581
512 512 128 8 3414
512 512 128 16 3379
512 512 128 32 3331
512 512 128 64 3328
512 512 128 128 3321
512 512 128 256 3321
512 512 128 512 3321
512 512 256 1 6159
512 512 256 2 4426
512 512 256 4 3582
512 512 256 8 3414
512 512 256 16 3380
512 512 256 32 3331
512 512 256 64 3328
512 512 256 128 3321
512 512 256 256 3321
512 512 256 512 3321
512 512 512 1 6160
512 512 512 2 4426
512 512 512 4 3580
512 512 512 8 3414
512 512 512 16 3379
512 512 512 32 3331
512 512 512 64 3329
512 512 512 128 3321
512 512 512 256 3320
512 512 512 512 3320
exhaustive search took 35606268 milliseconds to converge.
Converged to: (4, 8, 256, 256) with performance: 3315 milliseconds
