Mon Oct 28 10:07:11 AM EDT 2024

Coordinate Descent:
Starting position: (1, 1, 1, 1) with performance: 24697 ms
Neighbor size: 8
Neighbor size: 10
tile size (t1, t2, t3, t4): (1, 4, 4, 1) with performance: 23048 ms
Neighbor size: 12
tile size (t1, t2, t3, t4): (1, 4, 4, 4) with performance: 22698 ms
Neighbor size: 14
tile size (t1, t2, t3, t4): (1, 4, 4, 8) with performance: 22584 ms
Neighbor size: 14
coordinate search took 1495035 milliseconds to converge.
Converged to: (1, 4, 4, 8) with performance: 22584 milliseconds

Exhaustive search:
1 1 1 1 24770
1 1 1 2 24845
1 1 1 4 24299
1 1 1 8 24012
1 1 1 16 23919
1 1 1 32 24284
1 1 1 64 24083
1 1 1 128 24437
1 1 1 256 24478
1 1 1 512 24605
1 1 2 1 24616
1 1 2 2 24299
1 1 2 4 23753
1 1 2 8 23890
1 1 2 16 23745
1 1 2 32 23410
1 1 2 64 23970
1 1 2 128 24268
1 1 2 256 24472
1 1 2 512 24361
1 1 4 1 24085
1 1 4 2 24050
1 1 4 4 23552
1 1 4 8 23469
1 1 4 16 23360
1 1 4 32 23247
1 1 4 64 23503
1 1 4 128 23994
1 1 4 256 24272
1 1 4 512 24038
1 1 8 1 23717
1 1 8 2 23965
1 1 8 4 23005
1 1 8 8 23362
1 1 8 16 23287
1 1 8 32 23345
1 1 8 64 23520
1 1 8 128 24085
1 1 8 256 24515
1 1 8 512 23835
1 1 16 1 23720
1 1 16 2 24148
1 1 16 4 23130
1 1 16 8 23312
1 1 16 16 23154
1 1 16 32 23312
1 1 16 64 23514
1 1 16 128 24388
1 1 16 256 24349
1 1 16 512 24407
1 1 32 1 23718
1 1 32 2 24045
1 1 32 4 23559
1 1 32 8 23315
1 1 32 16 23522
1 1 32 32 23688
1 1 32 64 23577
1 1 32 128 24437
1 1 32 256 24394
1 1 32 512 24483
1 1 64 1 24075
1 1 64 2 24044
1 1 64 4 23487
1 1 64 8 23546
1 1 64 16 23706
1 1 64 32 23511
1 1 64 64 23692
1 1 64 128 24452
1 1 64 256 24258
1 1 64 512 24398
1 1 128 1 24305
1 1 128 2 24336
1 1 128 4 24115
1 1 128 8 24248
1 1 128 16 24016
1 1 128 32 23784
1 1 128 64 23934
1 1 128 128 24327
1 1 128 256 24337
1 1 128 512 24391
1 1 256 1 24396
1 1 256 2 24637
1 1 256 4 24256
1 1 256 8 23767
1 1 256 16 24095
1 1 256 32 24306
1 1 256 64 23799
1 1 256 128 24263
1 1 256 256 24465
1 1 256 512 24430
1 1 512 1 24435
1 1 512 2 24729
1 1 512 4 24239
1 1 512 8 24063
1 1 512 16 24193
1 1 512 32 24162
1 1 512 64 23864
1 1 512 128 24302
1 1 512 256 24307
1 1 512 512 24383
1 2 1 1 24934
1 2 1 2 24819
1 2 1 4 23249
1 2 1 8 23154
1 2 1 16 23228
1 2 1 32 23637
1 2 1 64 23848
1 2 1 128 24368
1 2 1 256 24385
1 2 1 512 24518
1 2 2 1 23496
1 2 2 2 23407
1 2 2 4 23062
1 2 2 8 22999
1 2 2 16 22999
1 2 2 32 22969
1 2 2 64 23043
1 2 2 128 23894
1 2 2 256 23854
1 2 2 512 23768
1 2 4 1 23075
1 2 4 2 22988
1 2 4 4 22747
1 2 4 8 22481
1 2 4 16 22460
1 2 4 32 22550
1 2 4 64 23019
1 2 4 128 23835
1 2 4 256 23613
1 2 4 512 24132
1 2 8 1 22904
1 2 8 2 23040
1 2 8 4 22695
1 2 8 8 22561
1 2 8 16 22657
1 2 8 32 23059
1 2 8 64 23242
1 2 8 128 23792
1 2 8 256 23836
1 2 8 512 23820
1 2 16 1 23053
1 2 16 2 23000
1 2 16 4 22698
1 2 16 8 22680
1 2 16 16 22928
1 2 16 32 23161
1 2 16 64 23457
1 2 16 128 23923
1 2 16 256 23921
1 2 16 512 23961
1 2 32 1 23156
1 2 32 2 23335
1 2 32 4 22872
1 2 32 8 22626
1 2 32 16 23110
1 2 32 32 23322
1 2 32 64 23436
1 2 32 128 23870
1 2 32 256 24073
1 2 32 512 24037
1 2 64 1 23425
1 2 64 2 23409
1 2 64 4 22763
1 2 64 8 22815
1 2 64 16 23188
1 2 64 32 23500
1 2 64 64 23566
1 2 64 128 24150
1 2 64 256 24054
1 2 64 512 23842
1 2 128 1 23801
1 2 128 2 24197
1 2 128 4 23899
1 2 128 8 23583
1 2 128 16 23712
1 2 128 32 23571
1 2 128 64 23620
1 2 128 128 24237
1 2 128 256 24312
1 2 128 512 24286
1 2 256 1 23936
1 2 256 2 24254
1 2 256 4 23725
1 2 256 8 23590
1 2 256 16 23676
1 2 256 32 23630
1 2 256 64 23701
1 2 256 128 24260
1 2 256 256 24086
1 2 256 512 24263
1 2 512 1 23933
1 2 512 2 24222
1 2 512 4 23587
1 2 512 8 23558
1 2 512 16 23705
1 2 512 32 23537
1 2 512 64 23730
1 2 512 128 23957
1 2 512 256 24257
1 2 512 512 24039
1 4 1 1 24094
1 4 1 2 24255
1 4 1 4 23125
1 4 1 8 22937
1 4 1 16 23216
1 4 1 32 23564
1 4 1 64 23678
1 4 1 128 24287
1 4 1 256 24344
1 4 1 512 24309
1 4 2 1 23245
1 4 2 2 23128
1 4 2 4 22784
1 4 2 8 22732
1 4 2 16 22699
1 4 2 32 22712
1 4 2 64 23130
1 4 2 128 23860
1 4 2 256 23825
1 4 2 512 23978
1 4 4 1 23005
1 4 4 2 22916
1 4 4 4 22679
1 4 4 8 22567
1 4 4 16 22560
1 4 4 32 22528
1 4 4 64 23045
1 4 4 128 23727
1 4 4 256 23749
1 4 4 512 23690
1 4 8 1 22878
1 4 8 2 22848
1 4 8 4 22626
1 4 8 8 22550
1 4 8 16 22553
1 4 8 32 22782
1 4 8 64 23183
1 4 8 128 23934
1 4 8 256 23804
1 4 8 512 23816
1 4 16 1 22834
1 4 16 2 22849
1 4 16 4 22620
1 4 16 8 22618
1 4 16 16 22809
1 4 16 32 23091
1 4 16 64 23361
1 4 16 128 24004
1 4 16 256 23710
1 4 16 512 23837
1 4 32 1 22876
1 4 32 2 22910
1 4 32 4 22699
1 4 32 8 22824
1 4 32 16 23072
1 4 32 32 23236
1 4 32 64 23513
1 4 32 128 23828
1 4 32 256 23769
1 4 32 512 23767
1 4 64 1 23064
1 4 64 2 23007
1 4 64 4 22819
1 4 64 8 23168
1 4 64 16 23306
1 4 64 32 23163
1 4 64 64 23579
1 4 64 128 23850
1 4 64 256 23881
1 4 64 512 23958
1 4 128 1 24149
1 4 128 2 24385
1 4 128 4 23998
1 4 128 8 23711
1 4 128 16 23611
1 4 128 32 23615
1 4 128 64 23679
1 4 128 128 24197
1 4 128 256 24135
1 4 128 512 24216
1 4 256 1 24075
1 4 256 2 24195
1 4 256 4 23844
1 4 256 8 23531
1 4 256 16 23741
1 4 256 32 23763
1 4 256 64 23828
1 4 256 128 24053
1 4 256 256 24190
1 4 256 512 24144
1 4 512 1 24063
1 4 512 2 24054
1 4 512 4 23823
1 4 512 8 23580
1 4 512 16 23522
1 4 512 32 23579
1 4 512 64 23728
1 4 512 128 24192
1 4 512 256 24240
1 4 512 512 24198
1 8 1 1 24284
1 8 1 2 24460
1 8 1 4 23168
1 8 1 8 23189
1 8 1 16 23424
1 8 1 32 23596
1 8 1 64 23660
1 8 1 128 24034
1 8 1 256 24414
1 8 1 512 24188
1 8 2 1 23274
1 8 2 2 23199
1 8 2 4 22918
1 8 2 8 22783
1 8 2 16 22772
1 8 2 32 22912
1 8 2 64 23308
1 8 2 128 23976
1 8 2 256 24161
1 8 2 512 24003
1 8 4 1 22994
1 8 4 2 22922
1 8 4 4 22646
1 8 4 8 22595
1 8 4 16 22558
1 8 4 32 22564
1 8 4 64 23122
1 8 4 128 23896
1 8 4 256 23829
1 8 4 512 23899
1 8 8 1 22892
1 8 8 2 22912
1 8 8 4 22662
1 8 8 8 22591
1 8 8 16 22881
1 8 8 32 22740
1 8 8 64 23275
1 8 8 128 23761
1 8 8 256 23958
1 8 8 512 23887
1 8 16 1 22941
1 8 16 2 22955
1 8 16 4 22711
1 8 16 8 22794
1 8 16 16 23053
1 8 16 32 23413
1 8 16 64 23581
1 8 16 128 23830
1 8 16 256 23736
1 8 16 512 23891
1 8 32 1 22934
1 8 32 2 22940
1 8 32 4 22790
1 8 32 8 23125
1 8 32 16 23238
1 8 32 32 23507
1 8 32 64 23540
1 8 32 128 23896
1 8 32 256 23851
1 8 32 512 23818
1 8 64 1 23161
1 8 64 2 23518
1 8 64 4 22960
1 8 64 8 23230
1 8 64 16 23525
1 8 64 32 23586
1 8 64 64 23711
1 8 64 128 23996
1 8 64 256 23940
1 8 64 512 23836
1 8 128 1 24176
1 8 128 2 24153
1 8 128 4 24015
1 8 128 8 23625
1 8 128 16 23676
1 8 128 32 23792
1 8 128 64 23756
1 8 128 128 24325
1 8 128 256 24248
1 8 128 512 23816
1 8 256 1 24121
1 8 256 2 24424
1 8 256 4 24009
1 8 256 8 23611
1 8 256 16 23729
1 8 256 32 23607
1 8 256 64 23808
1 8 256 128 24305
1 8 256 256 23971
1 8 256 512 23844
1 8 512 1 24163
1 8 512 2 24348
1 8 512 4 24072
1 8 512 8 23506
1 8 512 16 23731
1 8 512 32 23674
1 8 512 64 23746
1 8 512 128 24290
1 8 512 256 24263
1 8 512 512 24158
1 16 1 1 24219
1 16 1 2 24412
1 16 1 4 23377
1 16 1 8 23235
1 16 1 16 23408
1 16 1 32 23657
1 16 1 64 23815
1 16 1 128 23935
1 16 1 256 24294
1 16 1 512 24419
1 16 2 1 23355
1 16 2 2 23336
1 16 2 4 23002
1 16 2 8 22966
1 16 2 16 22994
1 16 2 32 23105
1 16 2 64 23161
1 16 2 128 24191
1 16 2 256 24048
1 16 2 512 24132
1 16 4 1 23014
1 16 4 2 23074
1 16 4 4 22737
1 16 4 8 22712
1 16 4 16 22770
1 16 4 32 23082
1 16 4 64 23396
1 16 4 128 23834
1 16 4 256 23932
1 16 4 512 23965
1 16 8 1 22961
1 16 8 2 23019
1 16 8 4 22794
1 16 8 8 22813
1 16 8 16 23089
1 16 8 32 22964
1 16 8 64 23390
1 16 8 128 23834
1 16 8 256 23980
1 16 8 512 24006
1 16 16 1 22949
1 16 16 2 23187
1 16 16 4 22886
1 16 16 8 22918
1 16 16 16 23115
1 16 16 32 23294
1 16 16 64 23455
1 16 16 128 23849
1 16 16 256 23876
1 16 16 512 23876
1 16 32 1 23027
1 16 32 2 23321
1 16 32 4 23121
1 16 32 8 22956
1 16 32 16 23142
1 16 32 32 23256
1 16 32 64 23375
1 16 32 128 23872
1 16 32 256 23902
1 16 32 512 23912
1 16 64 1 23211
1 16 64 2 23588
1 16 64 4 23247
1 16 64 8 23390
1 16 64 16 23269
1 16 64 32 23568
1 16 64 64 23648
1 16 64 128 24083
1 16 64 256 23969
1 16 64 512 24037
1 16 128 1 24155
1 16 128 2 24050
1 16 128 4 24134
1 16 128 8 23572
1 16 128 16 23653
1 16 128 32 23488
1 16 128 64 23714
1 16 128 128 24243
1 16 128 256 24160
1 16 128 512 24092
1 16 256 1 24193
1 16 256 2 24466
1 16 256 4 24005
1 16 256 8 23515
1 16 256 16 23630
1 16 256 32 23574
1 16 256 64 23598
1 16 256 128 24302
1 16 256 256 24354
1 16 256 512 24412
1 16 512 1 24326
1 16 512 2 24511
1 16 512 4 24023
1 16 512 8 23642
1 16 512 16 23734
1 16 512 32 23672
1 16 512 64 23857
1 16 512 128 24293
1 16 512 256 24281
1 16 512 512 24292
1 32 1 1 24546
1 32 1 2 24485
1 32 1 4 23394
1 32 1 8 23411
1 32 1 16 23421
1 32 1 32 23795
1 32 1 64 23863
1 32 1 128 24562
1 32 1 256 24608
1 32 1 512 24633
1 32 2 1 23459
1 32 2 2 23412
1 32 2 4 23145
1 32 2 8 23217
1 32 2 16 23064
1 32 2 32 23138
1 32 2 64 23444
1 32 2 128 24155
1 32 2 256 24108
1 32 2 512 24210
1 32 4 1 23065
1 32 4 2 23171
1 32 4 4 22877
1 32 4 8 22838
1 32 4 16 22930
1 32 4 32 23065
1 32 4 64 23414
1 32 4 128 24190
1 32 4 256 24020
1 32 4 512 23941
1 32 8 1 23054
1 32 8 2 23208
1 32 8 4 22965
1 32 8 8 22929
1 32 8 16 22887
1 32 8 32 23293
1 32 8 64 23522
1 32 8 128 24067
1 32 8 256 23896
1 32 8 512 23775
1 32 16 1 23134
1 32 16 2 23458
1 32 16 4 23048
1 32 16 8 23067
1 32 16 16 23372
1 32 16 32 23429
1 32 16 64 23507
1 32 16 128 24061
1 32 16 256 23988
1 32 16 512 23933
1 32 32 1 23329
1 32 32 2 23736
1 32 32 4 23251
1 32 32 8 23359
1 32 32 16 23313
1 32 32 32 23561
1 32 32 64 23571
1 32 32 128 23965
1 32 32 256 23880
1 32 32 512 23722
1 32 64 1 23461
1 32 64 2 23905
1 32 64 4 23450
1 32 64 8 22971
1 32 64 16 23143
1 32 64 32 23611
1 32 64 64 23697
1 32 64 128 24037
1 32 64 256 23995
1 32 64 512 24083
1 32 128 1 24081
1 32 128 2 24308
1 32 128 4 24146
1 32 128 8 23710
1 32 128 16 23644
1 32 128 32 23642
1 32 128 64 23757
1 32 128 128 24213
1 32 128 256 24303
1 32 128 512 24161
1 32 256 1 24296
1 32 256 2 24491
1 32 256 4 23883
1 32 256 8 23666
1 32 256 16 23725
1 32 256 32 23625
1 32 256 64 23644
1 32 256 128 24178
1 32 256 256 23998
1 32 256 512 24225
1 32 512 1 24034
1 32 512 2 24437
1 32 512 4 23989
1 32 512 8 23648
1 32 512 16 23687
1 32 512 32 23971
1 32 512 64 23996
1 32 512 128 24105
1 32 512 256 24111
1 32 512 512 24133
1 64 1 1 24207
1 64 1 2 24262
1 64 1 4 23304
1 64 1 8 23426
1 64 1 16 23482
1 64 1 32 23765
1 64 1 64 24067
1 64 1 128 24392
1 64 1 256 24188
1 64 1 512 24500
1 64 2 1 23442
1 64 2 2 23562
1 64 2 4 23082
1 64 2 8 23173
1 64 2 16 23157
1 64 2 32 23178
1 64 2 64 23501
1 64 2 128 24156
1 64 2 256 24180
1 64 2 512 24174
1 64 4 1 23165
1 64 4 2 23204
1 64 4 4 22913
1 64 4 8 22922
1 64 4 16 22896
1 64 4 32 23233
1 64 4 64 23374
1 64 4 128 23906
1 64 4 256 23936
1 64 4 512 24037
1 64 8 1 23183
1 64 8 2 23444
1 64 8 4 23005
1 64 8 8 23085
1 64 8 16 23164
1 64 8 32 23294
1 64 8 64 23521
1 64 8 128 24003
1 64 8 256 23825
1 64 8 512 23849
1 64 16 1 23194
1 64 16 2 23523
1 64 16 4 23118
1 64 16 8 23048
1 64 16 16 23311
1 64 16 32 23370
1 64 16 64 23501
1 64 16 128 23854
1 64 16 256 23949
1 64 16 512 24101
1 64 32 1 23452
1 64 32 2 23933
1 64 32 4 23399
1 64 32 8 23522
1 64 32 16 23509
1 64 32 32 23446
1 64 32 64 23655
1 64 32 128 24046
1 64 32 256 23982
1 64 32 512 24149
1 64 64 1 23418
1 64 64 2 23661
1 64 64 4 23250
1 64 64 8 23470
1 64 64 16 23443
1 64 64 32 23502
1 64 64 64 23671
1 64 64 128 23756
1 64 64 256 23868
1 64 64 512 24204
1 64 128 1 24276
1 64 128 2 24445
1 64 128 4 24155
1 64 128 8 23893
1 64 128 16 23819
1 64 128 32 23851
1 64 128 64 23734
1 64 128 128 24171
1 64 128 256 24061
1 64 128 512 24375
1 64 256 1 24448
1 64 256 2 24498
1 64 256 4 24052
1 64 256 8 23666
1 64 256 16 23731
1 64 256 32 23697
1 64 256 64 23718
1 64 256 128 24264
1 64 256 256 24408
1 64 256 512 24226
1 64 512 1 24417
1 64 512 2 24163
1 64 512 4 24151
1 64 512 8 23552
1 64 512 16 23735
1 64 512 32 23694
1 64 512 64 23752
1 64 512 128 24204
1 64 512 256 24103
1 64 512 512 24360
1 128 1 1 24540
1 128 1 2 24611
1 128 1 4 23565
1 128 1 8 23619
1 128 1 16 23631
1 128 1 32 23977
1 128 1 64 23927
1 128 1 128 24235
1 128 1 256 24049
1 128 1 512 24396
1 128 2 1 23671
1 128 2 2 23631
1 128 2 4 23313
1 128 2 8 23249
1 128 2 16 23333
1 128 2 32 23392
1 128 2 64 23551
1 128 2 128 23869
1 128 2 256 24172
1 128 2 512 24068
1 128 4 1 23245
1 128 4 2 23440
1 128 4 4 22990
1 128 4 8 22914
1 128 4 16 23035
1 128 4 32 23345
1 128 4 64 23339
1 128 4 128 24063
1 128 4 256 23923
1 128 4 512 23912
1 128 8 1 23300
1 128 8 2 23823
1 128 8 4 23116
1 128 8 8 23102
1 128 8 16 23198
1 128 8 32 23385
1 128 8 64 23624
1 128 8 128 24165
1 128 8 256 23913
1 128 8 512 23881
1 128 16 1 23622
1 128 16 2 23923
1 128 16 4 23367
1 128 16 8 23269
1 128 16 16 23455
1 128 16 32 23609
1 128 16 64 23660
1 128 16 128 24146
1 128 16 256 24045
1 128 16 512 24121
1 128 32 1 23524
1 128 32 2 23854
1 128 32 4 23324
1 128 32 8 23536
1 128 32 16 23456
1 128 32 32 23514
1 128 32 64 23576
1 128 32 128 24025
1 128 32 256 23976
1 128 32 512 24056
1 128 64 1 23779
1 128 64 2 23780
1 128 64 4 23627
1 128 64 8 23524
1 128 64 16 23540
1 128 64 32 23563
1 128 64 64 23583
1 128 64 128 24028
1 128 64 256 24256
1 128 64 512 24238
1 128 128 1 24444
1 128 128 2 24303
1 128 128 4 24247
1 128 128 8 23891
1 128 128 16 23785
1 128 128 32 23880
1 128 128 64 23828
1 128 128 128 24087
1 128 128 256 24339
1 128 128 512 24395
1 128 256 1 24236
1 128 256 2 24356
1 128 256 4 23996
1 128 256 8 23810
1 128 256 16 23837
1 128 256 32 23874
1 128 256 64 23690
1 128 256 128 24079
1 128 256 256 24364
1 128 256 512 24481
1 128 512 1 24310
1 128 512 2 24419
1 128 512 4 24136
1 128 512 8 23730
1 128 512 16 23900
1 128 512 32 23762
1 128 512 64 23986
1 128 512 128 24049
1 128 512 256 24230
1 128 512 512 24372
1 256 1 1 24432
1 256 1 2 24555
1 256 1 4 23508
1 256 1 8 23667
1 256 1 16 23568
1 256 1 32 23888
1 256 1 64 24101
1 256 1 128 24517
1 256 1 256 24459
1 256 1 512 24411
1 256 2 1 23673
1 256 2 2 23655
1 256 2 4 23217
1 256 2 8 23345
1 256 2 16 23191
1 256 2 32 23435
1 256 2 64 23441
1 256 2 128 24253
1 256 2 256 24183
1 256 2 512 23804
1 256 4 1 23165
1 256 4 2 23238
1 256 4 4 22850
1 256 4 8 22815
1 256 4 16 22996
1 256 4 32 23223
1 256 4 64 23406
1 256 4 128 23969
1 256 4 256 24021
1 256 4 512 24099
1 256 8 1 23468
1 256 8 2 23829
1 256 8 4 23018
1 256 8 8 23063
1 256 8 16 23100
1 256 8 32 23415
1 256 8 64 23637
1 256 8 128 23834
1 256 8 256 24099
1 256 8 512 23997
1 256 16 1 23661
1 256 16 2 23973
1 256 16 4 23393
1 256 16 8 23201
1 256 16 16 23464
1 256 16 32 23328
1 256 16 64 23627
1 256 16 128 23951
1 256 16 256 24000
1 256 16 512 24016
1 256 32 1 23733
1 256 32 2 23701
1 256 32 4 23485
1 256 32 8 23250
1 256 32 16 23549
1 256 32 32 23603
1 256 32 64 23545
1 256 32 128 23851
1 256 32 256 23864
1 256 32 512 24112
1 256 64 1 23782
1 256 64 2 23966
1 256 64 4 23519
1 256 64 8 23405
1 256 64 16 23460
1 256 64 32 23493
1 256 64 64 23730
1 256 64 128 24064
1 256 64 256 24189
1 256 64 512 24347
1 256 128 1 24453
1 256 128 2 24110
1 256 128 4 23947
1 256 128 8 23808
1 256 128 16 23767
1 256 128 32 23769
1 256 128 64 23902
1 256 128 128 24278
1 256 128 256 24361
1 256 128 512 24465
1 256 256 1 24444
1 256 256 2 24584
1 256 256 4 24236
1 256 256 8 23854
1 256 256 16 23699
1 256 256 32 23610
1 256 256 64 23774
1 256 256 128 24297
1 256 256 256 24203
1 256 256 512 24418
1 256 512 1 23987
1 256 512 2 24411
1 256 512 4 24042
1 256 512 8 23737
1 256 512 16 23780
1 256 512 32 23642
1 256 512 64 23918
1 256 512 128 24188
1 256 512 256 24163
1 256 512 512 24392
1 512 1 1 24473
1 512 1 2 24597
1 512 1 4 23245
1 512 1 8 23441
1 512 1 16 23638
1 512 1 32 23823
1 512 1 64 23852
1 512 1 128 24227
1 512 1 256 24003
1 512 1 512 24508
1 512 2 1 23652
1 512 2 2 23624
1 512 2 4 23180
1 512 2 8 23321
1 512 2 16 23313
1 512 2 32 23366
1 512 2 64 23495
1 512 2 128 24052
1 512 2 256 24078
1 512 2 512 24237
1 512 4 1 23235
1 512 4 2 23449
1 512 4 4 22960
1 512 4 8 22853
1 512 4 16 22833
1 512 4 32 23101
1 512 4 64 23282
1 512 4 128 23857
1 512 4 256 24008
1 512 4 512 24149
1 512 8 1 23235
1 512 8 2 23560
1 512 8 4 23041
1 512 8 8 23036
1 512 8 16 23221
1 512 8 32 23374
1 512 8 64 23492
1 512 8 128 23939
1 512 8 256 23977
1 512 8 512 23922
1 512 16 1 23464
1 512 16 2 23832
1 512 16 4 23248
1 512 16 8 23494
1 512 16 16 23336
1 512 16 32 23552
1 512 16 64 23671
1 512 16 128 24011
1 512 16 256 24109
1 512 16 512 24127
1 512 32 1 23733
1 512 32 2 23967
1 512 32 4 23401
1 512 32 8 23395
1 512 32 16 23426
1 512 32 32 23499
1 512 32 64 23597
1 512 32 128 24171
1 512 32 256 24071
1 512 32 512 24060
1 512 64 1 23585
1 512 64 2 23596
1 512 64 4 23432
1 512 64 8 23491
1 512 64 16 23518
1 512 64 32 23633
1 512 64 64 23714
1 512 64 128 24296
1 512 64 256 24248
1 512 64 512 23926
1 512 128 1 24424
1 512 128 2 24317
1 512 128 4 24314
1 512 128 8 23707
1 512 128 16 23882
1 512 128 32 23874
1 512 128 64 23820
1 512 128 128 24478
1 512 128 256 24529
1 512 128 512 24589
1 512 256 1 24437
1 512 256 2 24382
1 512 256 4 24258
1 512 256 8 23674
1 512 256 16 23790
1 512 256 32 23841
1 512 256 64 24124
1 512 256 128 24503
1 512 256 256 24503
1 512 256 512 24433
1 512 512 1 24328
1 512 512 2 24675
1 512 512 4 23976
1 512 512 8 23660
1 512 512 16 23603
1 512 512 32 23881
1 512 512 64 23825
1 512 512 128 24291
1 512 512 256 24541
1 512 512 512 24231
2 1 1 1 24765
2 1 1 2 24796
2 1 1 4 23772
2 1 1 8 23543
2 1 1 16 23354
2 1 1 32 23718
2 1 1 64 23698
2 1 1 128 24481
2 1 1 256 24518
2 1 1 512 24476
2 1 2 1 24550
2 1 2 2 24559
2 1 2 4 23632
2 1 2 8 23425
2 1 2 16 23147
2 1 2 32 23294
2 1 2 64 23407
2 1 2 128 24180
2 1 2 256 23917
2 1 2 512 24144
2 1 4 1 23693
2 1 4 2 23832
2 1 4 4 23086
2 1 4 8 23105
2 1 4 16 22698
2 1 4 32 22969
2 1 4 64 23075
2 1 4 128 24044
2 1 4 256 24127
2 1 4 512 24006
2 1 8 1 23366
2 1 8 2 23465
2 1 8 4 22961
2 1 8 8 22852
2 1 8 16 22819
2 1 8 32 22996
2 1 8 64 23357
2 1 8 128 24240
2 1 8 256 23992
2 1 8 512 24089
2 1 16 1 23407
2 1 16 2 23675
2 1 16 4 23045
2 1 16 8 22981
2 1 16 16 22944
2 1 16 32 23190
2 1 16 64 23398
2 1 16 128 24024
2 1 16 256 23991
2 1 16 512 24362
2 1 32 1 23448
2 1 32 2 23666
2 1 32 4 23076
2 1 32 8 23003
2 1 32 16 23327
2 1 32 32 23338
2 1 32 64 23523
2 1 32 128 24307
2 1 32 256 24216
2 1 32 512 24323
2 1 64 1 23584
2 1 64 2 23886
2 1 64 4 23461
2 1 64 8 23422
2 1 64 16 23635
2 1 64 32 23618
2 1 64 64 23702
2 1 64 128 24098
2 1 64 256 24190
2 1 64 512 24341
2 1 128 1 24054
2 1 128 2 24722
2 1 128 4 23758
2 1 128 8 23765
2 1 128 16 23695
2 1 128 32 23900
2 1 128 64 24006
2 1 128 128 24274
2 1 128 256 24472
2 1 128 512 24157
2 1 256 1 24032
2 1 256 2 24658
2 1 256 4 24220
2 1 256 8 23817
2 1 256 16 23777
2 1 256 32 23719
2 1 256 64 24106
2 1 256 128 24372
2 1 256 256 24008
2 1 256 512 24098
2 1 512 1 24270
2 1 512 2 24766
2 1 512 4 24155
2 1 512 8 23727
2 1 512 16 23800
2 1 512 32 23693
2 1 512 64 23982
2 1 512 128 24409
2 1 512 256 24172
2 1 512 512 24470
2 2 1 1 24019
2 2 1 2 24329
2 2 1 4 23307
2 2 1 8 23148
2 2 1 16 23364
2 2 1 32 23448
2 2 1 64 23660
2 2 1 128 24244
2 2 1 256 24387
2 2 1 512 24580
2 2 2 1 23578
2 2 2 2 23402
2 2 2 4 23034
2 2 2 8 22936
2 2 2 16 22911
2 2 2 32 23225
2 2 2 64 23262
2 2 2 128 23941
2 2 2 256 23995
2 2 2 512 23977
2 2 4 1 23142
2 2 4 2 23118
2 2 4 4 22732
2 2 4 8 22615
2 2 4 16 22571
2 2 4 32 22699
2 2 4 64 22967
2 2 4 128 23724
2 2 4 256 23585
2 2 4 512 23614
2 2 8 1 23113
2 2 8 2 23086
2 2 8 4 22739
2 2 8 8 22697
2 2 8 16 22596
2 2 8 32 22782
2 2 8 64 23093
2 2 8 128 23816
2 2 8 256 24088
2 2 8 512 24002
2 2 16 1 22941
2 2 16 2 22930
2 2 16 4 22740
2 2 16 8 22697
2 2 16 16 22842
2 2 16 32 23008
2 2 16 64 23197
2 2 16 128 23875
2 2 16 256 23966
2 2 16 512 23930
2 2 32 1 23135
2 2 32 2 22945
2 2 32 4 22652
2 2 32 8 22643
2 2 32 16 22883
2 2 32 32 23124
2 2 32 64 23546
2 2 32 128 24194
2 2 32 256 24171
2 2 32 512 24063
2 2 64 1 23208
2 2 64 2 23134
2 2 64 4 22913
2 2 64 8 22962
2 2 64 16 23145
2 2 64 32 23369
2 2 64 64 23555
2 2 64 128 24117
2 2 64 256 24249
2 2 64 512 24071
2 2 128 1 23882
2 2 128 2 24076
2 2 128 4 23834
2 2 128 8 23484
2 2 128 16 23638
2 2 128 32 23521
2 2 128 64 23802
2 2 128 128 24363
2 2 128 256 24205
2 2 128 512 24233
2 2 256 1 23989
2 2 256 2 24184
2 2 256 4 23713
2 2 256 8 23523
2 2 256 16 23533
2 2 256 32 23582
2 2 256 64 23605
2 2 256 128 24295
2 2 256 256 24304
2 2 256 512 24222
2 2 512 1 24095
2 2 512 2 24180
2 2 512 4 23736
2 2 512 8 23560
2 2 512 16 23573
2 2 512 32 23583
2 2 512 64 23625
2 2 512 128 24325
2 2 512 256 24397
2 2 512 512 24262
2 4 1 1 23473
2 4 1 2 24169
2 4 1 4 23211
2 4 1 8 23179
2 4 1 16 23207
2 4 1 32 23420
2 4 1 64 23517
2 4 1 128 24071
2 4 1 256 24393
2 4 1 512 24533
2 4 2 1 23374
2 4 2 2 23313
2 4 2 4 22913
2 4 2 8 22765
2 4 2 16 22749
2 4 2 32 22820
2 4 2 64 23121
2 4 2 128 24062
2 4 2 256 24035
2 4 2 512 24040
2 4 4 1 23080
2 4 4 2 23024
2 4 4 4 22764
2 4 4 8 22608
2 4 4 16 22590
2 4 4 32 22577
2 4 4 64 23006
2 4 4 128 23710
2 4 4 256 23882
2 4 4 512 24000
2 4 8 1 22967
2 4 8 2 22952
2 4 8 4 22686
2 4 8 8 22650
2 4 8 16 22616
2 4 8 32 22890
2 4 8 64 23208
2 4 8 128 24080
2 4 8 256 23837
2 4 8 512 23738
2 4 16 1 22930
2 4 16 2 22965
2 4 16 4 22715
2 4 16 8 22664
2 4 16 16 22717
2 4 16 32 23056
2 4 16 64 23386
2 4 16 128 23801
2 4 16 256 23808
2 4 16 512 23766
2 4 32 1 22938
2 4 32 2 22921
2 4 32 4 22750
2 4 32 8 22799
2 4 32 16 22908
2 4 32 32 23257
2 4 32 64 23298
2 4 32 128 23829
2 4 32 256 24009
2 4 32 512 23973
2 4 64 1 23113
2 4 64 2 23162
2 4 64 4 22847
2 4 64 8 23135
2 4 64 16 23315
2 4 64 32 23494
2 4 64 64 23555
2 4 64 128 24025
2 4 64 256 23961
2 4 64 512 24111
2 4 128 1 23759
2 4 128 2 24180
2 4 128 4 23707
2 4 128 8 23536
2 4 128 16 23621
2 4 128 32 23499
2 4 128 64 23762
2 4 128 128 24003
2 4 128 256 24295
2 4 128 512 24349
2 4 256 1 23802
2 4 256 2 24220
2 4 256 4 23739
2 4 256 8 23517
2 4 256 16 23598
2 4 256 32 23481
2 4 256 64 23771
2 4 256 128 24232
2 4 256 256 24307
2 4 256 512 24238
2 4 512 1 23855
2 4 512 2 24049
2 4 512 4 23809
2 4 512 8 23649
2 4 512 16 23605
2 4 512 32 23708
2 4 512 64 23850
2 4 512 128 24197
2 4 512 256 24155
2 4 512 512 24404
2 8 1 1 23546
2 8 1 2 23942
2 8 1 4 23169
2 8 1 8 23130
2 8 1 16 23360
2 8 1 32 23453
2 8 1 64 23750
2 8 1 128 24341
2 8 1 256 24096
2 8 1 512 24339
2 8 2 1 23195
2 8 2 2 23202
2 8 2 4 22930
2 8 2 8 22858
2 8 2 16 22965
2 8 2 32 22911
2 8 2 64 23210
2 8 2 128 24242
2 8 2 256 24054
2 8 2 512 24112
2 8 4 1 23024
2 8 4 2 23052
2 8 4 4 22737
2 8 4 8 22642
2 8 4 16 22601
2 8 4 32 22669
2 8 4 64 23118
2 8 4 128 23943
2 8 4 256 23906
2 8 4 512 23803
2 8 8 1 22973
2 8 8 2 22979
2 8 8 4 22741
2 8 8 8 22684
2 8 8 16 22765
2 8 8 32 23018
2 8 8 64 23207
2 8 8 128 23975
2 8 8 256 23828
2 8 8 512 23813
2 8 16 1 22986
2 8 16 2 23033
2 8 16 4 22807
2 8 16 8 22717
2 8 16 16 23002
2 8 16 32 23160
2 8 16 64 23530
2 8 16 128 24042
2 8 16 256 23997
2 8 16 512 24069
2 8 32 1 22999
2 8 32 2 23039
2 8 32 4 22907
2 8 32 8 23220
2 8 32 16 23144
2 8 32 32 23380
2 8 32 64 23271
2 8 32 128 23864
2 8 32 256 24034
2 8 32 512 24081
2 8 64 1 23154
2 8 64 2 23237
2 8 64 4 23091
2 8 64 8 23253
2 8 64 16 23314
2 8 64 32 23209
2 8 64 64 23687
2 8 64 128 23783
2 8 64 256 24009
2 8 64 512 23884
2 8 128 1 23942
2 8 128 2 24103
2 8 128 4 23911
2 8 128 8 23657
2 8 128 16 23556
2 8 128 32 23663
2 8 128 64 23723
2 8 128 128 24198
2 8 128 256 24335
2 8 128 512 24587
2 8 256 1 23962
2 8 256 2 24095
2 8 256 4 23756
2 8 256 8 23575
2 8 256 16 23553
2 8 256 32 23706
2 8 256 64 23760
2 8 256 128 24330
2 8 256 256 24245
2 8 256 512 24330
2 8 512 1 23962
2 8 512 2 24119
2 8 512 4 23769
2 8 512 8 23606
2 8 512 16 23625
2 8 512 32 23713
2 8 512 64 23769
2 8 512 128 24255
2 8 512 256 24382
2 8 512 512 24471
2 16 1 1 23614
2 16 1 2 23902
2 16 1 4 23084
2 16 1 8 23180
2 16 1 16 23411
2 16 1 32 23550
2 16 1 64 23802
2 16 1 128 24543
2 16 1 256 24480
2 16 1 512 24673
2 16 2 1 23426
2 16 2 2 23392
2 16 2 4 23030
2 16 2 8 22982
2 16 2 16 23002
2 16 2 32 23163
2 16 2 64 23358
2 16 2 128 24403
2 16 2 256 24595
2 16 2 512 24597
2 16 4 1 23078
2 16 4 2 23151
2 16 4 4 22881
2 16 4 8 22789
2 16 4 16 22696
2 16 4 32 22808
2 16 4 64 23280
2 16 4 128 24156
2 16 4 256 23844
2 16 4 512 23892
2 16 8 1 23017
2 16 8 2 23184
2 16 8 4 22900
2 16 8 8 22918
2 16 8 16 22894
2 16 8 32 23121
2 16 8 64 23536
2 16 8 128 24223
2 16 8 256 24339
2 16 8 512 24087
2 16 16 1 23054
2 16 16 2 23235
2 16 16 4 22961
2 16 16 8 22946
2 16 16 16 23235
2 16 16 32 23456
2 16 16 64 23434
2 16 16 128 24041
2 16 16 256 24143
2 16 16 512 23989
2 16 32 1 23162
2 16 32 2 23218
2 16 32 4 23137
2 16 32 8 23317
2 16 32 16 23307
2 16 32 32 23498
2 16 32 64 23466
2 16 32 128 24174
2 16 32 256 24135
2 16 32 512 24189
2 16 64 1 23374
2 16 64 2 23403
2 16 64 4 23286
2 16 64 8 23388
2 16 64 16 23409
2 16 64 32 23589
2 16 64 64 23766
2 16 64 128 23976
2 16 64 256 24127
2 16 64 512 24118
2 16 128 1 23910
2 16 128 2 24372
2 16 128 4 23722
2 16 128 8 23501
2 16 128 16 23796
2 16 128 32 23595
2 16 128 64 23975
2 16 128 128 24435
2 16 128 256 24464
2 16 128 512 24374
2 16 256 1 24192
2 16 256 2 24441
2 16 256 4 23948
2 16 256 8 23625
2 16 256 16 23787
2 16 256 32 23752
2 16 256 64 23746
2 16 256 128 24189
2 16 256 256 24318
2 16 256 512 24172
2 16 512 1 24177
2 16 512 2 24112
2 16 512 4 23851
2 16 512 8 23568
2 16 512 16 23718
2 16 512 32 23622
2 16 512 64 24021
2 16 512 128 24587
2 16 512 256 24471
2 16 512 512 24418
2 32 1 1 23837
2 32 1 2 24053
2 32 1 4 23255
2 32 1 8 23385
2 32 1 16 23377
2 32 1 32 23841
2 32 1 64 24027
2 32 1 128 24877
2 32 1 256 24729
2 32 1 512 24533
2 32 2 1 23593
2 32 2 2 23575
2 32 2 4 23191
2 32 2 8 23253
2 32 2 16 23281
2 32 2 32 23412
2 32 2 64 23633
2 32 2 128 24380
2 32 2 256 24319
2 32 2 512 24338
2 32 4 1 23195
2 32 4 2 23245
2 32 4 4 22967
2 32 4 8 22872
2 32 4 16 22955
2 32 4 32 23311
2 32 4 64 23462
2 32 4 128 23983
2 32 4 256 24115
2 32 4 512 24062
2 32 8 1 23168
2 32 8 2 23339
2 32 8 4 23053
2 32 8 8 23070
2 32 8 16 23215
2 32 8 32 23200
2 32 8 64 23532
2 32 8 128 24215
2 32 8 256 24133
2 32 8 512 24017
2 32 16 1 23266
2 32 16 2 23510
2 32 16 4 23246
2 32 16 8 23429
2 32 16 16 23500
2 32 16 32 23411
2 32 16 64 23583
2 32 16 128 24242
2 32 16 256 24198
2 32 16 512 24207
2 32 32 1 23484
2 32 32 2 23696
2 32 32 4 23370
2 32 32 8 23223
2 32 32 16 23358
2 32 32 32 23422
2 32 32 64 23488
2 32 32 128 24273
2 32 32 256 24116
2 32 32 512 23995
2 32 64 1 23560
2 32 64 2 23687
2 32 64 4 23342
2 32 64 8 23441
2 32 64 16 23400
2 32 64 32 23505
2 32 64 64 24005
2 32 64 128 24061
2 32 64 256 24309
2 32 64 512 24227
2 32 128 1 24329
2 32 128 2 24160
2 32 128 4 23699
2 32 128 8 23704
2 32 128 16 23734
2 32 128 32 23623
2 32 128 64 23822
2 32 128 128 24434
2 32 128 256 24269
2 32 128 512 24312
2 32 256 1 24226
2 32 256 2 24252
2 32 256 4 24094
2 32 256 8 23620
2 32 256 16 23766
2 32 256 32 23959
2 32 256 64 24062
2 32 256 128 24510
2 32 256 256 24439
2 32 256 512 24403
2 32 512 1 24215
2 32 512 2 24459
2 32 512 4 24012
2 32 512 8 23691
2 32 512 16 23946
2 32 512 32 23782
2 32 512 64 24019
2 32 512 128 24432
2 32 512 256 24411
2 32 512 512 24444
2 64 1 1 24155
2 64 1 2 24217
2 64 1 4 23489
2 64 1 8 23322
2 64 1 16 23375
2 64 1 32 23933
2 64 1 64 24252
2 64 1 128 24763
2 64 1 256 24816
2 64 1 512 24770
2 64 2 1 23633
2 64 2 2 23595
2 64 2 4 23252
2 64 2 8 23087
2 64 2 16 23169
2 64 2 32 23405
2 64 2 64 23635
2 64 2 128 24154
2 64 2 256 24250
2 64 2 512 24363
2 64 4 1 23239
2 64 4 2 23398
2 64 4 4 23013
2 64 4 8 22991
2 64 4 16 23029
2 64 4 32 23129
2 64 4 64 23505
2 64 4 128 24371
2 64 4 256 24363
2 64 4 512 24002
2 64 8 1 23074
2 64 8 2 23362
2 64 8 4 23121
2 64 8 8 23118
2 64 8 16 23207
2 64 8 32 23200
2 64 8 64 23595
2 64 8 128 24332
2 64 8 256 24009
2 64 8 512 24178
2 64 16 1 23277
2 64 16 2 23534
2 64 16 4 23240
2 64 16 8 23301
2 64 16 16 23200
2 64 16 32 23430
2 64 16 64 23658
2 64 16 128 24200
2 64 16 256 24081
2 64 16 512 24022
2 64 32 1 23551
2 64 32 2 23552
2 64 32 4 23370
2 64 32 8 23222
2 64 32 16 23509
2 64 32 32 23606
2 64 32 64 23673
2 64 32 128 24296
2 64 32 256 24209
2 64 32 512 24338
2 64 64 1 23706
2 64 64 2 23658
2 64 64 4 23444
2 64 64 8 23636
2 64 64 16 23468
2 64 64 32 23574
2 64 64 64 23784
2 64 64 128 24350
2 64 64 256 24270
2 64 64 512 24289
2 64 128 1 24303
2 64 128 2 24504
2 64 128 4 23959
2 64 128 8 23588
2 64 128 16 23846
2 64 128 32 23875
2 64 128 64 24016
2 64 128 128 24373
2 64 128 256 24240
2 64 128 512 24400
2 64 256 1 24245
2 64 256 2 24245
2 64 256 4 24028
2 64 256 8 23974
2 64 256 16 23778
2 64 256 32 23833
2 64 256 64 24092
2 64 256 128 24604
2 64 256 256 24601
2 64 256 512 24268
2 64 512 1 24427
2 64 512 2 24347
2 64 512 4 23925
2 64 512 8 23649
2 64 512 16 23879
2 64 512 32 23776
2 64 512 64 23874
2 64 512 128 24385
2 64 512 256 24363
2 64 512 512 24586
2 128 1 1 24052
2 128 1 2 24388
2 128 1 4 23630
2 128 1 8 23524
2 128 1 16 23592
2 128 1 32 24098
2 128 1 64 24336
2 128 1 128 24792
2 128 1 256 24719
2 128 1 512 24664
2 128 2 1 23787
2 128 2 2 23747
2 128 2 4 23364
2 128 2 8 23389
2 128 2 16 23364
2 128 2 32 23380
2 128 2 64 23512
2 128 2 128 24389
2 128 2 256 24335
2 128 2 512 24424
2 128 4 1 23394
2 128 4 2 23540
2 128 4 4 23135
2 128 4 8 23068
2 128 4 16 23004
2 128 4 32 23253
2 128 4 64 23478
2 128 4 128 24344
2 128 4 256 24322
2 128 4 512 24250
2 128 8 1 23469
2 128 8 2 23741
2 128 8 4 23156
2 128 8 8 23233
2 128 8 16 23178
2 128 8 32 23257
2 128 8 64 23384
2 128 8 128 24093
2 128 8 256 24379
2 128 8 512 24100
2 128 16 1 23484
2 128 16 2 23743
2 128 16 4 23413
2 128 16 8 23331
2 128 16 16 23595
2 128 16 32 23349
2 128 16 64 23672
2 128 16 128 24465
2 128 16 256 24276
2 128 16 512 24166
2 128 32 1 23694
2 128 32 2 23644
2 128 32 4 23344
2 128 32 8 23116
2 128 32 16 23447
2 128 32 32 23637
2 128 32 64 23647
2 128 32 128 24363
2 128 32 256 24245
2 128 32 512 24315
2 128 64 1 23709
2 128 64 2 23363
2 128 64 4 23354
2 128 64 8 23400
2 128 64 16 23392
2 128 64 32 23853
2 128 64 64 23857
2 128 64 128 24459
2 128 64 256 24450
2 128 64 512 24270
2 128 128 1 24426
2 128 128 2 24328
2 128 128 4 24290
2 128 128 8 23781
2 128 128 16 23931
2 128 128 32 24041
2 128 128 64 24046
2 128 128 128 24084
2 128 128 256 24561
2 128 128 512 24698
2 128 256 1 24509
2 128 256 2 24412
2 128 256 4 24253
2 128 256 8 23950
2 128 256 16 23905
2 128 256 32 23989
2 128 256 64 24078
2 128 256 128 24692
2 128 256 256 24544
2 128 256 512 24479
2 128 512 1 24387
2 128 512 2 24363
2 128 512 4 24363
2 128 512 8 23730
2 128 512 16 23756
2 128 512 32 23880
2 128 512 64 24220
2 128 512 128 24498
2 128 512 256 24509
2 128 512 512 24493
2 256 1 1 24509
2 256 1 2 24448
2 256 1 4 23629
2 256 1 8 23547
2 256 1 16 23612
2 256 1 32 24033
2 256 1 64 24018
2 256 1 128 24820
2 256 1 256 24755
2 256 1 512 24814
2 256 2 1 23780
2 256 2 2 23730
2 256 2 4 23485
2 256 2 8 23351
2 256 2 16 23142
2 256 2 32 23384
2 256 2 64 23487
2 256 2 128 24406
2 256 2 256 24422
2 256 2 512 24277
2 256 4 1 23353
2 256 4 2 23475
2 256 4 4 23188
2 256 4 8 23066
2 256 4 16 22933
2 256 4 32 23230
2 256 4 64 23405
2 256 4 128 24244
2 256 4 256 24097
2 256 4 512 24263
2 256 8 1 23420
2 256 8 2 23669
2 256 8 4 23206
2 256 8 8 23302
2 256 8 16 23273
2 256 8 32 23447
2 256 8 64 23624
2 256 8 128 24078
2 256 8 256 24245
2 256 8 512 24010
2 256 16 1 23567
2 256 16 2 23651
2 256 16 4 23433
2 256 16 8 23275
2 256 16 16 23399
2 256 16 32 23510
2 256 16 64 23534
2 256 16 128 24275
2 256 16 256 24322
2 256 16 512 24329
2 256 32 1 23426
2 256 32 2 23577
2 256 32 4 23529
2 256 32 8 23352
2 256 32 16 23596
2 256 32 32 23566
2 256 32 64 23890
2 256 32 128 24444
2 256 32 256 24319
2 256 32 512 24421
2 256 64 1 23816
2 256 64 2 23692
2 256 64 4 23415
2 256 64 8 23478
2 256 64 16 23671
2 256 64 32 23776
2 256 64 64 23914
2 256 64 128 24501
2 256 64 256 24471
2 256 64 512 24370
2 256 128 1 24210
2 256 128 2 24303
2 256 128 4 23981
2 256 128 8 23629
2 256 128 16 23775
2 256 128 32 23876
2 256 128 64 23849
2 256 128 128 24426
2 256 128 256 24491
2 256 128 512 24657
2 256 256 1 24381
2 256 256 2 24307
2 256 256 4 23897
2 256 256 8 23825
2 256 256 16 23895
2 256 256 32 23836
2 256 256 64 24213
2 256 256 128 24570
2 256 256 256 24585
2 256 256 512 24664
2 256 512 1 24390
2 256 512 2 24416
2 256 512 4 24178
2 256 512 8 23884
2 256 512 16 23834
2 256 512 32 23907
2 256 512 64 23872
2 256 512 128 24394
2 256 512 256 24407
2 256 512 512 24159
2 512 1 1 24176
2 512 1 2 24462
2 512 1 4 23609
2 512 1 8 23564
2 512 1 16 23538
2 512 1 32 24014
2 512 1 64 24365
2 512 1 128 24849
2 512 1 256 24731
2 512 1 512 24746
2 512 2 1 23733
2 512 2 2 23768
2 512 2 4 23496
2 512 2 8 23323
2 512 2 16 23240
2 512 2 32 23643
2 512 2 64 23685
2 512 2 128 24420
2 512 2 256 24570
2 512 2 512 24281
2 512 4 1 23354
2 512 4 2 23385
2 512 4 4 23133
2 512 4 8 23051
2 512 4 16 22964
2 512 4 32 23308
2 512 4 64 23513
2 512 4 128 24198
2 512 4 256 24126
2 512 4 512 24110
2 512 8 1 23348
2 512 8 2 23666
2 512 8 4 23141
2 512 8 8 23239
2 512 8 16 23299
2 512 8 32 23483
2 512 8 64 23546
2 512 8 128 24234
2 512 8 256 24414
2 512 8 512 24272
2 512 16 1 23756
2 512 16 2 23733
2 512 16 4 23345
2 512 16 8 23377
2 512 16 16 23348
2 512 16 32 23509
2 512 16 64 23715
2 512 16 128 24299
2 512 16 256 24243
2 512 16 512 24287
2 512 32 1 23746
2 512 32 2 23731
2 512 32 4 23356
2 512 32 8 23423
2 512 32 16 23464
2 512 32 32 23697
2 512 32 64 23831
2 512 32 128 24462
2 512 32 256 24488
2 512 32 512 24210
2 512 64 1 23984
2 512 64 2 23707
2 512 64 4 23593
2 512 64 8 23515
2 512 64 16 23465
2 512 64 32 23689
2 512 64 64 23855
2 512 64 128 24466
2 512 64 256 24423
2 512 64 512 24384
2 512 128 1 24315
2 512 128 2 24351
2 512 128 4 24291
2 512 128 8 23961
2 512 128 16 23960
2 512 128 32 23904
2 512 128 64 24220
2 512 128 128 24459
2 512 128 256 24229
2 512 128 512 24510
2 512 256 1 24223
2 512 256 2 24318
2 512 256 4 24211
2 512 256 8 24061
2 512 256 16 23805
2 512 256 32 24020
2 512 256 64 24413
2 512 256 128 24340
2 512 256 256 24523
2 512 256 512 24291
2 512 512 1 24297
2 512 512 2 24334
2 512 512 4 24268
2 512 512 8 23850
2 512 512 16 23790
2 512 512 32 24149
2 512 512 64 24003
2 512 512 128 24313
2 512 512 256 24407
2 512 512 512 24543
4 1 1 1 24653
4 1 1 2 24757
4 1 1 4 23702
4 1 1 8 23490
4 1 1 16 23427
4 1 1 32 23729
4 1 1 64 23777
4 1 1 128 24576
4 1 1 256 24629
4 1 1 512 24573
4 1 2 1 24238
4 1 2 2 24271
4 1 2 4 23426
4 1 2 8 23419
4 1 2 16 23192
4 1 2 32 23263
4 1 2 64 23244
4 1 2 128 24540
4 1 2 256 24246
4 1 2 512 24385
4 1 4 1 23630
4 1 4 2 23363
4 1 4 4 23104
4 1 4 8 22835
4 1 4 16 22849
4 1 4 32 22774
4 1 4 64 23176
4 1 4 128 24057
4 1 4 256 24159
4 1 4 512 24085
4 1 8 1 23547
4 1 8 2 23671
4 1 8 4 23030
4 1 8 8 22901
4 1 8 16 22876
4 1 8 32 23043
4 1 8 64 23446
4 1 8 128 24222
4 1 8 256 24086
4 1 8 512 24204
4 1 16 1 23528
4 1 16 2 23867
4 1 16 4 22939
4 1 16 8 22939
4 1 16 16 23057
4 1 16 32 23147
4 1 16 64 23494
4 1 16 128 24185
4 1 16 256 24230
4 1 16 512 24206
4 1 32 1 23645
4 1 32 2 23597
4 1 32 4 23163
4 1 32 8 23217
4 1 32 16 23289
4 1 32 32 23380
4 1 32 64 23744
4 1 32 128 24118
4 1 32 256 24321
4 1 32 512 24205
4 1 64 1 23736
4 1 64 2 23885
4 1 64 4 23150
4 1 64 8 23489
4 1 64 16 23507
4 1 64 32 23477
4 1 64 64 23771
4 1 64 128 24167
4 1 64 256 24378
4 1 64 512 24253
4 1 128 1 24449
4 1 128 2 24615
4 1 128 4 23968
4 1 128 8 23820
4 1 128 16 23813
4 1 128 32 23707
4 1 128 64 24308
4 1 128 128 24551
4 1 128 256 24581
4 1 128 512 24421
4 1 256 1 24493
4 1 256 2 24577
4 1 256 4 24103
4 1 256 8 23869
4 1 256 16 23869
4 1 256 32 23818
4 1 256 64 24048
4 1 256 128 24515
4 1 256 256 24333
4 1 256 512 24420
4 1 512 1 24397
4 1 512 2 24669
4 1 512 4 24052
4 1 512 8 23890
4 1 512 16 23758
4 1 512 32 23888
4 1 512 64 24103
4 1 512 128 24489
4 1 512 256 24602
4 1 512 512 24521
4 2 1 1 23855
4 2 1 2 23887
4 2 1 4 23380
4 2 1 8 23218
4 2 1 16 23198
4 2 1 32 23484
4 2 1 64 23711
4 2 1 128 24594
4 2 1 256 24539
4 2 1 512 24683
4 2 2 1 23535
4 2 2 2 23433
4 2 2 4 23131
4 2 2 8 22888
4 2 2 16 22869
4 2 2 32 22799
4 2 2 64 22961
4 2 2 128 24699
4 2 2 256 24458
4 2 2 512 24393
4 2 4 1 23214
4 2 4 2 23105
4 2 4 4 22791
4 2 4 8 22664
4 2 4 16 22573
4 2 4 32 22592
4 2 4 64 22839
4 2 4 128 23751
4 2 4 256 23497
4 2 4 512 23376
4 2 8 1 23113
4 2 8 2 23278
4 2 8 4 22811
4 2 8 8 22866
4 2 8 16 22956
4 2 8 32 22830
4 2 8 64 23172
4 2 8 128 23916
4 2 8 256 23938
4 2 8 512 24142
4 2 16 1 23206
4 2 16 2 23230
4 2 16 4 22865
4 2 16 8 22880
4 2 16 16 22894
4 2 16 32 23087
4 2 16 64 23450
4 2 16 128 24194
4 2 16 256 24242
4 2 16 512 24085
4 2 32 1 23213
4 2 32 2 23283
4 2 32 4 22905
4 2 32 8 22966
4 2 32 16 23146
4 2 32 32 23259
4 2 32 64 23595
4 2 32 128 24101
4 2 32 256 23918
4 2 32 512 24090
4 2 64 1 23295
4 2 64 2 23347
4 2 64 4 23370
4 2 64 8 23213
4 2 64 16 23365
4 2 64 32 23445
4 2 64 64 23632
4 2 64 128 24090
4 2 64 256 24184
4 2 64 512 24099
4 2 128 1 24083
4 2 128 2 24315
4 2 128 4 23818
4 2 128 8 23573
4 2 128 16 23666
4 2 128 32 23690
4 2 128 64 23809
4 2 128 128 24340
4 2 128 256 24438
4 2 128 512 24382
4 2 256 1 24053
4 2 256 2 24208
4 2 256 4 23807
4 2 256 8 23595
4 2 256 16 23453
4 2 256 32 23618
4 2 256 64 23766
4 2 256 128 24407
4 2 256 256 24464
4 2 256 512 24418
4 2 512 1 23987
4 2 512 2 24299
4 2 512 4 23717
4 2 512 8 23597
4 2 512 16 23633
4 2 512 32 23785
4 2 512 64 23791
4 2 512 128 24101
4 2 512 256 24302
4 2 512 512 24360
4 4 1 1 23465
4 4 1 2 23676
4 4 1 4 23108
4 4 1 8 23110
4 4 1 16 23171
4 4 1 32 23496
4 4 1 64 23728
4 4 1 128 24461
4 4 1 256 24329
4 4 1 512 24638
4 4 2 1 23425
4 4 2 2 23320
4 4 2 4 23035
4 4 2 8 22903
4 4 2 16 22934
4 4 2 32 22885
4 4 2 64 23070
4 4 2 128 23950
4 4 2 256 24176
4 4 2 512 24264
4 4 4 1 23150
4 4 4 2 23092
4 4 4 4 22800
4 4 4 8 22689
4 4 4 16 22592
4 4 4 32 22634
4 4 4 64 22938
4 4 4 128 23801
4 4 4 256 23899
4 4 4 512 23818
4 4 8 1 22995
4 4 8 2 23059
4 4 8 4 22773
4 4 8 8 22664
4 4 8 16 22676
4 4 8 32 22889
4 4 8 64 23137
4 4 8 128 23925
4 4 8 256 24094
4 4 8 512 23865
4 4 16 1 22986
4 4 16 2 23064
4 4 16 4 22800
4 4 16 8 22714
4 4 16 16 22848
4 4 16 32 22957
4 4 16 64 23485
4 4 16 128 23996
4 4 16 256 24058
4 4 16 512 23944
4 4 32 1 22943
4 4 32 2 23041
4 4 32 4 22866
4 4 32 8 22933
4 4 32 16 23122
4 4 32 32 23289
4 4 32 64 23512
4 4 32 128 23955
4 4 32 256 24011
4 4 32 512 23915
4 4 64 1 23132
4 4 64 2 23177
4 4 64 4 23090
4 4 64 8 23266
4 4 64 16 23265
4 4 64 32 23580
4 4 64 64 23612
4 4 64 128 24175
4 4 64 256 24131
4 4 64 512 24105
4 4 128 1 23969
4 4 128 2 24362
4 4 128 4 23863
4 4 128 8 23706
4 4 128 16 23683
4 4 128 32 23461
4 4 128 64 23654
4 4 128 128 24523
4 4 128 256 24438
4 4 128 512 24340
4 4 256 1 24168
4 4 256 2 24297
4 4 256 4 24046
4 4 256 8 23534
4 4 256 16 23643
4 4 256 32 23782
4 4 256 64 23697
4 4 256 128 24322
4 4 256 256 24237
4 4 256 512 24439
4 4 512 1 23946
4 4 512 2 24186
4 4 512 4 23825
4 4 512 8 23484
4 4 512 16 23542
4 4 512 32 23559
4 4 512 64 23964
4 4 512 128 24285
4 4 512 256 24337
4 4 512 512 24432
4 8 1 1 23443
4 8 1 2 23743
4 8 1 4 23193
4 8 1 8 23089
4 8 1 16 23146
4 8 1 32 23545
4 8 1 64 23694
4 8 1 128 24380
4 8 1 256 24349
4 8 1 512 24511
4 8 2 1 23430
4 8 2 2 23412
4 8 2 4 23072
4 8 2 8 22977
4 8 2 16 23062
4 8 2 32 23115
4 8 2 64 23346
4 8 2 128 24125
4 8 2 256 24109
4 8 2 512 24126
4 8 4 1 23128
4 8 4 2 23154
4 8 4 4 22858
4 8 4 8 22750
4 8 4 16 22696
4 8 4 32 22837
4 8 4 64 23145
4 8 4 128 24005
4 8 4 256 24176
4 8 4 512 23945
4 8 8 1 23047
4 8 8 2 23155
4 8 8 4 22869
4 8 8 8 22782
4 8 8 16 22852
4 8 8 32 23070
4 8 8 64 23365
4 8 8 128 24024
4 8 8 256 23974
4 8 8 512 23950
4 8 16 1 23039
4 8 16 2 23133
4 8 16 4 22948
4 8 16 8 22852
4 8 16 16 23064
4 8 16 32 23374
4 8 16 64 23514
4 8 16 128 23980
4 8 16 256 23950
4 8 16 512 23957
4 8 32 1 23059
4 8 32 2 23149
4 8 32 4 23118
4 8 32 8 23090
4 8 32 16 23314
4 8 32 32 23361
4 8 32 64 23713
4 8 32 128 24153
4 8 32 256 24011
4 8 32 512 23927
4 8 64 1 23156
4 8 64 2 23438
4 8 64 4 23335
4 8 64 8 23315
4 8 64 16 23491
4 8 64 32 23513
4 8 64 64 23684
4 8 64 128 24098
4 8 64 256 24148
4 8 64 512 24296
4 8 128 1 24036
4 8 128 2 24361
4 8 128 4 23730
4 8 128 8 23630
4 8 128 16 23682
4 8 128 32 23587
4 8 128 64 23694
4 8 128 128 24338
4 8 128 256 24431
4 8 128 512 24359
4 8 256 1 23971
4 8 256 2 24409
4 8 256 4 23829
4 8 256 8 23715
4 8 256 16 23703
4 8 256 32 23733
4 8 256 64 23691
4 8 256 128 24307
4 8 256 256 24333
4 8 256 512 24453
4 8 512 1 24093
4 8 512 2 24248
4 8 512 4 23721
4 8 512 8 23551
4 8 512 16 23604
4 8 512 32 23857
4 8 512 64 23826
4 8 512 128 24098
4 8 512 256 24174
4 8 512 512 24373
4 16 1 1 23539
4 16 1 2 23991
4 16 1 4 23279
4 16 1 8 23195
4 16 1 16 23215
4 16 1 32 23548
4 16 1 64 23726
4 16 1 128 24496
4 16 1 256 24475
4 16 1 512 24230
4 16 2 1 23466
4 16 2 2 23464
4 16 2 4 23145
4 16 2 8 23081
4 16 2 16 23217
4 16 2 32 23309
4 16 2 64 23383
4 16 2 128 24091
4 16 2 256 24272
4 16 2 512 24244
4 16 4 1 23151
4 16 4 2 23171
4 16 4 4 22892
4 16 4 8 22834
4 16 4 16 22776
4 16 4 32 22923
4 16 4 64 23234
4 16 4 128 24081
4 16 4 256 23897
4 16 4 512 24130
4 16 8 1 23116
4 16 8 2 23185
4 16 8 4 23009
4 16 8 8 22956
4 16 8 16 23044
4 16 8 32 23086
4 16 8 64 23482
4 16 8 128 24177
4 16 8 256 24107
4 16 8 512 24004
4 16 16 1 23159
4 16 16 2 23226
4 16 16 4 23130
4 16 16 8 22999
4 16 16 16 23036
4 16 16 32 23461
4 16 16 64 23542
4 16 16 128 24086
4 16 16 256 23993
4 16 16 512 23949
4 16 32 1 23171
4 16 32 2 23322
4 16 32 4 23237
4 16 32 8 23323
4 16 32 16 23436
4 16 32 32 23485
4 16 32 64 23625
4 16 32 128 24138
4 16 32 256 24041
4 16 32 512 23891
4 16 64 1 23235
4 16 64 2 23277
4 16 64 4 23393
4 16 64 8 23337
4 16 64 16 23453
4 16 64 32 23628
4 16 64 64 23594
4 16 64 128 24056
4 16 64 256 24071
4 16 64 512 24023
4 16 128 1 24192
4 16 128 2 24235
4 16 128 4 24097
4 16 128 8 23534
4 16 128 16 23730
4 16 128 32 23719
4 16 128 64 23741
4 16 128 128 24241
4 16 128 256 24261
4 16 128 512 24363
4 16 256 1 24005
4 16 256 2 24424
4 16 256 4 23906
4 16 256 8 23621
4 16 256 16 23762
4 16 256 32 23909
4 16 256 64 23845
4 16 256 128 24195
4 16 256 256 24111
4 16 256 512 24067
4 16 512 1 24385
4 16 512 2 24146
4 16 512 4 23841
4 16 512 8 23616
4 16 512 16 23677
4 16 512 32 23756
4 16 512 64 23917
4 16 512 128 24137
4 16 512 256 24228
4 16 512 512 24171
4 32 1 1 23784
4 32 1 2 24011
4 32 1 4 23344
4 32 1 8 23490
4 32 1 16 23519
4 32 1 32 23573
4 32 1 64 23705
4 32 1 128 24407
4 32 1 256 24318
4 32 1 512 24347
4 32 2 1 23524
4 32 2 2 23473
4 32 2 4 23290
4 32 2 8 23152
4 32 2 16 23254
4 32 2 32 23411
4 32 2 64 23457
4 32 2 128 23986
4 32 2 256 24177
4 32 2 512 24080
4 32 4 1 23130
4 32 4 2 23153
4 32 4 4 22925
4 32 4 8 22881
4 32 4 16 22879
4 32 4 32 23093
4 32 4 64 23245
4 32 4 128 23733
4 32 4 256 23769
4 32 4 512 23900
4 32 8 1 23101
4 32 8 2 23162
4 32 8 4 22980
4 32 8 8 22933
4 32 8 16 23033
4 32 8 32 23071
4 32 8 64 23450
4 32 8 128 23944
4 32 8 256 23883
4 32 8 512 23932
4 32 16 1 23151
4 32 16 2 23492
4 32 16 4 23213
4 32 16 8 23219
4 32 16 16 23371
4 32 16 32 23278
4 32 16 64 23581
4 32 16 128 23883
4 32 16 256 24003
4 32 16 512 23849
4 32 32 1 23405
4 32 32 2 23489
4 32 32 4 23374
4 32 32 8 23356
4 32 32 16 23463
4 32 32 32 23708
4 32 32 64 23651
4 32 32 128 24040
4 32 32 256 24109
4 32 32 512 24034
4 32 64 1 23527
4 32 64 2 23561
4 32 64 4 23488
4 32 64 8 23551
4 32 64 16 23584
4 32 64 32 23624
4 32 64 64 23596
4 32 64 128 23972
4 32 64 256 24181
4 32 64 512 24127
4 32 128 1 24277
4 32 128 2 24209
4 32 128 4 23972
4 32 128 8 23653
4 32 128 16 23703
4 32 128 32 23768
4 32 128 64 23856
4 32 128 128 24386
4 32 128 256 24358
4 32 128 512 24329
4 32 256 1 24265
4 32 256 2 24375
4 32 256 4 23949
4 32 256 8 23656
4 32 256 16 23792
4 32 256 32 23865
4 32 256 64 23748
4 32 256 128 24319
4 32 256 256 24269
4 32 256 512 24187
4 32 512 1 24278
4 32 512 2 24198
4 32 512 4 23828
4 32 512 8 23705
4 32 512 16 23730
4 32 512 32 23694
4 32 512 64 23958
4 32 512 128 24167
4 32 512 256 24279
4 32 512 512 24285
4 64 1 1 24043
4 64 1 2 24140
4 64 1 4 23578
4 64 1 8 23576
4 64 1 16 23745
4 64 1 32 23705
4 64 1 64 23833
4 64 1 128 24308
4 64 1 256 24084
4 64 1 512 24159
4 64 2 1 23599
4 64 2 2 23505
4 64 2 4 23270
4 64 2 8 23313
4 64 2 16 23318
4 64 2 32 23320
4 64 2 64 23545
4 64 2 128 24058
4 64 2 256 24120
4 64 2 512 24082
4 64 4 1 23207
4 64 4 2 23313
4 64 4 4 23040
4 64 4 8 22993
4 64 4 16 22976
4 64 4 32 23228
4 64 4 64 23289
4 64 4 128 23940
4 64 4 256 23797
4 64 4 512 23840
4 64 8 1 23136
4 64 8 2 23307
4 64 8 4 23059
4 64 8 8 22991
4 64 8 16 23079
4 64 8 32 23192
4 64 8 64 23183
4 64 8 128 23723
4 64 8 256 23975
4 64 8 512 23987
4 64 16 1 23537
4 64 16 2 23464
4 64 16 4 23179
4 64 16 8 23341
4 64 16 16 23304
4 64 16 32 23360
4 64 16 64 23500
4 64 16 128 24155
4 64 16 256 23911
4 64 16 512 23981
4 64 32 1 23693
4 64 32 2 23627
4 64 32 4 23443
4 64 32 8 23280
4 64 32 16 23370
4 64 32 32 23397
4 64 32 64 23578
4 64 32 128 24109
4 64 32 256 23999
4 64 32 512 24057
4 64 64 1 23539
4 64 64 2 23675
4 64 64 4 23562
4 64 64 8 23365
4 64 64 16 23507
4 64 64 32 23690
4 64 64 64 23640
4 64 64 128 24223
4 64 64 256 24186
4 64 64 512 24187
4 64 128 1 24181
4 64 128 2 24412
4 64 128 4 24001
4 64 128 8 23781
4 64 128 16 23808
4 64 128 32 23721
4 64 128 64 23908
4 64 128 128 24233
4 64 128 256 24156
4 64 128 512 24056
4 64 256 1 24365
4 64 256 2 24211
4 64 256 4 24165
4 64 256 8 23780
4 64 256 16 23822
4 64 256 32 23988
4 64 256 64 23886
4 64 256 128 24201
4 64 256 256 24101
4 64 256 512 23869
4 64 512 1 24096
4 64 512 2 24284
4 64 512 4 24041
4 64 512 8 23759
4 64 512 16 23920
4 64 512 32 23796
4 64 512 64 23789
4 64 512 128 24281
4 64 512 256 24011
4 64 512 512 24252
4 128 1 1 24168
4 128 1 2 24154
4 128 1 4 23658
4 128 1 8 23585
4 128 1 16 23508
4 128 1 32 23657
4 128 1 64 24084
4 128 1 128 24402
4 128 1 256 24332
4 128 1 512 24413
4 128 2 1 23669
4 128 2 2 23643
4 128 2 4 23397
4 128 2 8 23357
4 128 2 16 23205
4 128 2 32 23515
4 128 2 64 23550
4 128 2 128 23978
4 128 2 256 24203
4 128 2 512 24130
4 128 4 1 23348
4 128 4 2 23455
4 128 4 4 23140
4 128 4 8 23087
4 128 4 16 23002
4 128 4 32 23204
4 128 4 64 23305
4 128 4 128 23861
4 128 4 256 23695
4 128 4 512 23818
4 128 8 1 23394
4 128 8 2 23480
4 128 8 4 23245
4 128 8 8 23119
4 128 8 16 23026
4 128 8 32 23247
4 128 8 64 23495
4 128 8 128 23962
4 128 8 256 23976
4 128 8 512 24080
4 128 16 1 23878
4 128 16 2 23762
4 128 16 4 23403
4 128 16 8 23255
4 128 16 16 23263
4 128 16 32 23336
4 128 16 64 23873
4 128 16 128 24038
4 128 16 256 23978
4 128 16 512 23990
4 128 32 1 23690
4 128 32 2 23678
4 128 32 4 23503
4 128 32 8 23543
4 128 32 16 23413
4 128 32 32 23613
4 128 32 64 23683
4 128 32 128 24138
4 128 32 256 24204
4 128 32 512 24124
4 128 64 1 23745
4 128 64 2 23668
4 128 64 4 23740
4 128 64 8 23667
4 128 64 16 23575
4 128 64 32 23703
4 128 64 64 23714
4 128 64 128 24122
4 128 64 256 24138
4 128 64 512 24059
4 128 128 1 23962
4 128 128 2 24090
4 128 128 4 24189
4 128 128 8 23786
4 128 128 16 23902
4 128 128 32 23816
4 128 128 64 23876
4 128 128 128 24289
4 128 128 256 24279
4 128 128 512 24298
4 128 256 1 24078
4 128 256 2 24430
4 128 256 4 24194
4 128 256 8 23752
4 128 256 16 23854
4 128 256 32 23947
4 128 256 64 24294
4 128 256 128 24215
4 128 256 256 24480
4 128 256 512 24316
4 128 512 1 24074
4 128 512 2 24473
4 128 512 4 24308
4 128 512 8 23795
4 128 512 16 23837
4 128 512 32 23869
4 128 512 64 23940
4 128 512 128 24337
4 128 512 256 24230
4 128 512 512 24408
4 256 1 1 24167
4 256 1 2 24153
4 256 1 4 23577
4 256 1 8 23467
4 256 1 16 23554
4 256 1 32 23832
4 256 1 64 23908
4 256 1 128 24301
4 256 1 256 23935
4 256 1 512 24353
4 256 2 1 23687
4 256 2 2 23543
4 256 2 4 23328
4 256 2 8 23292
4 256 2 16 23281
4 256 2 32 23388
4 256 2 64 23543
4 256 2 128 23954
4 256 2 256 23951
4 256 2 512 23914
4 256 4 1 23267
4 256 4 2 23366
4 256 4 4 23123
4 256 4 8 23041
4 256 4 16 23204
4 256 4 32 23123
4 256 4 64 23295
4 256 4 128 23870
4 256 4 256 23913
4 256 4 512 23888
4 256 8 1 23421
4 256 8 2 23628
4 256 8 4 23294
4 256 8 8 23205
4 256 8 16 23332
4 256 8 32 23398
4 256 8 64 23411
4 256 8 128 23942
4 256 8 256 24099
4 256 8 512 23986
4 256 16 1 24120
4 256 16 2 23716
4 256 16 4 23328
4 256 16 8 23409
4 256 16 16 23427
4 256 16 32 23503
4 256 16 64 23635
4 256 16 128 24025
4 256 16 256 23971
4 256 16 512 23871
4 256 32 1 23816
4 256 32 2 23682
4 256 32 4 23550
4 256 32 8 23448
4 256 32 16 23513
4 256 32 32 23475
4 256 32 64 23623
4 256 32 128 23940
4 256 32 256 24124
4 256 32 512 23889
4 256 64 1 23692
4 256 64 2 23723
4 256 64 4 23663
4 256 64 8 23634
4 256 64 16 23599
4 256 64 32 23661
4 256 64 64 23787
4 256 64 128 24054
4 256 64 256 24306
4 256 64 512 24072
4 256 128 1 24393
4 256 128 2 24441
4 256 128 4 24146
4 256 128 8 23696
4 256 128 16 23743
4 256 128 32 23781
4 256 128 64 24159
4 256 128 128 24357
4 256 128 256 24385
4 256 128 512 24369
4 256 256 1 24249
4 256 256 2 24416
4 256 256 4 23878
4 256 256 8 23773
4 256 256 16 24030
4 256 256 32 23955
4 256 256 64 24051
4 256 256 128 24257
4 256 256 256 24346
4 256 256 512 24266
4 256 512 1 24364
4 256 512 2 24522
4 256 512 4 24222
4 256 512 8 23576
4 256 512 16 23830
4 256 512 32 24025
4 256 512 64 24072
4 256 512 128 24335
4 256 512 256 24320
4 256 512 512 24324
4 512 1 1 24149
4 512 1 2 24149
4 512 1 4 23702
4 512 1 8 23607
4 512 1 16 23652
4 512 1 32 23810
4 512 1 64 24026
4 512 1 128 24121
4 512 1 256 24298
4 512 1 512 24296
4 512 2 1 23740
4 512 2 2 23623
4 512 2 4 23465
4 512 2 8 23313
4 512 2 16 23415
4 512 2 32 23535
4 512 2 64 23639
4 512 2 128 23976
4 512 2 256 23963
4 512 2 512 24068
4 512 4 1 23332
4 512 4 2 23372
4 512 4 4 23162
4 512 4 8 23069
4 512 4 16 23170
4 512 4 32 23338
4 512 4 64 23280
4 512 4 128 23739
4 512 4 256 24160
4 512 4 512 23953
4 512 8 1 23230
4 512 8 2 23526
4 512 8 4 23326
4 512 8 8 23208
4 512 8 16 23328
4 512 8 32 23344
4 512 8 64 23289
4 512 8 128 23979
4 512 8 256 23878
4 512 8 512 23873
4 512 16 1 23965
4 512 16 2 23784
4 512 16 4 23439
4 512 16 8 23269
4 512 16 16 23383
4 512 16 32 23433
4 512 16 64 23437
4 512 16 128 24005
4 512 16 256 23929
4 512 16 512 23918
4 512 32 1 23639
4 512 32 2 23576
4 512 32 4 23453
4 512 32 8 23350
4 512 32 16 23387
4 512 32 32 23648
4 512 32 64 23762
4 512 32 128 24159
4 512 32 256 24176
4 512 32 512 24137
4 512 64 1 23769
4 512 64 2 23739
4 512 64 4 23592
4 512 64 8 23575
4 512 64 16 23672
4 512 64 32 23684
4 512 64 64 23876
4 512 64 128 24192
4 512 64 256 24042
4 512 64 512 24263
4 512 128 1 24312
4 512 128 2 24574
4 512 128 4 24132
4 512 128 8 23728
4 512 128 16 23888
4 512 128 32 23783
4 512 128 64 23944
4 512 128 128 23935
4 512 128 256 24293
4 512 128 512 24364
4 512 256 1 24409
4 512 256 2 24272
4 512 256 4 24130
4 512 256 8 23798
4 512 256 16 23747
4 512 256 32 23677
4 512 256 64 24131
4 512 256 128 24341
4 512 256 256 24264
4 512 256 512 24306
4 512 512 1 24220
4 512 512 2 24406
4 512 512 4 24208
4 512 512 8 23837
4 512 512 16 23920
4 512 512 32 23842
4 512 512 64 24074
4 512 512 128 24316
4 512 512 256 24322
4 512 512 512 24133
8 1 1 1 24478
8 1 1 2 24620
8 1 1 4 23672
8 1 1 8 23733
8 1 1 16 23816
8 1 1 32 23787
8 1 1 64 23860
8 1 1 128 24518
8 1 1 256 24548
8 1 1 512 24201
8 1 2 1 24223
8 1 2 2 24223
8 1 2 4 23268
8 1 2 8 23119
8 1 2 16 23040
8 1 2 32 23023
8 1 2 64 23465
8 1 2 128 24125
8 1 2 256 24219
8 1 2 512 24275
8 1 4 1 23640
8 1 4 2 23878
8 1 4 4 22957
8 1 4 8 22775
8 1 4 16 22760
8 1 4 32 22981
8 1 4 64 23148
8 1 4 128 23968
8 1 4 256 23833
8 1 4 512 23959
8 1 8 1 23643
8 1 8 2 23492
8 1 8 4 23211
8 1 8 8 23007
8 1 8 16 23067
8 1 8 32 23101
8 1 8 64 23210
8 1 8 128 23787
8 1 8 256 23965
8 1 8 512 23941
8 1 16 1 23672
8 1 16 2 23796
8 1 16 4 23164
8 1 16 8 23266
8 1 16 16 23285
8 1 16 32 23264
8 1 16 64 23349
8 1 16 128 23871
8 1 16 256 23936
8 1 16 512 23852
8 1 32 1 23511
8 1 32 2 23622
8 1 32 4 23380
8 1 32 8 23123
8 1 32 16 23347
8 1 32 32 23310
8 1 32 64 23567
8 1 32 128 23863
8 1 32 256 24023
8 1 32 512 23905
8 1 64 1 23656
8 1 64 2 23912
8 1 64 4 23690
8 1 64 8 23424
8 1 64 16 23572
8 1 64 32 23584
8 1 64 64 23739
8 1 64 128 24004
8 1 64 256 23920
8 1 64 512 24099
8 1 128 1 24370
8 1 128 2 24572
8 1 128 4 24082
8 1 128 8 23851
8 1 128 16 23748
8 1 128 32 24096
8 1 128 64 24219
8 1 128 128 24363
8 1 128 256 24285
8 1 128 512 24375
8 1 256 1 24275
8 1 256 2 24571
8 1 256 4 24006
8 1 256 8 23777
8 1 256 16 23870
8 1 256 32 23830
8 1 256 64 24065
8 1 256 128 24456
8 1 256 256 24453
8 1 256 512 24450
8 1 512 1 24384
8 1 512 2 24617
8 1 512 4 24336
8 1 512 8 23831
8 1 512 16 23675
8 1 512 32 23843
8 1 512 64 23984
8 1 512 128 24018
8 1 512 256 24288
8 1 512 512 24321
8 2 1 1 23800
8 2 1 2 24115
8 2 1 4 23361
8 2 1 8 23204
8 2 1 16 23190
8 2 1 32 23532
8 2 1 64 23726
8 2 1 128 24294
8 2 1 256 24322
8 2 1 512 24585
8 2 2 1 23591
8 2 2 2 23418
8 2 2 4 23132
8 2 2 8 22897
8 2 2 16 22761
8 2 2 32 22954
8 2 2 64 23015
8 2 2 128 24217
8 2 2 256 24291
8 2 2 512 24154
8 2 4 1 23149
8 2 4 2 23140
8 2 4 4 22783
8 2 4 8 22714
8 2 4 16 22684
8 2 4 32 22759
8 2 4 64 22981
8 2 4 128 23675
8 2 4 256 23550
8 2 4 512 23579
8 2 8 1 23074
8 2 8 2 23154
8 2 8 4 22803
8 2 8 8 22695
8 2 8 16 22657
8 2 8 32 22754
8 2 8 64 23172
8 2 8 128 23923
8 2 8 256 23778
8 2 8 512 23813
8 2 16 1 23089
8 2 16 2 23208
8 2 16 4 22907
8 2 16 8 22797
8 2 16 16 22863
8 2 16 32 23008
8 2 16 64 23290
8 2 16 128 23895
8 2 16 256 23868
8 2 16 512 23886
8 2 32 1 23011
8 2 32 2 23086
8 2 32 4 22837
8 2 32 8 22794
8 2 32 16 23030
8 2 32 32 23343
8 2 32 64 23634
8 2 32 128 23896
8 2 32 256 23789
8 2 32 512 23908
8 2 64 1 23220
8 2 64 2 23157
8 2 64 4 23022
8 2 64 8 23434
8 2 64 16 23378
8 2 64 32 23434
8 2 64 64 23554
8 2 64 128 23869
8 2 64 256 23837
8 2 64 512 23818
8 2 128 1 23927
8 2 128 2 24182
8 2 128 4 23752
8 2 128 8 23632
8 2 128 16 23637
8 2 128 32 23690
8 2 128 64 23721
8 2 128 128 24140
8 2 128 256 24106
8 2 128 512 24079
8 2 256 1 23854
8 2 256 2 24090
8 2 256 4 23778
8 2 256 8 23605
8 2 256 16 23706
8 2 256 32 23489
8 2 256 64 23646
8 2 256 128 24084
8 2 256 256 24146
8 2 256 512 24195
8 2 512 1 23866
8 2 512 2 24181
8 2 512 4 23955
8 2 512 8 23617
8 2 512 16 23576
8 2 512 32 23628
8 2 512 64 23706
8 2 512 128 24144
8 2 512 256 24147
8 2 512 512 24056
8 4 1 1 23533
8 4 1 2 23695
8 4 1 4 23189
8 4 1 8 23104
8 4 1 16 23173
8 4 1 32 23517
8 4 1 64 23758
8 4 1 128 24284
8 4 1 256 24224
8 4 1 512 24055
8 4 2 1 23465
8 4 2 2 23348
8 4 2 4 22990
8 4 2 8 22863
8 4 2 16 22825
8 4 2 32 22919
8 4 2 64 23056
8 4 2 128 23594
8 4 2 256 23799
8 4 2 512 23931
8 4 4 1 23173
8 4 4 2 23161
8 4 4 4 22879
8 4 4 8 22711
8 4 4 16 22674
8 4 4 32 22682
8 4 4 64 22930
8 4 4 128 23758
8 4 4 256 23869
8 4 4 512 23798
8 4 8 1 23036
8 4 8 2 23117
8 4 8 4 22843
8 4 8 8 22758
8 4 8 16 22759
8 4 8 32 22922
8 4 8 64 23242
8 4 8 128 23804
8 4 8 256 23746
8 4 8 512 23808
8 4 16 1 22972
8 4 16 2 23078
8 4 16 4 22838
8 4 16 8 22791
8 4 16 16 22860
8 4 16 32 23217
8 4 16 64 23391
8 4 16 128 23865
8 4 16 256 23869
8 4 16 512 23859
8 4 32 1 22995
8 4 32 2 23071
8 4 32 4 22927
8 4 32 8 22939
8 4 32 16 23068
8 4 32 32 23433
8 4 32 64 23492
8 4 32 128 23839
8 4 32 256 23863
8 4 32 512 23910
8 4 64 1 23101
8 4 64 2 23246
8 4 64 4 23139
8 4 64 8 23368
8 4 64 16 23542
8 4 64 32 23591
8 4 64 64 23563
8 4 64 128 23921
8 4 64 256 23926
8 4 64 512 23990
8 4 128 1 23974
8 4 128 2 24100
8 4 128 4 23757
8 4 128 8 23604
8 4 128 16 23740
8 4 128 32 23763
8 4 128 64 23761
8 4 128 128 24328
8 4 128 256 24349
8 4 128 512 24174
8 4 256 1 23996
8 4 256 2 24031
8 4 256 4 23920
8 4 256 8 23632
8 4 256 16 23669
8 4 256 32 23733
8 4 256 64 23815
8 4 256 128 24172
8 4 256 256 24159
8 4 256 512 24237
8 4 512 1 23990
8 4 512 2 24202
8 4 512 4 23884
8 4 512 8 23663
8 4 512 16 23590
8 4 512 32 23799
8 4 512 64 23930
8 4 512 128 24173
8 4 512 256 24151
8 4 512 512 24009
8 8 1 1 23604
8 8 1 2 23835
8 8 1 4 23313
8 8 1 8 23182
8 8 1 16 23415
8 8 1 32 23567
8 8 1 64 23710
8 8 1 128 24394
8 8 1 256 24329
8 8 1 512 24425
8 8 2 1 23509
8 8 2 2 23429
8 8 2 4 23086
8 8 2 8 23000
8 8 2 16 23028
8 8 2 32 23029
8 8 2 64 23324
8 8 2 128 23777
8 8 2 256 23853
8 8 2 512 23841
8 8 4 1 23148
8 8 4 2 23126
8 8 4 4 22872
8 8 4 8 22770
8 8 4 16 22704
8 8 4 32 22817
8 8 4 64 23135
8 8 4 128 24109
8 8 4 256 23865
8 8 4 512 23910
8 8 8 1 23078
8 8 8 2 23157
8 8 8 4 22921
8 8 8 8 22862
8 8 8 16 22878
8 8 8 32 23181
8 8 8 64 23309
8 8 8 128 23936
8 8 8 256 24010
8 8 8 512 23970
8 8 16 1 23031
8 8 16 2 23187
8 8 16 4 23045
8 8 16 8 23107
8 8 16 16 23170
8 8 16 32 23371
8 8 16 64 23519
8 8 16 128 23945
8 8 16 256 23968
8 8 16 512 23814
8 8 32 1 23013
8 8 32 2 23118
8 8 32 4 23108
8 8 32 8 23100
8 8 32 16 23310
8 8 32 32 23474
8 8 32 64 23497
8 8 32 128 23796
8 8 32 256 23800
8 8 32 512 23835
8 8 64 1 23163
8 8 64 2 23271
8 8 64 4 23227
8 8 64 8 23192
8 8 64 16 23371
8 8 64 32 23498
8 8 64 64 23465
8 8 64 128 23957
8 8 64 256 23828
8 8 64 512 23870
8 8 128 1 24229
8 8 128 2 24209
8 8 128 4 24071
8 8 128 8 23630
8 8 128 16 23688
8 8 128 32 23731
8 8 128 64 23759
8 8 128 128 24240
8 8 128 256 24161
8 8 128 512 24255
8 8 256 1 24091
8 8 256 2 24135
8 8 256 4 23762
8 8 256 8 23675
8 8 256 16 23739
8 8 256 32 23738
8 8 256 64 23660
8 8 256 128 24017
8 8 256 256 24096
8 8 256 512 24108
8 8 512 1 23931
8 8 512 2 24197
8 8 512 4 23880
8 8 512 8 23464
8 8 512 16 23587
8 8 512 32 23542
8 8 512 64 23716
8 8 512 128 24163
8 8 512 256 24163
8 8 512 512 24021
8 16 1 1 23768
8 16 1 2 24107
8 16 1 4 23421
8 16 1 8 23446
8 16 1 16 23447
8 16 1 32 23720
8 16 1 64 23776
8 16 1 128 24212
8 16 1 256 24391
8 16 1 512 24262
8 16 2 1 23562
8 16 2 2 23497
8 16 2 4 23136
8 16 2 8 23140
8 16 2 16 23233
8 16 2 32 23174
8 16 2 64 23323
8 16 2 128 24005
8 16 2 256 23964
8 16 2 512 23893
8 16 4 1 23199
8 16 4 2 23195
8 16 4 4 22955
8 16 4 8 22917
8 16 4 16 22811
8 16 4 32 22822
8 16 4 64 23230
8 16 4 128 23706
8 16 4 256 23727
8 16 4 512 23834
8 16 8 1 23021
8 16 8 2 23190
8 16 8 4 23017
8 16 8 8 22878
8 16 8 16 22983
8 16 8 32 23240
8 16 8 64 23501
8 16 8 128 23903
8 16 8 256 23795
8 16 8 512 23946
8 16 16 1 23097
8 16 16 2 23294
8 16 16 4 23095
8 16 16 8 23135
8 16 16 16 23261
8 16 16 32 23233
8 16 16 64 23374
8 16 16 128 23913
8 16 16 256 23835
8 16 16 512 23936
8 16 32 1 23237
8 16 32 2 23362
8 16 32 4 23318
8 16 32 8 23309
8 16 32 16 23483
8 16 32 32 23321
8 16 32 64 23657
8 16 32 128 24010
8 16 32 256 23967
8 16 32 512 24061
8 16 64 1 23347
8 16 64 2 23382
8 16 64 4 23470
8 16 64 8 23524
8 16 64 16 23594
8 16 64 32 23698
8 16 64 64 23681
8 16 64 128 23990
8 16 64 256 24044
8 16 64 512 24128
8 16 128 1 24156
8 16 128 2 24407
8 16 128 4 24057
8 16 128 8 23679
8 16 128 16 23671
8 16 128 32 23623
8 16 128 64 23816
8 16 128 128 24199
8 16 128 256 24360
8 16 128 512 24230
8 16 256 1 24093
8 16 256 2 24139
8 16 256 4 24063
8 16 256 8 23744
8 16 256 16 23736
8 16 256 32 23641
8 16 256 64 23821
8 16 256 128 24029
8 16 256 256 24129
8 16 256 512 24166
8 16 512 1 24294
8 16 512 2 24283
8 16 512 4 23930
8 16 512 8 23644
8 16 512 16 23792
8 16 512 32 23732
8 16 512 64 23828
8 16 512 128 24263
8 16 512 256 24408
8 16 512 512 24291
8 32 1 1 24142
8 32 1 2 24305
8 32 1 4 23652
8 32 1 8 23654
8 32 1 16 23581
8 32 1 32 23844
8 32 1 64 23943
8 32 1 128 24213
8 32 1 256 24324
8 32 1 512 24133
8 32 2 1 23616
8 32 2 2 23576
8 32 2 4 23384
8 32 2 8 23246
8 32 2 16 23211
8 32 2 32 23501
8 32 2 64 23577
8 32 2 128 24105
8 32 2 256 24048
8 32 2 512 24179
8 32 4 1 23239
8 32 4 2 23246
8 32 4 4 23060
8 32 4 8 23000
8 32 4 16 22995
8 32 4 32 23289
8 32 4 64 23439
8 32 4 128 23956
8 32 4 256 23838
8 32 4 512 23834
8 32 8 1 23149
8 32 8 2 23334
8 32 8 4 23107
8 32 8 8 23090
8 32 8 16 23194
8 32 8 32 23331
8 32 8 64 23376
8 32 8 128 23920
8 32 8 256 23847
8 32 8 512 23752
8 32 16 1 23478
8 32 16 2 23469
8 32 16 4 23347
8 32 16 8 23348
8 32 16 16 23342
8 32 16 32 23561
8 32 16 64 23692
8 32 16 128 24043
8 32 16 256 23972
8 32 16 512 24005
8 32 32 1 23548
8 32 32 2 23540
8 32 32 4 23512
8 32 32 8 23472
8 32 32 16 23470
8 32 32 32 23551
8 32 32 64 23701
8 32 32 128 24144
8 32 32 256 24124
8 32 32 512 24012
8 32 64 1 23601
8 32 64 2 23712
8 32 64 4 23518
8 32 64 8 23568
8 32 64 16 23493
8 32 64 32 23641
8 32 64 64 23729
8 32 64 128 24053
8 32 64 256 24131
8 32 64 512 24096
8 32 128 1 24376
8 32 128 2 24368
8 32 128 4 24154
8 32 128 8 23859
8 32 128 16 23677
8 32 128 32 23905
8 32 128 64 23888
8 32 128 128 24430
8 32 128 256 24365
8 32 128 512 24490
8 32 256 1 24303
8 32 256 2 24349
8 32 256 4 24146
8 32 256 8 23684
8 32 256 16 23717
8 32 256 32 23675
8 32 256 64 23762
8 32 256 128 24296
8 32 256 256 24198
8 32 256 512 24092
8 32 512 1 24354
8 32 512 2 24592
8 32 512 4 24096
8 32 512 8 23699
8 32 512 16 23792
8 32 512 32 23705
8 32 512 64 23808
8 32 512 128 23927
8 32 512 256 24068
8 32 512 512 24196
8 64 1 1 24178
8 64 1 2 24158
8 64 1 4 23644
8 64 1 8 23559
8 64 1 16 23620
8 64 1 32 23667
8 64 1 64 23910
8 64 1 128 24047
8 64 1 256 24248
8 64 1 512 24310
8 64 2 1 23641
8 64 2 2 23601
8 64 2 4 23257
8 64 2 8 23287
8 64 2 16 23143
8 64 2 32 23340
8 64 2 64 23571
8 64 2 128 23973
8 64 2 256 24067
8 64 2 512 23953
8 64 4 1 23301
8 64 4 2 23414
8 64 4 4 23279
8 64 4 8 23155
8 64 4 16 23160
8 64 4 32 23385
8 64 4 64 23456
8 64 4 128 24197
8 64 4 256 24023
8 64 4 512 24024
8 64 8 1 24079
8 64 8 2 23857
8 64 8 4 23436
8 64 8 8 23314
8 64 8 16 23288
8 64 8 32 23326
8 64 8 64 23503
8 64 8 128 24011
8 64 8 256 24132
8 64 8 512 24173
8 64 16 1 23776
8 64 16 2 23681
8 64 16 4 23393
8 64 16 8 23337
8 64 16 16 23298
8 64 16 32 23568
8 64 16 64 23751
8 64 16 128 24308
8 64 16 256 24114
8 64 16 512 24181
8 64 32 1 23779
8 64 32 2 23668
8 64 32 4 23512
8 64 32 8 23574
8 64 32 16 23580
8 64 32 32 23530
8 64 32 64 23758
8 64 32 128 24110
8 64 32 256 24104
8 64 32 512 23994
8 64 64 1 23820
8 64 64 2 23687
8 64 64 4 23539
8 64 64 8 23484
8 64 64 16 23472
8 64 64 32 23802
8 64 64 64 23790
8 64 64 128 24355
8 64 64 256 24513
8 64 64 512 24439
8 64 128 1 24506
8 64 128 2 24680
8 64 128 4 24248
8 64 128 8 23911
8 64 128 16 23980
8 64 128 32 24218
8 64 128 64 24387
8 64 128 128 24501
8 64 128 256 24358
8 64 128 512 24453
8 64 256 1 24523
8 64 256 2 24463
8 64 256 4 24391
8 64 256 8 23888
8 64 256 16 23900
8 64 256 32 24000
8 64 256 64 24259
8 64 256 128 24530
8 64 256 256 24008
8 64 256 512 24383
8 64 512 1 24342
8 64 512 2 24551
8 64 512 4 24099
8 64 512 8 23763
8 64 512 16 23954
8 64 512 32 24059
8 64 512 64 23940
8 64 512 128 24522
8 64 512 256 24359
8 64 512 512 24416
8 128 1 1 24543
8 128 1 2 24355
8 128 1 4 23699
8 128 1 8 23673
8 128 1 16 23706
8 128 1 32 24107
8 128 1 64 24072
8 128 1 128 24606
8 128 1 256 24678
8 128 1 512 24687
8 128 2 1 24018
8 128 2 2 23810
8 128 2 4 23557
8 128 2 8 23460
8 128 2 16 23482
8 128 2 32 23640
8 128 2 64 23767
8 128 2 128 24313
8 128 2 256 24679
8 128 2 512 24403
8 128 4 1 24411
8 128 4 2 24148
8 128 4 4 23781
8 128 4 8 23452
8 128 4 16 23311
8 128 4 32 23478
8 128 4 64 23627
8 128 4 128 24121
8 128 4 256 24109
8 128 4 512 24234
8 128 8 1 25337
8 128 8 2 24308
8 128 8 4 23628
8 128 8 8 23487
8 128 8 16 23438
8 128 8 32 23550
8 128 8 64 23607
8 128 8 128 23961
8 128 8 256 24172
8 128 8 512 24173
8 128 16 1 24116
8 128 16 2 23724
8 128 16 4 23556
8 128 16 8 23448
8 128 16 16 23530
8 128 16 32 23595
8 128 16 64 23812
8 128 16 128 24408
8 128 16 256 24394
8 128 16 512 24223
8 128 32 1 23854
8 128 32 2 23790
8 128 32 4 23511
8 128 32 8 23573
8 128 32 16 23599
8 128 32 32 23666
8 128 32 64 23894
8 128 32 128 24527
8 128 32 256 24585
8 128 32 512 24258
8 128 64 1 23999
8 128 64 2 23873
8 128 64 4 23734
8 128 64 8 23595
8 128 64 16 23714
8 128 64 32 23798
8 128 64 64 24025
8 128 64 128 24613
8 128 64 256 24536
8 128 64 512 24499
8 128 128 1 24641
8 128 128 2 24746
8 128 128 4 24305
8 128 128 8 24057
8 128 128 16 23872
8 128 128 32 24056
8 128 128 64 24331
8 128 128 128 24493
8 128 128 256 24297
8 128 128 512 24464
8 128 256 1 24632
8 128 256 2 24705
8 128 256 4 24101
8 128 256 8 23697
8 128 256 16 24241
8 128 256 32 23830
8 128 256 64 24135
8 128 256 128 24531
8 128 256 256 24540
8 128 256 512 24490
8 128 512 1 24561
8 128 512 2 24820
8 128 512 4 24595
8 128 512 8 24047
8 128 512 16 24126
8 128 512 32 24077
8 128 512 64 24430
8 128 512 128 24391
8 128 512 256 24583
8 128 512 512 24635
8 256 1 1 24705
8 256 1 2 24431
8 256 1 4 23731
8 256 1 8 23745
8 256 1 16 23625
8 256 1 32 23992
8 256 1 64 24184
8 256 1 128 24547
8 256 1 256 24614
8 256 1 512 24671
8 256 2 1 24010
8 256 2 2 23823
8 256 2 4 23596
8 256 2 8 23438
8 256 2 16 23492
8 256 2 32 23575
8 256 2 64 23806
8 256 2 128 24427
8 256 2 256 24456
8 256 2 512 24324
8 256 4 1 24366
8 256 4 2 24174
8 256 4 4 23823
8 256 4 8 23465
8 256 4 16 23297
8 256 4 32 23392
8 256 4 64 23517
8 256 4 128 24079
8 256 4 256 24097
8 256 4 512 24236
8 256 8 1 25351
8 256 8 2 24336
8 256 8 4 23582
8 256 8 8 23427
8 256 8 16 23433
8 256 8 32 23488
8 256 8 64 23533
8 256 8 128 24068
8 256 8 256 24185
8 256 8 512 24179
8 256 16 1 23989
8 256 16 2 23812
8 256 16 4 23614
8 256 16 8 23407
8 256 16 16 23839
8 256 16 32 23631
8 256 16 64 23822
8 256 16 128 24235
8 256 16 256 24316
8 256 16 512 24350
8 256 32 1 23994
8 256 32 2 23739
8 256 32 4 23610
8 256 32 8 23554
8 256 32 16 23539
8 256 32 32 23569
8 256 32 64 23741
8 256 32 128 24460
8 256 32 256 24413
8 256 32 512 24328
8 256 64 1 23963
8 256 64 2 23830
8 256 64 4 23571
8 256 64 8 23684
8 256 64 16 23581
8 256 64 32 23929
8 256 64 64 23904
8 256 64 128 24370
8 256 64 256 24568
8 256 64 512 24482
8 256 128 1 24761
8 256 128 2 24689
8 256 128 4 24319
8 256 128 8 23974
8 256 128 16 24221
8 256 128 32 24042
8 256 128 64 24415
8 256 128 128 24631
8 256 128 256 24642
8 256 128 512 24483
8 256 256 1 24525
8 256 256 2 24536
8 256 256 4 24478
8 256 256 8 24103
8 256 256 16 23997
8 256 256 32 24018
8 256 256 64 24246
8 256 256 128 24468
8 256 256 256 24560
8 256 256 512 24529
8 256 512 1 24695
8 256 512 2 24660
8 256 512 4 24270
8 256 512 8 24070
8 256 512 16 24207
8 256 512 32 23949
8 256 512 64 24130
8 256 512 128 24572
8 256 512 256 24392
8 256 512 512 24529
8 512 1 1 24398
8 512 1 2 24453
8 512 1 4 23772
8 512 1 8 23663
8 512 1 16 23655
8 512 1 32 24064
8 512 1 64 24191
8 512 1 128 24410
8 512 1 256 24572
8 512 1 512 24549
8 512 2 1 23988
8 512 2 2 23823
8 512 2 4 23591
8 512 2 8 23502
8 512 2 16 23673
8 512 2 32 23671
8 512 2 64 23685
8 512 2 128 24449
8 512 2 256 24354
8 512 2 512 24528
8 512 4 1 24459
8 512 4 2 24115
8 512 4 4 23864
8 512 4 8 23433
8 512 4 16 23312
8 512 4 32 23497
8 512 4 64 23438
8 512 4 128 23855
8 512 4 256 23975
8 512 4 512 24023
8 512 8 1 25437
8 512 8 2 24362
8 512 8 4 23616
8 512 8 8 23401
8 512 8 16 23509
8 512 8 32 23475
8 512 8 64 23610
8 512 8 128 24200
8 512 8 256 24027
8 512 8 512 24329
8 512 16 1 24110
8 512 16 2 23866
8 512 16 4 23625
8 512 16 8 23474
8 512 16 16 23455
8 512 16 32 23683
8 512 16 64 23887
8 512 16 128 24420
8 512 16 256 24340
8 512 16 512 24467
8 512 32 1 23980
8 512 32 2 23814
8 512 32 4 23633
8 512 32 8 23554
8 512 32 16 23670
8 512 32 32 23652
8 512 32 64 23918
8 512 32 128 24370
8 512 32 256 24217
8 512 32 512 24259
8 512 64 1 23948
8 512 64 2 23890
8 512 64 4 23584
8 512 64 8 23670
8 512 64 16 23594
8 512 64 32 23695
8 512 64 64 23955
8 512 64 128 24288
8 512 64 256 24284
8 512 64 512 24110
8 512 128 1 24452
8 512 128 2 24701
8 512 128 4 24130
8 512 128 8 23977
8 512 128 16 24134
8 512 128 32 24072
8 512 128 64 24409
8 512 128 128 24438
8 512 128 256 24475
8 512 128 512 24610
8 512 256 1 24566
8 512 256 2 24461
8 512 256 4 24273
8 512 256 8 24034
8 512 256 16 23976
8 512 256 32 23927
8 512 256 64 24275
8 512 256 128 24662
8 512 256 256 24531
8 512 256 512 24455
8 512 512 1 24652
8 512 512 2 24701
8 512 512 4 24413
8 512 512 8 24076
8 512 512 16 24148
8 512 512 32 23921
8 512 512 64 24338
8 512 512 128 24635
8 512 512 256 24416
8 512 512 512 24485
16 1 1 1 24538
16 1 1 2 24837
16 1 1 4 23781
16 1 1 8 23597
16 1 1 16 23756
16 1 1 32 24033
16 1 1 64 24149
16 1 1 128 24939
16 1 1 256 24813
16 1 1 512 24657
16 1 2 1 24278
16 1 2 2 24151
16 1 2 4 23503
16 1 2 8 23295
16 1 2 16 23324
16 1 2 32 23174
16 1 2 64 23472
16 1 2 128 24327
16 1 2 256 24413
16 1 2 512 24602
16 1 4 1 23878
16 1 4 2 23729
16 1 4 4 23155
16 1 4 8 23139
16 1 4 16 23107
16 1 4 32 23154
16 1 4 64 23243
16 1 4 128 24127
16 1 4 256 24222
16 1 4 512 24248
16 1 8 1 23821
16 1 8 2 23981
16 1 8 4 23158
16 1 8 8 23105
16 1 8 16 23021
16 1 8 32 23301
16 1 8 64 23601
16 1 8 128 24189
16 1 8 256 24085
16 1 8 512 24333
16 1 16 1 23663
16 1 16 2 23867
16 1 16 4 23297
16 1 16 8 23420
16 1 16 16 23411
16 1 16 32 23266
16 1 16 64 23644
16 1 16 128 24231
16 1 16 256 24258
16 1 16 512 24084
16 1 32 1 23769
16 1 32 2 24052
16 1 32 4 23350
16 1 32 8 23459
16 1 32 16 23378
16 1 32 32 23500
16 1 32 64 23626
16 1 32 128 24304
16 1 32 256 24160
16 1 32 512 24199
16 1 64 1 23645
16 1 64 2 24004
16 1 64 4 23450
16 1 64 8 23316
16 1 64 16 23450
16 1 64 32 23777
16 1 64 64 23781
16 1 64 128 24099
16 1 64 256 24386
16 1 64 512 24400
16 1 128 1 24391
16 1 128 2 24622
16 1 128 4 24390
16 1 128 8 23919
16 1 128 16 23923
16 1 128 32 23991
16 1 128 64 24171
16 1 128 128 24480
16 1 128 256 24342
16 1 128 512 24577
16 1 256 1 24379
16 1 256 2 24668
16 1 256 4 24292
16 1 256 8 24001
16 1 256 16 23675
16 1 256 32 23814
16 1 256 64 24474
16 1 256 128 24545
16 1 256 256 24457
16 1 256 512 24506
16 1 512 1 24289
16 1 512 2 24592
16 1 512 4 24377
16 1 512 8 23949
16 1 512 16 23914
16 1 512 32 23946
16 1 512 64 24380
16 1 512 128 24599
16 1 512 256 24534
16 1 512 512 24589
16 2 1 1 24140
16 2 1 2 24180
16 2 1 4 23516
16 2 1 8 23286
16 2 1 16 23259
16 2 1 32 23503
16 2 1 64 23787
16 2 1 128 24793
16 2 1 256 24713
16 2 1 512 24743
16 2 2 1 23769
16 2 2 2 23665
16 2 2 4 23306
16 2 2 8 23134
16 2 2 16 23016
16 2 2 32 23101
16 2 2 64 23336
16 2 2 128 24345
16 2 2 256 24493
16 2 2 512 24406
16 2 4 1 23329
16 2 4 2 23316
16 2 4 4 23017
16 2 4 8 22817
16 2 4 16 22782
16 2 4 32 22805
16 2 4 64 23053
16 2 4 128 24105
16 2 4 256 23884
16 2 4 512 23698
16 2 8 1 23228
16 2 8 2 23269
16 2 8 4 22960
16 2 8 8 22901
16 2 8 16 22847
16 2 8 32 22956
16 2 8 64 23387
16 2 8 128 23981
16 2 8 256 24160
16 2 8 512 24036
16 2 16 1 23085
16 2 16 2 23289
16 2 16 4 22978
16 2 16 8 22871
16 2 16 16 22962
16 2 16 32 23414
16 2 16 64 23583
16 2 16 128 23939
16 2 16 256 24120
16 2 16 512 24150
16 2 32 1 23154
16 2 32 2 23205
16 2 32 4 23007
16 2 32 8 23066
16 2 32 16 23097
16 2 32 32 23388
16 2 32 64 23530
16 2 32 128 24174
16 2 32 256 24069
16 2 32 512 24046
16 2 64 1 23270
16 2 64 2 23304
16 2 64 4 23193
16 2 64 8 23372
16 2 64 16 23543
16 2 64 32 23472
16 2 64 64 23601
16 2 64 128 24084
16 2 64 256 24245
16 2 64 512 24189
16 2 128 1 23995
16 2 128 2 24087
16 2 128 4 23851
16 2 128 8 23619
16 2 128 16 23642
16 2 128 32 23575
16 2 128 64 23844
16 2 128 128 24360
16 2 128 256 24127
16 2 128 512 24516
16 2 256 1 23866
16 2 256 2 24214
16 2 256 4 23744
16 2 256 8 23612
16 2 256 16 23714
16 2 256 32 23672
16 2 256 64 23993
16 2 256 128 24370
16 2 256 256 24464
16 2 256 512 24337
16 2 512 1 23881
16 2 512 2 24165
16 2 512 4 23641
16 2 512 8 23568
16 2 512 16 23654
16 2 512 32 23751
16 2 512 64 23958
16 2 512 128 24322
16 2 512 256 24333
16 2 512 512 24302
16 4 1 1 23717
16 4 1 2 23936
16 4 1 4 23279
16 4 1 8 23176
16 4 1 16 23191
16 4 1 32 23585
16 4 1 64 23663
16 4 1 128 24587
16 4 1 256 24623
16 4 1 512 24509
16 4 2 1 23609
16 4 2 2 23538
16 4 2 4 23132
16 4 2 8 22996
16 4 2 16 22984
16 4 2 32 23080
16 4 2 64 23274
16 4 2 128 24207
16 4 2 256 24136
16 4 2 512 24180
16 4 4 1 23172
16 4 4 2 23174
16 4 4 4 22923
16 4 4 8 22792
16 4 4 16 22722
16 4 4 32 22773
16 4 4 64 23119
16 4 4 128 24048
16 4 4 256 23967
16 4 4 512 23943
16 4 8 1 23086
16 4 8 2 23156
16 4 8 4 22927
16 4 8 8 22844
16 4 8 16 22828
16 4 8 32 22941
16 4 8 64 23269
16 4 8 128 24125
16 4 8 256 23933
16 4 8 512 24118
16 4 16 1 23047
16 4 16 2 23145
16 4 16 4 23005
16 4 16 8 22993
16 4 16 16 22995
16 4 16 32 23257
16 4 16 64 23492
16 4 16 128 24052
16 4 16 256 24095
16 4 16 512 24157
16 4 32 1 23030
16 4 32 2 23170
16 4 32 4 23115
16 4 32 8 23147
16 4 32 16 23180
16 4 32 32 23530
16 4 32 64 23633
16 4 32 128 24020
16 4 32 256 24066
16 4 32 512 24092
16 4 64 1 23192
16 4 64 2 23199
16 4 64 4 23188
16 4 64 8 23273
16 4 64 16 23370
16 4 64 32 23516
16 4 64 64 23647
16 4 64 128 24014
16 4 64 256 24136
16 4 64 512 24148
16 4 128 1 24233
16 4 128 2 24098
16 4 128 4 23853
16 4 128 8 23647
16 4 128 16 23685
16 4 128 32 23709
16 4 128 64 23818
16 4 128 128 24429
16 4 128 256 24465
16 4 128 512 24419
16 4 256 1 24189
16 4 256 2 24305
16 4 256 4 23816
16 4 256 8 23577
16 4 256 16 23609
16 4 256 32 23841
16 4 256 64 23741
16 4 256 128 24202
16 4 256 256 24310
16 4 256 512 24533
16 4 512 1 24232
16 4 512 2 24218
16 4 512 4 23840
16 4 512 8 23643
16 4 512 16 23730
16 4 512 32 23875
16 4 512 64 24003
16 4 512 128 24398
16 4 512 256 24527
16 4 512 512 24456
16 8 1 1 23954
16 8 1 2 24216
16 8 1 4 23392
16 8 1 8 23349
16 8 1 16 23246
16 8 1 32 23596
16 8 1 64 23719
16 8 1 128 24329
16 8 1 256 24086
16 8 1 512 24565
16 8 2 1 23519
16 8 2 2 23522
16 8 2 4 23181
16 8 2 8 23177
16 8 2 16 23064
16 8 2 32 23360
16 8 2 64 23321
16 8 2 128 24120
16 8 2 256 24218
16 8 2 512 24294
16 8 4 1 23213
16 8 4 2 23289
16 8 4 4 22996
16 8 4 8 22900
16 8 4 16 22831
16 8 4 32 23027
16 8 4 64 23298
16 8 4 128 24057
16 8 4 256 24119
16 8 4 512 24099
16 8 8 1 23074
16 8 8 2 23206
16 8 8 4 22965
16 8 8 8 22935
16 8 8 16 22928
16 8 8 32 23071
16 8 8 64 23473
16 8 8 128 24121
16 8 8 256 24028
16 8 8 512 23935
16 8 16 1 23061
16 8 16 2 23256
16 8 16 4 23093
16 8 16 8 23143
16 8 16 16 23157
16 8 16 32 23379
16 8 16 64 23639
16 8 16 128 24166
16 8 16 256 24122
16 8 16 512 24256
16 8 32 1 23245
16 8 32 2 23316
16 8 32 4 23289
16 8 32 8 23211
16 8 32 16 23348
16 8 32 32 23670
16 8 32 64 23779
16 8 32 128 24354
16 8 32 256 24182
16 8 32 512 24313
16 8 64 1 23352
16 8 64 2 23503
16 8 64 4 23473
16 8 64 8 23509
16 8 64 16 23508
16 8 64 32 23589
16 8 64 64 23802
16 8 64 128 24415
16 8 64 256 24501
16 8 64 512 24305
16 8 128 1 24452
16 8 128 2 24312
16 8 128 4 24144
16 8 128 8 23726
16 8 128 16 24028
16 8 128 32 23941
16 8 128 64 24049
16 8 128 128 24475
16 8 128 256 24336
16 8 128 512 24429
16 8 256 1 24435
16 8 256 2 24096
16 8 256 4 24004
16 8 256 8 23683
16 8 256 16 23945
16 8 256 32 23773
16 8 256 64 24045
16 8 256 128 24539
16 8 256 256 24117
16 8 256 512 24258
16 8 512 1 24321
16 8 512 2 24390
16 8 512 4 24035
16 8 512 8 23657
16 8 512 16 23811
16 8 512 32 23848
16 8 512 64 23921
16 8 512 128 24245
16 8 512 256 24251
16 8 512 512 24350
16 16 1 1 24166
16 16 1 2 24168
16 16 1 4 23588
16 16 1 8 23549
16 16 1 16 23481
16 16 1 32 23667
16 16 1 64 24154
16 16 1 128 24549
16 16 1 256 24531
16 16 1 512 24751
16 16 2 1 23630
16 16 2 2 23528
16 16 2 4 23204
16 16 2 8 23157
16 16 2 16 23239
16 16 2 32 23181
16 16 2 64 23570
16 16 2 128 24312
16 16 2 256 24306
16 16 2 512 24181
16 16 4 1 23199
16 16 4 2 23313
16 16 4 4 23083
16 16 4 8 22971
16 16 4 16 23025
16 16 4 32 23313
16 16 4 64 23476
16 16 4 128 23963
16 16 4 256 23925
16 16 4 512 23947
16 16 8 1 23168
16 16 8 2 23270
16 16 8 4 23131
16 16 8 8 23132
16 16 8 16 23147
16 16 8 32 23352
16 16 8 64 23518
16 16 8 128 24142
16 16 8 256 24033
16 16 8 512 24142
16 16 16 1 23504
16 16 16 2 23480
16 16 16 4 23332
16 16 16 8 23296
16 16 16 16 23287
16 16 16 32 23486
16 16 16 64 23672
16 16 16 128 24050
16 16 16 256 24072
16 16 16 512 24098
16 16 32 1 23463
16 16 32 2 23421
16 16 32 4 23438
16 16 32 8 23417
16 16 32 16 23509
16 16 32 32 23574
16 16 32 64 23759
16 16 32 128 24261
16 16 32 256 24291
16 16 32 512 24334
16 16 64 1 23531
16 16 64 2 23640
16 16 64 4 23609
16 16 64 8 23433
16 16 64 16 23597
16 16 64 32 23698
16 16 64 64 23766
16 16 64 128 24337
16 16 64 256 24225
16 16 64 512 24456
16 16 128 1 24355
16 16 128 2 24384
16 16 128 4 23954
16 16 128 8 23878
16 16 128 16 23822
16 16 128 32 23855
16 16 128 64 23975
16 16 128 128 24393
16 16 128 256 24472
16 16 128 512 24441
16 16 256 1 24304
16 16 256 2 24458
16 16 256 4 24196
16 16 256 8 23700
16 16 256 16 23926
16 16 256 32 23939
16 16 256 64 24086
16 16 256 128 24534
16 16 256 256 24466
16 16 256 512 24413
16 16 512 1 24386
16 16 512 2 24300
16 16 512 4 24100
16 16 512 8 23921
16 16 512 16 23976
16 16 512 32 23830
16 16 512 64 24161
16 16 512 128 24233
16 16 512 256 24545
16 16 512 512 24588
16 32 1 1 24624
16 32 1 2 24246
16 32 1 4 23706
16 32 1 8 23527
16 32 1 16 23530
16 32 1 32 23862
16 32 1 64 23925
16 32 1 128 24537
16 32 1 256 24503
16 32 1 512 24553
16 32 2 1 23743
16 32 2 2 23633
16 32 2 4 23379
16 32 2 8 23205
16 32 2 16 23202
16 32 2 32 23480
16 32 2 64 23546
16 32 2 128 24280
16 32 2 256 24350
16 32 2 512 24347
16 32 4 1 23377
16 32 4 2 23377
16 32 4 4 23218
16 32 4 8 23090
16 32 4 16 23130
16 32 4 32 23171
16 32 4 64 23474
16 32 4 128 24062
16 32 4 256 24170
16 32 4 512 24136
16 32 8 1 24037
16 32 8 2 23825
16 32 8 4 23444
16 32 8 8 23308
16 32 8 16 23288
16 32 8 32 23379
16 32 8 64 23584
16 32 8 128 24117
16 32 8 256 24125
16 32 8 512 24038
16 32 16 1 23720
16 32 16 2 23499
16 32 16 4 23353
16 32 16 8 23427
16 32 16 16 23399
16 32 16 32 23443
16 32 16 64 23811
16 32 16 128 24305
16 32 16 256 24210
16 32 16 512 24209
16 32 32 1 23662
16 32 32 2 23716
16 32 32 4 23567
16 32 32 8 23329
16 32 32 16 23548
16 32 32 32 23793
16 32 32 64 23839
16 32 32 128 24455
16 32 32 256 24447
16 32 32 512 24362
16 32 64 1 23589
16 32 64 2 23641
16 32 64 4 23641
16 32 64 8 23627
16 32 64 16 23617
16 32 64 32 23926
16 32 64 64 23967
16 32 64 128 24568
16 32 64 256 24372
16 32 64 512 24487
16 32 128 1 24640
16 32 128 2 24696
16 32 128 4 24258
16 32 128 8 23959
16 32 128 16 24032
16 32 128 32 24070
16 32 128 64 24163
16 32 128 128 24503
16 32 128 256 24330
16 32 128 512 24517
16 32 256 1 24499
16 32 256 2 24578
16 32 256 4 24286
16 32 256 8 23752
16 32 256 16 23886
16 32 256 32 24047
16 32 256 64 24105
16 32 256 128 24346
16 32 256 256 24538
16 32 256 512 24479
16 32 512 1 24495
16 32 512 2 24434
16 32 512 4 24054
16 32 512 8 23861
16 32 512 16 23919
16 32 512 32 24129
16 32 512 64 24219
16 32 512 128 24505
16 32 512 256 24307
16 32 512 512 24681
16 64 1 1 25580
16 64 1 2 24851
16 64 1 4 24274
16 64 1 8 24013
16 64 1 16 23945
16 64 1 32 24144
16 64 1 64 24356
16 64 1 128 24914
16 64 1 256 24776
16 64 1 512 24663
16 64 2 1 26234
16 64 2 2 25054
16 64 2 4 24376
16 64 2 8 23936
16 64 2 16 23639
16 64 2 32 23690
16 64 2 64 23696
16 64 2 128 24470
16 64 2 256 24418
16 64 2 512 24473
16 64 4 1 26008
16 64 4 2 24828
16 64 4 4 23909
16 64 4 8 23495
16 64 4 16 23292
16 64 4 32 23398
16 64 4 64 23600
16 64 4 128 24268
16 64 4 256 24178
16 64 4 512 24207
16 64 8 1 25050
16 64 8 2 24072
16 64 8 4 23564
16 64 8 8 23504
16 64 8 16 23408
16 64 8 32 23522
16 64 8 64 23768
16 64 8 128 24464
16 64 8 256 24370
16 64 8 512 24395
16 64 16 1 24011
16 64 16 2 23725
16 64 16 4 23494
16 64 16 8 23533
16 64 16 16 23632
16 64 16 32 23637
16 64 16 64 23908
16 64 16 128 24494
16 64 16 256 24303
16 64 16 512 24423
16 64 32 1 23774
16 64 32 2 23912
16 64 32 4 23707
16 64 32 8 23606
16 64 32 16 23745
16 64 32 32 23769
16 64 32 64 23841
16 64 32 128 24318
16 64 32 256 24390
16 64 32 512 24512
16 64 64 1 24029
16 64 64 2 24075
16 64 64 4 23763
16 64 64 8 23641
16 64 64 16 23899
16 64 64 32 23993
16 64 64 64 24137
16 64 64 128 24660
16 64 64 256 24438
16 64 64 512 24528
16 64 128 1 24861
16 64 128 2 24825
16 64 128 4 24482
16 64 128 8 24142
16 64 128 16 24210
16 64 128 32 24060
16 64 128 64 24324
16 64 128 128 24494
16 64 128 256 24593
16 64 128 512 24617
16 64 256 1 24843
16 64 256 2 24693
16 64 256 4 24662
16 64 256 8 23820
16 64 256 16 24061
16 64 256 32 23965
16 64 256 64 24307
16 64 256 128 24523
16 64 256 256 24624
16 64 256 512 24497
16 64 512 1 24904
16 64 512 2 24833
16 64 512 4 24308
16 64 512 8 23937
16 64 512 16 24119
16 64 512 32 24033
16 64 512 64 24310
16 64 512 128 24502
16 64 512 256 24429
16 64 512 512 24412
16 128 1 1 30367
16 128 1 2 27690
16 128 1 4 25944
16 128 1 8 24909
16 128 1 16 24420
16 128 1 32 24419
16 128 1 64 24502
16 128 1 128 24679
16 128 1 256 24761
16 128 1 512 24808
16 128 2 1 29699
16 128 2 2 26680
16 128 2 4 25046
16 128 2 8 24150
16 128 2 16 23784
16 128 2 32 23647
16 128 2 64 23663
16 128 2 128 24138
16 128 2 256 24352
16 128 2 512 24413
16 128 4 1 27338
16 128 4 2 25404
16 128 4 4 24281
16 128 4 8 23828
16 128 4 16 23535
16 128 4 32 23677
16 128 4 64 23653
16 128 4 128 24220
16 128 4 256 24254
16 128 4 512 24382
16 128 8 1 25794
16 128 8 2 24392
16 128 8 4 23711
16 128 8 8 23574
16 128 8 16 23528
16 128 8 32 23846
16 128 8 64 23789
16 128 8 128 24264
16 128 8 256 24339
16 128 8 512 24257
16 128 16 1 24182
16 128 16 2 23807
16 128 16 4 23643
16 128 16 8 23478
16 128 16 16 23558
16 128 16 32 23580
16 128 16 64 23967
16 128 16 128 24502
16 128 16 256 24420
16 128 16 512 24289
16 128 32 1 24220
16 128 32 2 23862
16 128 32 4 23756
16 128 32 8 23566
16 128 32 16 23669
16 128 32 32 23883
16 128 32 64 23771
16 128 32 128 24231
16 128 32 256 24264
16 128 32 512 24359
16 128 64 1 24525
16 128 64 2 24195
16 128 64 4 23845
16 128 64 8 23762
16 128 64 16 23718
16 128 64 32 23912
16 128 64 64 24000
16 128 64 128 24375
16 128 64 256 24371
16 128 64 512 24377
16 128 128 1 25338
16 128 128 2 25153
16 128 128 4 24334
16 128 128 8 24225
16 128 128 16 24180
16 128 128 32 24091
16 128 128 64 24263
16 128 128 128 24500
16 128 128 256 24594
16 128 128 512 24564
16 128 256 1 25262
16 128 256 2 25133
16 128 256 4 24851
16 128 256 8 23907
16 128 256 16 24141
16 128 256 32 24085
16 128 256 64 24457
16 128 256 128 24426
16 128 256 256 24671
16 128 256 512 24549
16 128 512 1 25432
16 128 512 2 25059
16 128 512 4 24534
16 128 512 8 24094
16 128 512 16 24254
16 128 512 32 23843
16 128 512 64 24226
16 128 512 128 24591
16 128 512 256 24612
16 128 512 512 24596
16 256 1 1 30586
16 256 1 2 27875
16 256 1 4 25985
16 256 1 8 24881
16 256 1 16 24392
16 256 1 32 24341
16 256 1 64 24518
16 256 1 128 24387
16 256 1 256 24781
16 256 1 512 24735
16 256 2 1 29697
16 256 2 2 26750
16 256 2 4 25093
16 256 2 8 24246
16 256 2 16 23827
16 256 2 32 23839
16 256 2 64 23810
16 256 2 128 24449
16 256 2 256 24576
16 256 2 512 24407
16 256 4 1 27319
16 256 4 2 25409
16 256 4 4 24299
16 256 4 8 23792
16 256 4 16 23493
16 256 4 32 23482
16 256 4 64 23448
16 256 4 128 24112
16 256 4 256 24143
16 256 4 512 24359
16 256 8 1 25674
16 256 8 2 24428
16 256 8 4 23763
16 256 8 8 23649
16 256 8 16 23570
16 256 8 32 23538
16 256 8 64 23817
16 256 8 128 24370
16 256 8 256 24599
16 256 8 512 24548
16 256 16 1 24349
16 256 16 2 24033
16 256 16 4 23702
16 256 16 8 23745
16 256 16 16 23755
16 256 16 32 23854
16 256 16 64 23862
16 256 16 128 24532
16 256 16 256 24265
16 256 16 512 24258
16 256 32 1 24253
16 256 32 2 24135
16 256 32 4 23896
16 256 32 8 23829
16 256 32 16 23871
16 256 32 32 23822
16 256 32 64 23868
16 256 32 128 24298
16 256 32 256 24369
16 256 32 512 24384
16 256 64 1 24721
16 256 64 2 24434
16 256 64 4 24014
16 256 64 8 23843
16 256 64 16 23830
16 256 64 32 23893
16 256 64 64 24059
16 256 64 128 24403
16 256 64 256 24287
16 256 64 512 24515
16 256 128 1 25120
16 256 128 2 25147
16 256 128 4 24815
16 256 128 8 23953
16 256 128 16 24278
16 256 128 32 24009
16 256 128 64 24034
16 256 128 128 24451
16 256 128 256 24218
16 256 128 512 24431
16 256 256 1 25382
16 256 256 2 25139
16 256 256 4 24437
16 256 256 8 24232
16 256 256 16 24077
16 256 256 32 23963
16 256 256 64 24117
16 256 256 128 24310
16 256 256 256 24569
16 256 256 512 24330
16 256 512 1 25267
16 256 512 2 24896
16 256 512 4 24336
16 256 512 8 24137
16 256 512 16 24000
16 256 512 32 24080
16 256 512 64 24311
16 256 512 128 24452
16 256 512 256 24393
16 256 512 512 24422
16 512 1 1 30499
16 512 1 2 27737
16 512 1 4 25853
16 512 1 8 24804
16 512 1 16 24313
16 512 1 32 24356
16 512 1 64 24564
16 512 1 128 24546
16 512 1 256 24556
16 512 1 512 24685
16 512 2 1 29743
16 512 2 2 26724
16 512 2 4 25089
16 512 2 8 24198
16 512 2 16 23847
16 512 2 32 23784
16 512 2 64 23743
16 512 2 128 24430
16 512 2 256 24141
16 512 2 512 24244
16 512 4 1 27392
16 512 4 2 25384
16 512 4 4 24316
16 512 4 8 23765
16 512 4 16 23507
16 512 4 32 23497
16 512 4 64 23550
16 512 4 128 24202
16 512 4 256 24077
16 512 4 512 24145
16 512 8 1 25654
16 512 8 2 24391
16 512 8 4 23743
16 512 8 8 23581
16 512 8 16 23541
16 512 8 32 23649
16 512 8 64 23762
16 512 8 128 24159
16 512 8 256 24114
16 512 8 512 24288
16 512 16 1 24056
16 512 16 2 23979
16 512 16 4 23644
16 512 16 8 23451
16 512 16 16 23669
16 512 16 32 23655
16 512 16 64 23738
16 512 16 128 24568
16 512 16 256 24423
16 512 16 512 24276
16 512 32 1 24175
16 512 32 2 24062
16 512 32 4 23846
16 512 32 8 23750
16 512 32 16 23684
16 512 32 32 23816
16 512 32 64 23869
16 512 32 128 24445
16 512 32 256 24419
16 512 32 512 24310
16 512 64 1 24552
16 512 64 2 24225
16 512 64 4 23985
16 512 64 8 23777
16 512 64 16 23779
16 512 64 32 23697
16 512 64 64 23906
16 512 64 128 24336
16 512 64 256 24538
16 512 64 512 24405
16 512 128 1 25222
16 512 128 2 25189
16 512 128 4 24381
16 512 128 8 24152
16 512 128 16 23965
16 512 128 32 23964
16 512 128 64 24061
16 512 128 128 24435
16 512 128 256 24374
16 512 128 512 24345
16 512 256 1 24942
16 512 256 2 24933
16 512 256 4 24405
16 512 256 8 24033
16 512 256 16 23926
16 512 256 32 23985
16 512 256 64 24232
16 512 256 128 24496
16 512 256 256 24506
16 512 256 512 24298
16 512 512 1 24967
16 512 512 2 25002
16 512 512 4 24711
16 512 512 8 23930
16 512 512 16 23765
16 512 512 32 24005
16 512 512 64 24324
16 512 512 128 24521
16 512 512 256 24280
16 512 512 512 24490
32 1 1 1 24371
32 1 1 2 24658
32 1 1 4 23778
32 1 1 8 23939
32 1 1 16 23645
32 1 1 32 24212
32 1 1 64 24171
32 1 1 128 24743
32 1 1 256 24808
32 1 1 512 25018
32 1 2 1 24443
32 1 2 2 24424
32 1 2 4 23314
32 1 2 8 23364
32 1 2 16 23399
32 1 2 32 23530
32 1 2 64 23514
32 1 2 128 24560
32 1 2 256 24537
32 1 2 512 24352
32 1 4 1 24075
32 1 4 2 23959
32 1 4 4 23276
32 1 4 8 23099
32 1 4 16 23058
32 1 4 32 23440
32 1 4 64 23428
32 1 4 128 23968
32 1 4 256 24016
32 1 4 512 24191
32 1 8 1 23877
32 1 8 2 23873
32 1 8 4 23076
32 1 8 8 22951
32 1 8 16 23226
32 1 8 32 23383
32 1 8 64 23671
32 1 8 128 24168
32 1 8 256 24202
32 1 8 512 24096
32 1 16 1 23765
32 1 16 2 24130
32 1 16 4 23394
32 1 16 8 23275
32 1 16 16 23404
32 1 16 32 23508
32 1 16 64 23650
32 1 16 128 24094
32 1 16 256 24036
32 1 16 512 24147
32 1 32 1 23995
32 1 32 2 23984
32 1 32 4 23404
32 1 32 8 23434
32 1 32 16 23576
32 1 32 32 23664
32 1 32 64 23748
32 1 32 128 24298
32 1 32 256 24108
32 1 32 512 24147
32 1 64 1 23764
32 1 64 2 24193
32 1 64 4 23482
32 1 64 8 23470
32 1 64 16 23700
32 1 64 32 23637
32 1 64 64 23907
32 1 64 128 24213
32 1 64 256 24251
32 1 64 512 24183
32 1 128 1 24359
32 1 128 2 24582
32 1 128 4 23996
32 1 128 8 23789
32 1 128 16 23669
32 1 128 32 23907
32 1 128 64 24123
32 1 128 128 24459
32 1 128 256 24442
32 1 128 512 24474
32 1 256 1 24298
32 1 256 2 24661
32 1 256 4 24463
32 1 256 8 23909
32 1 256 16 23917
32 1 256 32 23835
32 1 256 64 24383
32 1 256 128 24469
32 1 256 256 24526
32 1 256 512 24535
32 1 512 1 24320
32 1 512 2 24405
32 1 512 4 24007
32 1 512 8 23774
32 1 512 16 23824
32 1 512 32 23898
32 1 512 64 24346
32 1 512 128 24569
32 1 512 256 24549
32 1 512 512 24548
32 2 1 1 24206
32 2 1 2 24277
32 2 1 4 23426
32 2 1 8 23288
32 2 1 16 23258
32 2 1 32 23497
32 2 1 64 23891
32 2 1 128 24684
32 2 1 256 24639
32 2 1 512 24638
32 2 2 1 23847
32 2 2 2 23604
32 2 2 4 23305
32 2 2 8 23217
32 2 2 16 23181
32 2 2 32 23189
32 2 2 64 23469
32 2 2 128 24188
32 2 2 256 24253
32 2 2 512 24332
32 2 4 1 23347
32 2 4 2 23498
32 2 4 4 23010
32 2 4 8 22841
32 2 4 16 22833
32 2 4 32 22850
32 2 4 64 23079
32 2 4 128 23664
32 2 4 256 24013
32 2 4 512 24175
32 2 8 1 23210
32 2 8 2 23341
32 2 8 4 23079
32 2 8 8 22896
32 2 8 16 22900
32 2 8 32 23029
32 2 8 64 23197
32 2 8 128 24189
32 2 8 256 24074
32 2 8 512 24159
32 2 16 1 23208
32 2 16 2 23472
32 2 16 4 23180
32 2 16 8 23039
32 2 16 16 23277
32 2 16 32 23125
32 2 16 64 23461
32 2 16 128 24096
32 2 16 256 23997
32 2 16 512 24109
32 2 32 1 23121
32 2 32 2 23200
32 2 32 4 23038
32 2 32 8 23173
32 2 32 16 23295
32 2 32 32 23494
32 2 32 64 23730
32 2 32 128 24153
32 2 32 256 24182
32 2 32 512 24066
32 2 64 1 23211
32 2 64 2 23312
32 2 64 4 23263
32 2 64 8 23387
32 2 64 16 23546
32 2 64 32 23605
32 2 64 64 23812
32 2 64 128 24387
32 2 64 256 24160
32 2 64 512 24192
32 2 128 1 24149
32 2 128 2 24366
32 2 128 4 23898
32 2 128 8 23684
32 2 128 16 23763
32 2 128 32 23831
32 2 128 64 23939
32 2 128 128 24485
32 2 128 256 24485
32 2 128 512 24301
32 2 256 1 24219
32 2 256 2 24358
32 2 256 4 24065
32 2 256 8 23721
32 2 256 16 23733
32 2 256 32 23891
32 2 256 64 23942
32 2 256 128 24465
32 2 256 256 24291
32 2 256 512 24470
32 2 512 1 24145
32 2 512 2 24062
32 2 512 4 23799
32 2 512 8 23654
32 2 512 16 23818
32 2 512 32 23743
32 2 512 64 23751
32 2 512 128 24413
32 2 512 256 24426
32 2 512 512 24412
32 4 1 1 24028
32 4 1 2 24164
32 4 1 4 23459
32 4 1 8 23292
32 4 1 16 23452
32 4 1 32 23613
32 4 1 64 23791
32 4 1 128 24400
32 4 1 256 24461
32 4 1 512 24330
32 4 2 1 23593
32 4 2 2 23563
32 4 2 4 23193
32 4 2 8 23107
32 4 2 16 23184
32 4 2 32 23203
32 4 2 64 23286
32 4 2 128 24082
32 4 2 256 24170
32 4 2 512 24063
32 4 4 1 23269
32 4 4 2 23293
32 4 4 4 23034
32 4 4 8 22946
32 4 4 16 22918
32 4 4 32 23007
32 4 4 64 23202
32 4 4 128 23878
32 4 4 256 24019
32 4 4 512 23847
32 4 8 1 23119
32 4 8 2 23182
32 4 8 4 23033
32 4 8 8 22930
32 4 8 16 23008
32 4 8 32 23241
32 4 8 64 23319
32 4 8 128 23992
32 4 8 256 23994
32 4 8 512 24004
32 4 16 1 23117
32 4 16 2 23205
32 4 16 4 23025
32 4 16 8 22947
32 4 16 16 22938
32 4 16 32 23153
32 4 16 64 23470
32 4 16 128 23900
32 4 16 256 23987
32 4 16 512 24000
32 4 32 1 23189
32 4 32 2 23262
32 4 32 4 23149
32 4 32 8 23154
32 4 32 16 23313
32 4 32 32 23493
32 4 32 64 23683
32 4 32 128 23939
32 4 32 256 23954
32 4 32 512 24049
32 4 64 1 23266
32 4 64 2 23357
32 4 64 4 23325
32 4 64 8 23418
32 4 64 16 23413
32 4 64 32 23675
32 4 64 64 23829
32 4 64 128 24084
32 4 64 256 24204
32 4 64 512 24303
32 4 128 1 24332
32 4 128 2 24489
32 4 128 4 23971
32 4 128 8 23631
32 4 128 16 23644
32 4 128 32 23846
32 4 128 64 24009
32 4 128 128 24466
32 4 128 256 24188
32 4 128 512 24429
32 4 256 1 24184
32 4 256 2 24166
32 4 256 4 24097
32 4 256 8 23699
32 4 256 16 23880
32 4 256 32 24069
32 4 256 64 24086
32 4 256 128 24510
32 4 256 256 24572
32 4 256 512 24499
32 4 512 1 24305
32 4 512 2 24170
32 4 512 4 24092
32 4 512 8 23769
32 4 512 16 23747
32 4 512 32 23853
32 4 512 64 23960
32 4 512 128 24328
32 4 512 256 24428
32 4 512 512 24273
32 8 1 1 24273
32 8 1 2 24347
32 8 1 4 23503
32 8 1 8 23572
32 8 1 16 23559
32 8 1 32 23758
32 8 1 64 23982
32 8 1 128 24582
32 8 1 256 24593
32 8 1 512 24603
32 8 2 1 23614
32 8 2 2 23599
32 8 2 4 23315
32 8 2 8 23308
32 8 2 16 23091
32 8 2 32 23478
32 8 2 64 23470
32 8 2 128 24139
32 8 2 256 24145
32 8 2 512 24386
32 8 4 1 23225
32 8 4 2 23320
32 8 4 4 23083
32 8 4 8 23011
32 8 4 16 22967
32 8 4 32 23138
32 8 4 64 23271
32 8 4 128 23910
32 8 4 256 23939
32 8 4 512 23887
32 8 8 1 23175
32 8 8 2 23254
32 8 8 4 23112
32 8 8 8 23064
32 8 8 16 23095
32 8 8 32 23195
32 8 8 64 23456
32 8 8 128 23961
32 8 8 256 24112
32 8 8 512 24069
32 8 16 1 23582
32 8 16 2 23418
32 8 16 4 23207
32 8 16 8 23081
32 8 16 16 23362
32 8 16 32 23600
32 8 16 64 23788
32 8 16 128 24077
32 8 16 256 24085
32 8 16 512 24309
32 8 32 1 23342
32 8 32 2 23360
32 8 32 4 23263
32 8 32 8 23370
32 8 32 16 23520
32 8 32 32 23432
32 8 32 64 23689
32 8 32 128 24212
32 8 32 256 24326
32 8 32 512 24275
32 8 64 1 23453
32 8 64 2 23489
32 8 64 4 23574
32 8 64 8 23484
32 8 64 16 23663
32 8 64 32 23719
32 8 64 64 23881
32 8 64 128 24372
32 8 64 256 24158
32 8 64 512 24427
32 8 128 1 24443
32 8 128 2 24554
32 8 128 4 24224
32 8 128 8 23832
32 8 128 16 23861
32 8 128 32 24032
32 8 128 64 24018
32 8 128 128 24488
32 8 128 256 24516
32 8 128 512 24416
32 8 256 1 24151
32 8 256 2 24209
32 8 256 4 23928
32 8 256 8 23785
32 8 256 16 23885
32 8 256 32 24114
32 8 256 64 23900
32 8 256 128 24510
32 8 256 256 24473
32 8 256 512 24360
32 8 512 1 24459
32 8 512 2 24463
32 8 512 4 24145
32 8 512 8 23698
32 8 512 16 23748
32 8 512 32 23918
32 8 512 64 24081
32 8 512 128 24491
32 8 512 256 24329
32 8 512 512 24586
32 16 1 1 24484
32 16 1 2 24304
32 16 1 4 23561
32 16 1 8 23534
32 16 1 16 23633
32 16 1 32 23863
32 16 1 64 23999
32 16 1 128 24436
32 16 1 256 24738
32 16 1 512 24483
32 16 2 1 23695
32 16 2 2 23601
32 16 2 4 23275
32 16 2 8 23177
32 16 2 16 23378
32 16 2 32 23307
32 16 2 64 23558
32 16 2 128 24105
32 16 2 256 24177
32 16 2 512 24198
32 16 4 1 23421
32 16 4 2 23467
32 16 4 4 23280
32 16 4 8 23191
32 16 4 16 23164
32 16 4 32 23227
32 16 4 64 23504
32 16 4 128 24009
32 16 4 256 24199
32 16 4 512 24140
32 16 8 1 24307
32 16 8 2 23908
32 16 8 4 23457
32 16 8 8 23346
32 16 8 16 23308
32 16 8 32 23443
32 16 8 64 23548
32 16 8 128 23944
32 16 8 256 23960
32 16 8 512 24122
32 16 16 1 23781
32 16 16 2 23688
32 16 16 4 23468
32 16 16 8 23439
32 16 16 16 23481
32 16 16 32 23588
32 16 16 64 23837
32 16 16 128 24168
32 16 16 256 24159
32 16 16 512 24041
32 16 32 1 23668
32 16 32 2 23551
32 16 32 4 23520
32 16 32 8 23558
32 16 32 16 23626
32 16 32 32 23595
32 16 32 64 23724
32 16 32 128 24180
32 16 32 256 24280
32 16 32 512 24332
32 16 64 1 23618
32 16 64 2 23553
32 16 64 4 23670
32 16 64 8 23501
32 16 64 16 23818
32 16 64 32 23643
32 16 64 64 24015
32 16 64 128 24250
32 16 64 256 24203
32 16 64 512 24184
32 16 128 1 24494
32 16 128 2 24441
32 16 128 4 24179
32 16 128 8 23972
32 16 128 16 24057
32 16 128 32 24008
32 16 128 64 24259
32 16 128 128 24475
32 16 128 256 24402
32 16 128 512 24411
32 16 256 1 24548
32 16 256 2 24436
32 16 256 4 24313
32 16 256 8 23791
32 16 256 16 23953
32 16 256 32 23751
32 16 256 64 24346
32 16 256 128 24524
32 16 256 256 24406
32 16 256 512 24575
32 16 512 1 24467
32 16 512 2 24610
32 16 512 4 24274
32 16 512 8 23873
32 16 512 16 23916
32 16 512 32 24066
32 16 512 64 24332
32 16 512 128 24417
32 16 512 256 24530
32 16 512 512 24188
32 32 1 1 25463
32 32 1 2 24928
32 32 1 4 24389
32 32 1 8 24161
32 32 1 16 23968
32 32 1 32 24240
32 32 1 64 24378
32 32 1 128 24420
32 32 1 256 24629
32 32 1 512 24666
32 32 2 1 26358
32 32 2 2 25242
32 32 2 4 24376
32 32 2 8 23869
32 32 2 16 23717
32 32 2 32 23663
32 32 2 64 23970
32 32 2 128 24414
32 32 2 256 24320
32 32 2 512 24401
32 32 4 1 26254
32 32 4 2 24898
32 32 4 4 24037
32 32 4 8 23558
32 32 4 16 23321
32 32 4 32 23319
32 32 4 64 23617
32 32 4 128 24288
32 32 4 256 24157
32 32 4 512 24196
32 32 8 1 25427
32 32 8 2 24237
32 32 8 4 23558
32 32 8 8 23352
32 32 8 16 23505
32 32 8 32 23395
32 32 8 64 23654
32 32 8 128 24160
32 32 8 256 24165
32 32 8 512 24047
32 32 16 1 23895
32 32 16 2 23654
32 32 16 4 23602
32 32 16 8 23521
32 32 16 16 23688
32 32 16 32 23726
32 32 16 64 23761
32 32 16 128 24355
32 32 16 256 24353
32 32 16 512 24200
32 32 32 1 23890
32 32 32 2 23715
32 32 32 4 23691
32 32 32 8 23620
32 32 32 16 23701
32 32 32 32 23689
32 32 32 64 23878
32 32 32 128 24440
32 32 32 256 24365
32 32 32 512 24366
32 32 64 1 24067
32 32 64 2 23935
32 32 64 4 23889
32 32 64 8 23723
32 32 64 16 23775
32 32 64 32 23878
32 32 64 64 23883
32 32 64 128 24240
32 32 64 256 24242
32 32 64 512 24114
32 32 128 1 24537
32 32 128 2 25098
32 32 128 4 24641
32 32 128 8 24074
32 32 128 16 24061
32 32 128 32 23851
32 32 128 64 24172
32 32 128 128 24349
32 32 128 256 24163
32 32 128 512 24341
32 32 256 1 24797
32 32 256 2 24884
32 32 256 4 24366
32 32 256 8 24170
32 32 256 16 24241
32 32 256 32 23959
32 32 256 64 24105
32 32 256 128 24491
32 32 256 256 24513
32 32 256 512 24447
32 32 512 1 24898
32 32 512 2 24941
32 32 512 4 24540
32 32 512 8 24291
32 32 512 16 24023
32 32 512 32 24005
32 32 512 64 24233
32 32 512 128 24598
32 32 512 256 24519
32 32 512 512 24555
32 64 1 1 33540
32 64 1 2 28703
32 64 1 4 26228
32 64 1 8 24841
32 64 1 16 24257
32 64 1 32 24244
32 64 1 64 24493
32 64 1 128 24819
32 64 1 256 24781
32 64 1 512 24747
32 64 2 1 29296
32 64 2 2 26450
32 64 2 4 24781
32 64 2 8 24057
32 64 2 16 23724
32 64 2 32 23647
32 64 2 64 23850
32 64 2 128 24257
32 64 2 256 24578
32 64 2 512 24273
32 64 4 1 26708
32 64 4 2 25057
32 64 4 4 24053
32 64 4 8 23656
32 64 4 16 23353
32 64 4 32 23467
32 64 4 64 23639
32 64 4 128 24130
32 64 4 256 24218
32 64 4 512 24174
32 64 8 1 25518
32 64 8 2 24344
32 64 8 4 23648
32 64 8 8 23677
32 64 8 16 23506
32 64 8 32 23830
32 64 8 64 23734
32 64 8 128 24149
32 64 8 256 24093
32 64 8 512 24355
32 64 16 1 24292
32 64 16 2 23957
32 64 16 4 23831
32 64 16 8 23738
32 64 16 16 23589
32 64 16 32 23647
32 64 16 64 23799
32 64 16 128 24376
32 64 16 256 24379
32 64 16 512 24476
32 64 32 1 24511
32 64 32 2 24115
32 64 32 4 23860
32 64 32 8 23722
32 64 32 16 23680
32 64 32 32 23883
32 64 32 64 23929
32 64 32 128 24233
32 64 32 256 24422
32 64 32 512 24412
32 64 64 1 24594
32 64 64 2 24405
32 64 64 4 24082
32 64 64 8 23758
32 64 64 16 24066
32 64 64 32 23892
32 64 64 64 23955
32 64 64 128 24410
32 64 64 256 24359
32 64 64 512 24314
32 64 128 1 25358
32 64 128 2 25138
32 64 128 4 24519
32 64 128 8 23841
32 64 128 16 24063
32 64 128 32 23826
32 64 128 64 24209
32 64 128 128 24510
32 64 128 256 24417
32 64 128 512 24510
32 64 256 1 25308
32 64 256 2 25031
32 64 256 4 24584
32 64 256 8 24304
32 64 256 16 24110
32 64 256 32 23986
32 64 256 64 24264
32 64 256 128 24510
32 64 256 256 24541
32 64 256 512 24321
32 64 512 1 25183
32 64 512 2 24887
32 64 512 4 24691
32 64 512 8 24036
32 64 512 16 24242
32 64 512 32 23998
32 64 512 64 24268
32 64 512 128 24488
32 64 512 256 24510
32 64 512 512 24446
32 128 1 1 36891
32 128 1 2 30291
32 128 1 4 27031
32 128 1 8 25277
32 128 1 16 24512
32 128 1 32 24482
32 128 1 64 24531
32 128 1 128 24675
32 128 1 256 24691
32 128 1 512 24801
32 128 2 1 30995
32 128 2 2 27210
32 128 2 4 25264
32 128 2 8 24295
32 128 2 16 24026
32 128 2 32 23784
32 128 2 64 23727
32 128 2 128 24453
32 128 2 256 24143
32 128 2 512 24161
32 128 4 1 27495
32 128 4 2 25512
32 128 4 4 24387
32 128 4 8 23868
32 128 4 16 23667
32 128 4 32 23636
32 128 4 64 23671
32 128 4 128 24147
32 128 4 256 24255
32 128 4 512 24214
32 128 8 1 25928
32 128 8 2 24468
32 128 8 4 23954
32 128 8 8 23598
32 128 8 16 23689
32 128 8 32 23652
32 128 8 64 23693
32 128 8 128 24316
32 128 8 256 24320
32 128 8 512 24451
32 128 16 1 24981
32 128 16 2 24232
32 128 16 4 23884
32 128 16 8 23884
32 128 16 16 23916
32 128 16 32 23929
32 128 16 64 23868
32 128 16 128 24476
32 128 16 256 24429
32 128 16 512 24460
32 128 32 1 25114
32 128 32 2 24572
32 128 32 4 24111
32 128 32 8 23933
32 128 32 16 23974
32 128 32 32 24026
32 128 32 64 23939
32 128 32 128 24401
32 128 32 256 24377
32 128 32 512 24328
32 128 64 1 25191
32 128 64 2 24669
32 128 64 4 24213
32 128 64 8 23914
32 128 64 16 24081
32 128 64 32 23775
32 128 64 64 23959
32 128 64 128 24526
32 128 64 256 24418
32 128 64 512 24098
32 128 128 1 25366
32 128 128 2 25274
32 128 128 4 24606
32 128 128 8 24025
32 128 128 16 24195
32 128 128 32 23943
32 128 128 64 24194
32 128 128 128 24276
32 128 128 256 24526
32 128 128 512 24403
32 128 256 1 25446
32 128 256 2 24966
32 128 256 4 24230
32 128 256 8 24104
32 128 256 16 23961
32 128 256 32 24098
32 128 256 64 24059
32 128 256 128 24406
32 128 256 256 24469
32 128 256 512 24463
32 128 512 1 25323
32 128 512 2 24898
32 128 512 4 24595
32 128 512 8 24179
32 128 512 16 24324
32 128 512 32 24185
32 128 512 64 24310
32 128 512 128 24401
32 128 512 256 24526
32 128 512 512 24374
32 256 1 1 36960
32 256 1 2 30271
32 256 1 4 26986
32 256 1 8 25299
32 256 1 16 24500
32 256 1 32 24424
32 256 1 64 24132
32 256 1 128 24551
32 256 1 256 24642
32 256 1 512 24653
32 256 2 1 30999
32 256 2 2 27261
32 256 2 4 25339
32 256 2 8 24379
32 256 2 16 24063
32 256 2 32 23955
32 256 2 64 23815
32 256 2 128 24505
32 256 2 256 24277
32 256 2 512 24342
32 256 4 1 27426
32 256 4 2 25419
32 256 4 4 24273
32 256 4 8 23788
32 256 4 16 23450
32 256 4 32 23628
32 256 4 64 23626
32 256 4 128 24250
32 256 4 256 24198
32 256 4 512 24219
32 256 8 1 25814
32 256 8 2 24385
32 256 8 4 23720
32 256 8 8 23499
32 256 8 16 23507
32 256 8 32 23742
32 256 8 64 23902
32 256 8 128 24323
32 256 8 256 24151
32 256 8 512 24343
32 256 16 1 24897
32 256 16 2 24324
32 256 16 4 24038
32 256 16 8 23834
32 256 16 16 24016
32 256 16 32 23831
32 256 16 64 23890
32 256 16 128 24416
32 256 16 256 24461
32 256 16 512 24455
32 256 32 1 25062
32 256 32 2 24562
32 256 32 4 24035
32 256 32 8 23939
32 256 32 16 23877
32 256 32 32 24033
32 256 32 64 24090
32 256 32 128 24468
32 256 32 256 24265
32 256 32 512 24487
32 256 64 1 25018
32 256 64 2 24620
32 256 64 4 24010
32 256 64 8 23919
32 256 64 16 24039
32 256 64 32 23924
32 256 64 64 24066
32 256 64 128 24621
32 256 64 256 24392
32 256 64 512 24420
32 256 128 1 25295
32 256 128 2 25114
32 256 128 4 24679
32 256 128 8 24010
32 256 128 16 24283
32 256 128 32 23879
32 256 128 64 24008
32 256 128 128 24375
32 256 128 256 24509
32 256 128 512 24433
32 256 256 1 25376
32 256 256 2 25013
32 256 256 4 24494
32 256 256 8 24127
32 256 256 16 24350
32 256 256 32 24200
32 256 256 64 24130
32 256 256 128 24563
32 256 256 256 24644
32 256 256 512 24540
32 256 512 1 25276
32 256 512 2 25336
32 256 512 4 24620
32 256 512 8 24010
32 256 512 16 24146
32 256 512 32 24194
32 256 512 64 24518
32 256 512 128 24520
32 256 512 256 24482
32 256 512 512 24497
32 512 1 1 37013
32 512 1 2 30392
32 512 1 4 27085
32 512 1 8 25252
32 512 1 16 24597
32 512 1 32 24458
32 512 1 64 24447
32 512 1 128 24742
32 512 1 256 24526
32 512 1 512 24629
32 512 2 1 31041
32 512 2 2 27299
32 512 2 4 25251
32 512 2 8 24393
32 512 2 16 23983
32 512 2 32 23671
32 512 2 64 23911
32 512 2 128 24217
32 512 2 256 24264
32 512 2 512 24280
32 512 4 1 27444
32 512 4 2 25509
32 512 4 4 24403
32 512 4 8 24031
32 512 4 16 23741
32 512 4 32 23741
32 512 4 64 23834
32 512 4 128 24244
32 512 4 256 24322
32 512 4 512 24233
32 512 8 1 25976
32 512 8 2 24550
32 512 8 4 23947
32 512 8 8 23688
32 512 8 16 23639
32 512 8 32 23853
32 512 8 64 23860
32 512 8 128 24393
32 512 8 256 24311
32 512 8 512 24283
32 512 16 1 24988
32 512 16 2 24348
32 512 16 4 23952
32 512 16 8 23875
32 512 16 16 23919
32 512 16 32 23781
32 512 16 64 23950
32 512 16 128 24304
32 512 16 256 24358
32 512 16 512 24472
32 512 32 1 24958
32 512 32 2 24442
32 512 32 4 24154
32 512 32 8 23946
32 512 32 16 24050
32 512 32 32 23837
32 512 32 64 23842
32 512 32 128 24456
32 512 32 256 24436
32 512 32 512 24427
32 512 64 1 25100
32 512 64 2 24438
32 512 64 4 24116
32 512 64 8 23935
32 512 64 16 23736
32 512 64 32 23904
32 512 64 64 23975
32 512 64 128 24424
32 512 64 256 24397
32 512 64 512 24563
32 512 128 1 25554
32 512 128 2 25022
32 512 128 4 24720
32 512 128 8 24194
32 512 128 16 23874
32 512 128 32 23798
32 512 128 64 24378
32 512 128 128 24436
32 512 128 256 24582
32 512 128 512 24379
32 512 256 1 25373
32 512 256 2 25042
32 512 256 4 24583
32 512 256 8 24155
32 512 256 16 24180
32 512 256 32 24002
32 512 256 64 24344
32 512 256 128 24536
32 512 256 256 24534
32 512 256 512 24525
32 512 512 1 25400
32 512 512 2 25027
32 512 512 4 24724
32 512 512 8 23990
32 512 512 16 24156
32 512 512 32 24253
32 512 512 64 24264
32 512 512 128 24602
32 512 512 256 24602
32 512 512 512 24499
64 1 1 1 24774
64 1 1 2 24433
64 1 1 4 23783
64 1 1 8 23780
64 1 1 16 23694
64 1 1 32 24187
64 1 1 64 24135
64 1 1 128 24755
64 1 1 256 24803
64 1 1 512 24674
64 1 2 1 24453
64 1 2 2 24444
64 1 2 4 23502
64 1 2 8 23435
64 1 2 16 23327
64 1 2 32 23678
64 1 2 64 23828
64 1 2 128 24295
64 1 2 256 24441
64 1 2 512 24448
64 1 4 1 24050
64 1 4 2 24004
64 1 4 4 23097
64 1 4 8 23004
64 1 4 16 23081
64 1 4 32 23305
64 1 4 64 23384
64 1 4 128 24206
64 1 4 256 24047
64 1 4 512 24110
64 1 8 1 24009
64 1 8 2 24218
64 1 8 4 23216
64 1 8 8 23233
64 1 8 16 23201
64 1 8 32 23343
64 1 8 64 23499
64 1 8 128 24241
64 1 8 256 24058
64 1 8 512 23975
64 1 16 1 23884
64 1 16 2 24128
64 1 16 4 23311
64 1 16 8 23569
64 1 16 16 23531
64 1 16 32 23572
64 1 16 64 23652
64 1 16 128 24118
64 1 16 256 24142
64 1 16 512 24092
64 1 32 1 23850
64 1 32 2 23945
64 1 32 4 23485
64 1 32 8 23437
64 1 32 16 23461
64 1 32 32 23579
64 1 32 64 23716
64 1 32 128 24187
64 1 32 256 24207
64 1 32 512 24244
64 1 64 1 23711
64 1 64 2 23962
64 1 64 4 23585
64 1 64 8 23540
64 1 64 16 23628
64 1 64 32 23753
64 1 64 64 23808
64 1 64 128 24488
64 1 64 256 24387
64 1 64 512 24333
64 1 128 1 24624
64 1 128 2 24764
64 1 128 4 24319
64 1 128 8 24176
64 1 128 16 23714
64 1 128 32 24048
64 1 128 64 24208
64 1 128 128 24539
64 1 128 256 24552
64 1 128 512 24353
64 1 256 1 24634
64 1 256 2 24763
64 1 256 4 24352
64 1 256 8 24004
64 1 256 16 23896
64 1 256 32 24353
64 1 256 64 24262
64 1 256 128 24551
64 1 256 256 24272
64 1 256 512 24523
64 1 512 1 24670
64 1 512 2 24750
64 1 512 4 24276
64 1 512 8 24254
64 1 512 16 24104
64 1 512 32 24240
64 1 512 64 24576
64 1 512 128 24530
64 1 512 256 24485
64 1 512 512 24492
64 2 1 1 24420
64 2 1 2 24599
64 2 1 4 23687
64 2 1 8 23541
64 2 1 16 23520
64 2 1 32 23633
64 2 1 64 23845
64 2 1 128 24740
64 2 1 256 24752
64 2 1 512 24654
64 2 2 1 23865
64 2 2 2 23770
64 2 2 4 23411
64 2 2 8 23335
64 2 2 16 23227
64 2 2 32 23254
64 2 2 64 23633
64 2 2 128 24509
64 2 2 256 24300
64 2 2 512 24457
64 2 4 1 23420
64 2 4 2 23415
64 2 4 4 23056
64 2 4 8 22976
64 2 4 16 22941
64 2 4 32 23023
64 2 4 64 23227
64 2 4 128 23740
64 2 4 256 23747
64 2 4 512 23830
64 2 8 1 23248
64 2 8 2 23308
64 2 8 4 23064
64 2 8 8 22942
64 2 8 16 22945
64 2 8 32 23069
64 2 8 64 23176
64 2 8 128 23943
64 2 8 256 23925
64 2 8 512 23963
64 2 16 1 23254
64 2 16 2 23352
64 2 16 4 23119
64 2 16 8 23144
64 2 16 16 23181
64 2 16 32 23416
64 2 16 64 23652
64 2 16 128 24252
64 2 16 256 24177
64 2 16 512 24174
64 2 32 1 23361
64 2 32 2 23439
64 2 32 4 23106
64 2 32 8 23095
64 2 32 16 23149
64 2 32 32 23582
64 2 32 64 23680
64 2 32 128 24220
64 2 32 256 23988
64 2 32 512 24093
64 2 64 1 23482
64 2 64 2 23569
64 2 64 4 23389
64 2 64 8 23506
64 2 64 16 23577
64 2 64 32 23683
64 2 64 64 23835
64 2 64 128 24177
64 2 64 256 24495
64 2 64 512 24360
64 2 128 1 24228
64 2 128 2 24282
64 2 128 4 24128
64 2 128 8 23572
64 2 128 16 23720
64 2 128 32 23777
64 2 128 64 23861
64 2 128 128 24275
64 2 128 256 24327
64 2 128 512 24343
64 2 256 1 24367
64 2 256 2 24359
64 2 256 4 24019
64 2 256 8 23721
64 2 256 16 23721
64 2 256 32 23859
64 2 256 64 23993
64 2 256 128 24389
64 2 256 256 24392
64 2 256 512 24366
64 2 512 1 24362
64 2 512 2 24423
64 2 512 4 24237
64 2 512 8 23677
64 2 512 16 23704
64 2 512 32 23854
64 2 512 64 24010
64 2 512 128 24350
64 2 512 256 24538
64 2 512 512 24426
64 4 1 1 24368
64 4 1 2 24402
64 4 1 4 23533
64 4 1 8 23424
64 4 1 16 23520
64 4 1 32 23687
64 4 1 64 23821
64 4 1 128 24489
64 4 1 256 24509
64 4 1 512 24478
64 4 2 1 23675
64 4 2 2 23598
64 4 2 4 23267
64 4 2 8 23144
64 4 2 16 23072
64 4 2 32 23237
64 4 2 64 23290
64 4 2 128 24143
64 4 2 256 24120
64 4 2 512 24102
64 4 4 1 23334
64 4 4 2 23341
64 4 4 4 23078
64 4 4 8 22967
64 4 4 16 22923
64 4 4 32 22973
64 4 4 64 23189
64 4 4 128 23999
64 4 4 256 24044
64 4 4 512 23991
64 4 8 1 23214
64 4 8 2 23306
64 4 8 4 23053
64 4 8 8 22965
64 4 8 16 23038
64 4 8 32 23169
64 4 8 64 23325
64 4 8 128 24097
64 4 8 256 24084
64 4 8 512 24202
64 4 16 1 23692
64 4 16 2 23499
64 4 16 4 23243
64 4 16 8 23178
64 4 16 16 23183
64 4 16 32 23354
64 4 16 64 23602
64 4 16 128 24148
64 4 16 256 24136
64 4 16 512 24330
64 4 32 1 23503
64 4 32 2 23512
64 4 32 4 23308
64 4 32 8 23327
64 4 32 16 23522
64 4 32 32 23536
64 4 32 64 23757
64 4 32 128 24069
64 4 32 256 24323
64 4 32 512 24349
64 4 64 1 23449
64 4 64 2 23375
64 4 64 4 23454
64 4 64 8 23343
64 4 64 16 23539
64 4 64 32 23611
64 4 64 64 23692
64 4 64 128 24293
64 4 64 256 24301
64 4 64 512 24331
64 4 128 1 24465
64 4 128 2 24607
64 4 128 4 23938
64 4 128 8 23756
64 4 128 16 23985
64 4 128 32 23915
64 4 128 64 24310
64 4 128 128 24359
64 4 128 256 24363
64 4 128 512 24437
64 4 256 1 24325
64 4 256 2 24347
64 4 256 4 24024
64 4 256 8 23872
64 4 256 16 23748
64 4 256 32 23905
64 4 256 64 23922
64 4 256 128 24347
64 4 256 256 24528
64 4 256 512 24565
64 4 512 1 24228
64 4 512 2 24129
64 4 512 4 24152
64 4 512 8 23691
64 4 512 16 23767
64 4 512 32 23756
64 4 512 64 23972
64 4 512 128 24512
64 4 512 256 24405
64 4 512 512 24298
64 8 1 1 24354
64 8 1 2 24138
64 8 1 4 23514
64 8 1 8 23535
64 8 1 16 23573
64 8 1 32 23700
64 8 1 64 23990
64 8 1 128 24638
64 8 1 256 24598
64 8 1 512 24660
64 8 2 1 23754
64 8 2 2 23648
64 8 2 4 23378
64 8 2 8 23257
64 8 2 16 23168
64 8 2 32 23264
64 8 2 64 23597
64 8 2 128 24248
64 8 2 256 24246
64 8 2 512 24306
64 8 4 1 23476
64 8 4 2 23446
64 8 4 4 23253
64 8 4 8 23093
64 8 4 16 23011
64 8 4 32 23045
64 8 4 64 23347
64 8 4 128 23948
64 8 4 256 24145
64 8 4 512 24063
64 8 8 1 24242
64 8 8 2 23903
64 8 8 4 23422
64 8 8 8 23190
64 8 8 16 23284
64 8 8 32 23444
64 8 8 64 23646
64 8 8 128 24265
64 8 8 256 24010
64 8 8 512 24196
64 8 16 1 23816
64 8 16 2 23603
64 8 16 4 23461
64 8 16 8 23318
64 8 16 16 23524
64 8 16 32 23495
64 8 16 64 23640
64 8 16 128 24022
64 8 16 256 24070
64 8 16 512 24038
64 8 32 1 23620
64 8 32 2 23519
64 8 32 4 23421
64 8 32 8 23367
64 8 32 16 23506
64 8 32 32 23681
64 8 32 64 23818
64 8 32 128 24276
64 8 32 256 24373
64 8 32 512 24380
64 8 64 1 23527
64 8 64 2 23680
64 8 64 4 23533
64 8 64 8 23542
64 8 64 16 23605
64 8 64 32 23912
64 8 64 64 24027
64 8 64 128 24327
64 8 64 256 24461
64 8 64 512 24541
64 8 128 1 24370
64 8 128 2 24535
64 8 128 4 24399
64 8 128 8 23781
64 8 128 16 23948
64 8 128 32 23885
64 8 128 64 24261
64 8 128 128 24570
64 8 128 256 24626
64 8 128 512 24651
64 8 256 1 24442
64 8 256 2 24587
64 8 256 4 24297
64 8 256 8 23826
64 8 256 16 23948
64 8 256 32 24043
64 8 256 64 24266
64 8 256 128 24422
64 8 256 256 24516
64 8 256 512 24491
64 8 512 1 24398
64 8 512 2 24591
64 8 512 4 24003
64 8 512 8 23783
64 8 512 16 24119
64 8 512 32 24033
64 8 512 64 24345
64 8 512 128 24391
64 8 512 256 24365
64 8 512 512 24443
64 16 1 1 26038
64 16 1 2 25254
64 16 1 4 24626
64 16 1 8 24257
64 16 1 16 24065
64 16 1 32 24161
64 16 1 64 24314
64 16 1 128 24866
64 16 1 256 24671
64 16 1 512 24730
64 16 2 1 27522
64 16 2 2 25678
64 16 2 4 24646
64 16 2 8 23955
64 16 2 16 23730
64 16 2 32 23517
64 16 2 64 23386
64 16 2 128 24219
64 16 2 256 24292
64 16 2 512 24230
64 16 4 1 26769
64 16 4 2 25073
64 16 4 4 24058
64 16 4 8 23489
64 16 4 16 23137
64 16 4 32 23292
64 16 4 64 23598
64 16 4 128 24013
64 16 4 256 24063
64 16 4 512 24116
64 16 8 1 25424
64 16 8 2 24159
64 16 8 4 23488
64 16 8 8 23376
64 16 8 16 23400
64 16 8 32 23389
64 16 8 64 23695
64 16 8 128 24044
64 16 8 256 24091
64 16 8 512 24137
64 16 16 1 23867
64 16 16 2 23584
64 16 16 4 23421
64 16 16 8 23455
64 16 16 16 23570
64 16 16 32 23565
64 16 16 64 23803
64 16 16 128 24245
64 16 16 256 24261
64 16 16 512 24175
64 16 32 1 23677
64 16 32 2 23649
64 16 32 4 23568
64 16 32 8 23434
64 16 32 16 23704
64 16 32 32 23557
64 16 32 64 23799
64 16 32 128 24352
64 16 32 256 24352
64 16 32 512 24058
64 16 64 1 23994
64 16 64 2 23923
64 16 64 4 23781
64 16 64 8 23658
64 16 64 16 23749
64 16 64 32 23753
64 16 64 64 23957
64 16 64 128 24234
64 16 64 256 24294
64 16 64 512 24359
64 16 128 1 24986
64 16 128 2 24600
64 16 128 4 24373
64 16 128 8 23881
64 16 128 16 24048
64 16 128 32 24026
64 16 128 64 23980
64 16 128 128 24501
64 16 128 256 24452
64 16 128 512 24355
64 16 256 1 25042
64 16 256 2 24816
64 16 256 4 24579
64 16 256 8 23885
64 16 256 16 23963
64 16 256 32 24014
64 16 256 64 24227
64 16 256 128 24539
64 16 256 256 24404
64 16 256 512 24307
64 16 512 1 24844
64 16 512 2 24818
64 16 512 4 24480
64 16 512 8 23923
64 16 512 16 24079
64 16 512 32 24257
64 16 512 64 24358
64 16 512 128 24502
64 16 512 256 24583
64 16 512 512 24490
64 32 1 1 35186
64 32 1 2 29622
64 32 1 4 26707
64 32 1 8 25086
64 32 1 16 24440
64 32 1 32 24534
64 32 1 64 24474
64 32 1 128 24675
64 32 1 256 24826
64 32 1 512 24846
64 32 2 1 30726
64 32 2 2 27110
64 32 2 4 25227
64 32 2 8 24315
64 32 2 16 23973
64 32 2 32 23651
64 32 2 64 23858
64 32 2 128 24432
64 32 2 256 24271
64 32 2 512 24313
64 32 4 1 27425
64 32 4 2 25403
64 32 4 4 24200
64 32 4 8 23676
64 32 4 16 23437
64 32 4 32 23379
64 32 4 64 23677
64 32 4 128 24198
64 32 4 256 23919
64 32 4 512 24225
64 32 8 1 25621
64 32 8 2 24393
64 32 8 4 23650
64 32 8 8 23604
64 32 8 16 23544
64 32 8 32 23622
64 32 8 64 23699
64 32 8 128 24260
64 32 8 256 24191
64 32 8 512 24132
64 32 16 1 24254
64 32 16 2 23865
64 32 16 4 23734
64 32 16 8 23787
64 32 16 16 23733
64 32 16 32 23830
64 32 16 64 23817
64 32 16 128 24394
64 32 16 256 24392
64 32 16 512 24450
64 32 32 1 24437
64 32 32 2 24259
64 32 32 4 23900
64 32 32 8 23694
64 32 32 16 23955
64 32 32 32 23798
64 32 32 64 23898
64 32 32 128 24260
64 32 32 256 24296
64 32 32 512 24199
64 32 64 1 24538
64 32 64 2 24382
64 32 64 4 23853
64 32 64 8 23822
64 32 64 16 23851
64 32 64 32 23764
64 32 64 64 23912
64 32 64 128 24520
64 32 64 256 24336
64 32 64 512 24387
64 32 128 1 25482
64 32 128 2 25211
64 32 128 4 24735
64 32 128 8 24080
64 32 128 16 24067
64 32 128 32 23945
64 32 128 64 24233
64 32 128 128 24555
64 32 128 256 24411
64 32 128 512 24498
64 32 256 1 25400
64 32 256 2 25081
64 32 256 4 24464
64 32 256 8 24210
64 32 256 16 24277
64 32 256 32 23963
64 32 256 64 24676
64 32 256 128 24341
64 32 256 256 24689
64 32 256 512 24621
64 32 512 1 25370
64 32 512 2 25065
64 32 512 4 24530
64 32 512 8 23989
64 32 512 16 24011
64 32 512 32 24208
64 32 512 64 24322
64 32 512 128 24370
64 32 512 256 24596
64 32 512 512 24385
64 64 1 1 35687
64 64 1 2 29750
64 64 1 4 26787
64 64 1 8 25263
64 64 1 16 24489
64 64 1 32 24393
64 64 1 64 24531
64 64 1 128 24645
64 64 1 256 24817
64 64 1 512 24868
64 64 2 1 30821
64 64 2 2 27139
64 64 2 4 25225
64 64 2 8 24336
64 64 2 16 23845
64 64 2 32 23761
64 64 2 64 23905
64 64 2 128 24423
64 64 2 256 24399
64 64 2 512 24383
64 64 4 1 27506
64 64 4 2 25525
64 64 4 4 24316
64 64 4 8 23884
64 64 4 16 23711
64 64 4 32 23737
64 64 4 64 23799
64 64 4 128 24293
64 64 4 256 24315
64 64 4 512 24220
64 64 8 1 26005
64 64 8 2 24650
64 64 8 4 24063
64 64 8 8 23788
64 64 8 16 23818
64 64 8 32 23867
64 64 8 64 23824
64 64 8 128 24266
64 64 8 256 24170
64 64 8 512 24371
64 64 16 1 25337
64 64 16 2 24439
64 64 16 4 23952
64 64 16 8 23888
64 64 16 16 23882
64 64 16 32 23686
64 64 16 64 23939
64 64 16 128 24481
64 64 16 256 24484
64 64 16 512 24468
64 64 32 1 25075
64 64 32 2 24603
64 64 32 4 24134
64 64 32 8 23999
64 64 32 16 23939
64 64 32 32 23865
64 64 32 64 23813
64 64 32 128 24300
64 64 32 256 24331
64 64 32 512 24412
64 64 64 1 24901
64 64 64 2 24587
64 64 64 4 24003
64 64 64 8 23864
64 64 64 16 23917
64 64 64 32 23933
64 64 64 64 24027
64 64 64 128 24500
64 64 64 256 24597
64 64 64 512 24571
64 64 128 1 25114
64 64 128 2 25126
64 64 128 4 24651
64 64 128 8 23972
64 64 128 16 24099
64 64 128 32 24534
64 64 128 64 24302
64 64 128 128 24444
64 64 128 256 24477
64 64 128 512 24549
64 64 256 1 25311
64 64 256 2 25078
64 64 256 4 24559
64 64 256 8 24011
64 64 256 16 24133
64 64 256 32 24099
64 64 256 64 24440
64 64 256 128 24366
64 64 256 256 24624
64 64 256 512 24527
64 64 512 1 25501
64 64 512 2 24982
64 64 512 4 24454
64 64 512 8 24242
64 64 512 16 24270
64 64 512 32 24003
64 64 512 64 24362
64 64 512 128 24616
64 64 512 256 24584
64 64 512 512 24319
64 128 1 1 37222
64 128 1 2 30412
64 128 1 4 27240
64 128 1 8 25520
64 128 1 16 24753
64 128 1 32 24439
64 128 1 64 24730
64 128 1 128 24907
64 128 1 256 24949
64 128 1 512 24939
64 128 2 1 31141
64 128 2 2 27420
64 128 2 4 25339
64 128 2 8 24531
64 128 2 16 24162
64 128 2 32 24046
64 128 2 64 24133
64 128 2 128 24567
64 128 2 256 24513
64 128 2 512 24533
64 128 4 1 27847
64 128 4 2 25764
64 128 4 4 24626
64 128 4 8 24086
64 128 4 16 23969
64 128 4 32 23830
64 128 4 64 23742
64 128 4 128 24456
64 128 4 256 24444
64 128 4 512 24294
64 128 8 1 26946
64 128 8 2 25202
64 128 8 4 24420
64 128 8 8 24116
64 128 8 16 23897
64 128 8 32 24004
64 128 8 64 23864
64 128 8 128 24502
64 128 8 256 24459
64 128 8 512 24490
64 128 16 1 26270
64 128 16 2 24927
64 128 16 4 24469
64 128 16 8 24013
64 128 16 16 23895
64 128 16 32 23835
64 128 16 64 23934
64 128 16 128 24207
64 128 16 256 24246
64 128 16 512 24468
64 128 32 1 25701
64 128 32 2 24684
64 128 32 4 24045
64 128 32 8 23871
64 128 32 16 23985
64 128 32 32 23855
64 128 32 64 24018
64 128 32 128 24419
64 128 32 256 24461
64 128 32 512 24475
64 128 64 1 25337
64 128 64 2 24566
64 128 64 4 24048
64 128 64 8 23950
64 128 64 16 23876
64 128 64 32 23858
64 128 64 64 24095
64 128 64 128 24487
64 128 64 256 24222
64 128 64 512 24506
64 128 128 1 25610
64 128 128 2 25143
64 128 128 4 24229
64 128 128 8 24101
64 128 128 16 23974
64 128 128 32 24060
64 128 128 64 24340
64 128 128 128 24557
64 128 128 256 24335
64 128 128 512 24443
64 128 256 1 25623
64 128 256 2 24877
64 128 256 4 24525
64 128 256 8 24255
64 128 256 16 24303
64 128 256 32 23727
64 128 256 64 24151
64 128 256 128 24597
64 128 256 256 24531
64 128 256 512 24625
64 128 512 1 25397
64 128 512 2 25154
64 128 512 4 24450
64 128 512 8 23988
64 128 512 16 24025
64 128 512 32 23990
64 128 512 64 24328
64 128 512 128 24496
64 128 512 256 24526
64 128 512 512 24591
64 256 1 1 37223
64 256 1 2 30461
64 256 1 4 27072
64 256 1 8 25509
64 256 1 16 24658
64 256 1 32 24578
64 256 1 64 24806
64 256 1 128 24793
64 256 1 256 24746
64 256 1 512 24861
64 256 2 1 31092
64 256 2 2 27323
64 256 2 4 25408
64 256 2 8 24362
64 256 2 16 24146
64 256 2 32 24004
64 256 2 64 23995
64 256 2 128 24564
64 256 2 256 24667
64 256 2 512 24656
64 256 4 1 27855
64 256 4 2 25739
64 256 4 4 24545
64 256 4 8 24191
64 256 4 16 23844
64 256 4 32 23624
64 256 4 64 23709
64 256 4 128 24253
64 256 4 256 24370
64 256 4 512 24349
64 256 8 1 26872
64 256 8 2 25182
64 256 8 4 24493
64 256 8 8 24168
64 256 8 16 23882
64 256 8 32 23740
64 256 8 64 23968
64 256 8 128 24582
64 256 8 256 24607
64 256 8 512 24440
64 256 16 1 26134
64 256 16 2 24873
64 256 16 4 24390
64 256 16 8 24074
64 256 16 16 23914
64 256 16 32 23864
64 256 16 64 23828
64 256 16 128 24430
64 256 16 256 24348
64 256 16 512 24413
64 256 32 1 25643
64 256 32 2 24805
64 256 32 4 24294
64 256 32 8 23935
64 256 32 16 24140
64 256 32 32 23766
64 256 32 64 23811
64 256 32 128 24321
64 256 32 256 24408
64 256 32 512 24616
64 256 64 1 25354
64 256 64 2 24665
64 256 64 4 24168
64 256 64 8 23910
64 256 64 16 24137
64 256 64 32 24034
64 256 64 64 24083
64 256 64 128 24582
64 256 64 256 24581
64 256 64 512 24413
64 256 128 1 25521
64 256 128 2 25139
64 256 128 4 24885
64 256 128 8 24093
64 256 128 16 24167
64 256 128 32 24086
64 256 128 64 24543
64 256 128 128 24575
64 256 128 256 24495
64 256 128 512 24395
64 256 256 1 25385
64 256 256 2 25170
64 256 256 4 24644
64 256 256 8 23834
64 256 256 16 24213
64 256 256 32 23935
64 256 256 64 24456
64 256 256 128 24430
64 256 256 256 24608
64 256 256 512 24714
64 256 512 1 25507
64 256 512 2 25247
64 256 512 4 24805
64 256 512 8 24169
64 256 512 16 24023
64 256 512 32 23933
64 256 512 64 24498
64 256 512 128 24555
64 256 512 256 24509
64 256 512 512 24450
64 512 1 1 37390
64 512 1 2 30545
64 512 1 4 27100
64 512 1 8 25456
64 512 1 16 24603
64 512 1 32 24514
64 512 1 64 24602
64 512 1 128 24692
64 512 1 256 24728
64 512 1 512 24676
64 512 2 1 31153
64 512 2 2 27389
64 512 2 4 25388
64 512 2 8 24380
64 512 2 16 24082
64 512 2 32 23959
64 512 2 64 24036
64 512 2 128 24701
64 512 2 256 24675
64 512 2 512 24649
64 512 4 1 27844
64 512 4 2 25707
64 512 4 4 24639
64 512 4 8 24104
64 512 4 16 23926
64 512 4 32 23824
64 512 4 64 23770
64 512 4 128 24308
64 512 4 256 24220
64 512 4 512 24477
64 512 8 1 26953
64 512 8 2 25273
64 512 8 4 24477
64 512 8 8 23939
64 512 8 16 24037
64 512 8 32 23858
64 512 8 64 23947
64 512 8 128 24421
64 512 8 256 24292
64 512 8 512 24374
64 512 16 1 26204
64 512 16 2 24888
64 512 16 4 24365
64 512 16 8 23912
64 512 16 16 23857
64 512 16 32 23879
64 512 16 64 23888
64 512 16 128 24343
64 512 16 256 24461
64 512 16 512 24384
64 512 32 1 25593
64 512 32 2 24867
64 512 32 4 24401
64 512 32 8 24057
64 512 32 16 23905
64 512 32 32 23777
64 512 32 64 23955
64 512 32 128 24217
64 512 32 256 24384
64 512 32 512 24212
64 512 64 1 25241
64 512 64 2 24666
64 512 64 4 24190
64 512 64 8 24226
64 512 64 16 23796
64 512 64 32 24060
64 512 64 64 23989
64 512 64 128 24505
64 512 64 256 24389
64 512 64 512 24426
64 512 128 1 25470
64 512 128 2 24941
64 512 128 4 24679
64 512 128 8 23949
64 512 128 16 24315
64 512 128 32 24015
64 512 128 64 24423
64 512 128 128 24460
64 512 128 256 24619
64 512 128 512 24554
64 512 256 1 25524
64 512 256 2 25070
64 512 256 4 24780
64 512 256 8 24000
64 512 256 16 24190
64 512 256 32 24302
64 512 256 64 23941
64 512 256 128 24490
64 512 256 256 24434
64 512 256 512 24478
64 512 512 1 25507
64 512 512 2 24937
64 512 512 4 24680
64 512 512 8 24275
64 512 512 16 23939
64 512 512 32 23947
64 512 512 64 24330
64 512 512 128 24535
64 512 512 256 24483
64 512 512 512 24542
128 1 1 1 25001
128 1 1 2 24825
128 1 1 4 24076
128 1 1 8 23989
128 1 1 16 23833
128 1 1 32 24134
128 1 1 64 24313
128 1 1 128 24746
128 1 1 256 24629
128 1 1 512 24792
128 1 2 1 24598
128 1 2 2 24511
128 1 2 4 23369
128 1 2 8 23565
128 1 2 16 23393
128 1 2 32 23731
128 1 2 64 23704
128 1 2 128 24427
128 1 2 256 24478
128 1 2 512 24093
128 1 4 1 24017
128 1 4 2 24077
128 1 4 4 23167
128 1 4 8 23044
128 1 4 16 23147
128 1 4 32 23425
128 1 4 64 23550
128 1 4 128 24068
128 1 4 256 24121
128 1 4 512 24173
128 1 8 1 24034
128 1 8 2 24009
128 1 8 4 23154
128 1 8 8 23234
128 1 8 16 23404
128 1 8 32 23493
128 1 8 64 23657
128 1 8 128 24246
128 1 8 256 24288
128 1 8 512 24287
128 1 16 1 23834
128 1 16 2 23973
128 1 16 4 23465
128 1 16 8 23507
128 1 16 16 23452
128 1 16 32 23668
128 1 16 64 23762
128 1 16 128 24252
128 1 16 256 24282
128 1 16 512 24332
128 1 32 1 24021
128 1 32 2 23757
128 1 32 4 23452
128 1 32 8 23526
128 1 32 16 23544
128 1 32 32 23657
128 1 32 64 23787
128 1 32 128 24325
128 1 32 256 24236
128 1 32 512 24268
128 1 64 1 23915
128 1 64 2 23913
128 1 64 4 23560
128 1 64 8 23589
128 1 64 16 23578
128 1 64 32 23680
128 1 64 64 23848
128 1 64 128 24452
128 1 64 256 24405
128 1 64 512 24558
128 1 128 1 24820
128 1 128 2 24821
128 1 128 4 24389
128 1 128 8 24142
128 1 128 16 24276
128 1 128 32 24051
128 1 128 64 24599
128 1 128 128 24685
128 1 128 256 24397
128 1 128 512 24452
128 1 256 1 24717
128 1 256 2 24819
128 1 256 4 24556
128 1 256 8 24174
128 1 256 16 23811
128 1 256 32 24338
128 1 256 64 24160
128 1 256 128 24450
128 1 256 256 24612
128 1 256 512 24620
128 1 512 1 24822
128 1 512 2 24806
128 1 512 4 24518
128 1 512 8 23882
128 1 512 16 24061
128 1 512 32 23851
128 1 512 64 24495
128 1 512 128 24350
128 1 512 256 24615
128 1 512 512 24624
128 2 1 1 24650
128 2 1 2 24378
128 2 1 4 23692
128 2 1 8 23472
128 2 1 16 23373
128 2 1 32 23691
128 2 1 64 23879
128 2 1 128 24703
128 2 1 256 24431
128 2 1 512 24607
128 2 2 1 23889
128 2 2 2 23787
128 2 2 4 23529
128 2 2 8 23299
128 2 2 16 23349
128 2 2 32 23518
128 2 2 64 23467
128 2 2 128 24338
128 2 2 256 24525
128 2 2 512 24350
128 2 4 1 23468
128 2 4 2 23568
128 2 4 4 23202
128 2 4 8 23053
128 2 4 16 23022
128 2 4 32 23048
128 2 4 64 23192
128 2 4 128 23634
128 2 4 256 23540
128 2 4 512 23638
128 2 8 1 23359
128 2 8 2 23371
128 2 8 4 23224
128 2 8 8 23128
128 2 8 16 22987
128 2 8 32 23072
128 2 8 64 23396
128 2 8 128 24025
128 2 8 256 24196
128 2 8 512 24120
128 2 16 1slurmstepd: error: *** JOB 791093 ON xm045 CANCELLED AT 2024-10-30T10:07:35 DUE TO TIME LIMIT ***
