Mon Oct 28 03:21:57 AM EDT 2024
Execution time of cholesky_naive: 2233.14 ms
Execution time of cholesky_tiled: 1818.52 ms
Outputs of cholesky_naive and cholesky_tiled are the same.
Execution time of cholesky_naive: 2185.75 ms
Execution time of cholesky_pluto (32,32,32,32): 1790 ms
Starting position: (1, 1, 1, 1) with performance: 1827 ms
Neighbor size: 4
Neighbor size: 5
Coordinate Descent completed in 22352.8 ms
Best tile sizes from Coordinate Descent: t2=1, t3=1, t4=1, t5=2
Best performance from Coordinate Descent: 1766 ms
Starting Exhaustive Search...
Performance at tile_size (t2, t3, t4, t5) = (1, 1, 1, 1): 1961 ms
Performance at tile_size (t2, t3, t4, t5) = (1, 1, 1, 2): 1744 ms
Performance at tile_size (t2, t3, t4, t5) = (1, 1, 1, 4): 1865 ms
Performance at tile_size (t2, t3, t4, t5) = (1, 1, 1, 8): 1775 ms
Performance at tile_size (t2, t3, t4, t5) = (1, 1, 1, 16): 1802 ms
Performance at tile_size (t2, t3, t4, t5) = (1, 1, 1, 32): 1956 ms
Performance at tile_size (t2, t3, t4, t5) = (1, 1, 1, 64): 1839 ms
Performance at tile_size (t2, t3, t4, t5) = (1, 1, 1, 128): 1918 ms
Performance at tile_size (t2, t3, t4, t5) = (1, 1, 1, 256): 1900 ms
Performance at tile_size (t2, t3, t4, t5) = (1, 1, 2, 1): 1886 ms
Performance at tile_size (t2, t3, t4, t5) = (1, 1, 2, 2): 1776 ms
Performance at tile_size (t2, t3, t4, t5) = (1, 1, 2, 4): 1904 ms
Performance at tile_size (t2, t3, t4, t5) = (1, 1, 2, 8): 1847 ms
Performance at tile_size (t2, t3, t4, t5) = (1, 1, 2, 16): 1741 ms
Performance at tile_size (t2, t3, t4, t5) = (1, 1, 2, 32): 1832 ms
Performance at tile_size (t2, t3, t4, t5) = (1, 1, 2, 64): 1880 ms
Performance at tile_size (t2, t3, t4, t5) = (1, 1, 2, 128): 1797 ms
Performance at tile_size (t2, t3, t4, t5) = (1, 1, 2, 256): 1762 ms
Performance at tile_size (t2, t3, t4, t5) = (1, 1, 4, 1): 1764 ms
Performance at tile_size (t2, t3, t4, t5) = (1, 1, 4, 2): 1813 ms
Performance at tile_size (t2, t3, t4, t5) = (1, 1, 4, 4): 1850 ms
Performance at tile_size (t2, t3, t4, t5) = (1, 1, 4, 8): 1861 ms
Performance at tile_size (t2, t3, t4, t5) = (1, 1, 4, 16): 1789 ms
Performance at tile_size (t2, t3, t4, t5) = (1, 1, 4, 32): 1801 ms
Performance at tile_size (t2, t3, t4, t5) = (1, 1, 4, 64): 1853 ms
Performance at tile_size (t2, t3, t4, t5) = (1, 1, 4, 128): 1779 ms
Performance at tile_size (t2, t3, t4, t5) = (1, 1, 4, 256): 1831 ms
Performance at tile_size (t2, t3, t4, t5) = (1, 1, 8, 1): 1784 ms
Performance at tile_size (t2, t3, t4, t5) = (1, 1, 8, 2): 1845 ms
Performance at tile_size (t2, t3, t4, t5) = (1, 1, 8, 4): 1795 ms
Performance at tile_size (t2, t3, t4, t5) = (1, 1, 8, 8): 1783 ms
Performance at tile_size (t2, t3, t4, t5) = (1, 1, 8, 16): 1732 ms
Performance at tile_size (t2, t3, t4, t5) = (1, 1, 8, 32): 1781 ms
Performance at tile_size (t2, t3, t4, t5) = (1, 1, 8, 64): 1844 ms
Performance at tile_size (t2, t3, t4, t5) = (1, 1, 8, 128): 1784 ms
Performance at tile_size (t2, t3, t4, t5) = (1, 1, 8, 256): 1772 ms
Performance at tile_size (t2, t3, t4, t5) = (1, 1, 16, 1): 1845 ms
Performance at tile_size (t2, t3, t4, t5) = (1, 1, 16, 2): 1800 ms
Performance at tile_size (t2, t3, t4, t5) = (1, 1, 16, 4): 1880 ms
Performance at tile_size (t2, t3, t4, t5) = (1, 1, 16, 8): 1779 ms
Performance at tile_size (t2, t3, t4, t5) = (1, 1, 16, 16): 1745 ms
Performance at tile_size (t2, t3, t4, t5) = (1, 1, 16, 32): 1873 ms
Performance at tile_size (t2, t3, t4, t5) = (1, 1, 16, 64): 1829 ms
Performance at tile_size (t2, t3, t4, t5) = (1, 1, 16, 128): 1843 ms
Performance at tile_size (t2, t3, t4, t5) = (1, 1, 16, 256): 1806 ms
Performance at tile_size (t2, t3, t4, t5) = (1, 1, 32, 1): 1760 ms
Performance at tile_size (t2, t3, t4, t5) = (1, 1, 32, 2): 1857 ms
Performance at tile_size (t2, t3, t4, t5) = (1, 1, 32, 4): 1750 ms
Performance at tile_size (t2, t3, t4, t5) = (1, 1, 32, 8): 1806 ms
Performance at tile_size (t2, t3, t4, t5) = (1, 1, 32, 16): 1793 ms
Performance at tile_size (t2, t3, t4, t5) = (1, 1, 32, 32): 1815 ms
Performance at tile_size (t2, t3, t4, t5) = (1, 1, 32, 64): 1766 ms
Performance at tile_size (t2, t3, t4, t5) = (1, 1, 32, 128): 1768 ms
Performance at tile_size (t2, t3, t4, t5) = (1, 1, 32, 256): 1817 ms
Performance at tile_size (t2, t3, t4, t5) = (1, 1, 64, 1): 1778 ms
Performance at tile_size (t2, t3, t4, t5) = (1, 1, 64, 2): 1885 ms
Performance at tile_size (t2, t3, t4, t5) = (1, 1, 64, 4): 1791 ms
Performance at tile_size (t2, t3, t4, t5) = (1, 1, 64, 8): 1808 ms
Performance at tile_size (t2, t3, t4, t5) = (1, 1, 64, 16): 1810 ms
Performance at tile_size (t2, t3, t4, t5) = (1, 1, 64, 32): 1720 ms
Performance at tile_size (t2, t3, t4, t5) = (1, 1, 64, 64): 1761 ms
Performance at tile_size (t2, t3, t4, t5) = (1, 1, 64, 128): 1803 ms
Performance at tile_size (t2, t3, t4, t5) = (1, 1, 64, 256): 1795 ms
Performance at tile_size (t2, t3, t4, t5) = (1, 1, 128, 1): 1762 ms
Performance at tile_size (t2, t3, t4, t5) = (1, 1, 128, 2): 1756 ms
Performance at tile_size (t2, t3, t4, t5) = (1, 1, 128, 4): 1779 ms
Performance at tile_size (t2, t3, t4, t5) = (1, 1, 128, 8): 1774 ms
Performance at tile_size (t2, t3, t4, t5) = (1, 1, 128, 16): 1852 ms
Performance at tile_size (t2, t3, t4, t5) = (1, 1, 128, 32): 1801 ms
Performance at tile_size (t2, t3, t4, t5) = (1, 1, 128, 64): 1852 ms
Performance at tile_size (t2, t3, t4, t5) = (1, 1, 128, 128): 1797 ms
Performance at tile_size (t2, t3, t4, t5) = (1, 1, 128, 256): 1766 ms
Performance at tile_size (t2, t3, t4, t5) = (1, 1, 256, 1): 1817 ms
Performance at tile_size (t2, t3, t4, t5) = (1, 1, 256, 2): 1778 ms
Performance at tile_size (t2, t3, t4, t5) = (1, 1, 256, 4): 1801 ms
Performance at tile_size (t2, t3, t4, t5) = (1, 1, 256, 8): 1763 ms
Performance at tile_size (t2, t3, t4, t5) = (1, 1, 256, 16): 1767 ms
Performance at tile_size (t2, t3, t4, t5) = (1, 1, 256, 32): 1876 ms
Performance at tile_size (t2, t3, t4, t5) = (1, 1, 256, 64): 1855 ms
Performance at tile_size (t2, t3, t4, t5) = (1, 1, 256, 128): 1891 ms
Performance at tile_size (t2, t3, t4, t5) = (1, 1, 256, 256): 1883 ms
Performance at tile_size (t2, t3, t4, t5) = (1, 2, 1, 1): 1918 ms
Performance at tile_size (t2, t3, t4, t5) = (1, 2, 1, 2): 1783 ms
Performance at tile_size (t2, t3, t4, t5) = (1, 2, 1, 4): 1816 ms
Performance at tile_size (t2, t3, t4, t5) = (1, 2, 1, 8): 1779 ms
Performance at tile_size (t2, t3, t4, t5) = (1, 2, 1, 16): 1873 ms
Performance at tile_size (t2, t3, t4, t5) = (1, 2, 1, 32): 1827 ms
Performance at tile_size (t2, t3, t4, t5) = (1, 2, 1, 64): 1707 ms
Performance at tile_size (t2, t3, t4, t5) = (1, 2, 1, 128): 1812 ms
Performance at tile_size (t2, t3, t4, t5) = (1, 2, 1, 256): 1772 ms
Performance at tile_size (t2, t3, t4, t5) = (1, 2, 2, 1): 1768 ms
Performance at tile_size (t2, t3, t4, t5) = (1, 2, 2, 2): 1772 ms
Performance at tile_size (t2, t3, t4, t5) = (1, 2, 2, 4): 1761 ms
Performance at tile_size (t2, t3, t4, t5) = (1, 2, 2, 8): 1863 ms
Performance at tile_size (t2, t3, t4, t5) = (1, 2, 2, 16): 1879 ms
Performance at tile_size (t2, t3, t4, t5) = (1, 2, 2, 32): 1845 ms
Performance at tile_size (t2, t3, t4, t5) = (1, 2, 2, 64): 1843 ms
Performance at tile_size (t2, t3, t4, t5) = (1, 2, 2, 128): 1892 ms
Performance at tile_size (t2, t3, t4, t5) = (1, 2, 2, 256): 1820 ms
Performance at tile_size (t2, t3, t4, t5) = (1, 2, 4, 1): 1835 ms
Performance at tile_size (t2, t3, t4, t5) = (1, 2, 4, 2): 1831 ms
Performance at tile_size (t2, t3, t4, t5) = (1, 2, 4, 4): 1868 ms
Performance at tile_size (t2, t3, t4, t5) = (1, 2, 4, 8): 1779 ms
Performance at tile_size (t2, t3, t4, t5) = (1, 2, 4, 16): 1762 ms
Performance at tile_size (t2, t3, t4, t5) = (1, 2, 4, 32): 1805 ms
Performance at tile_size (t2, t3, t4, t5) = (1, 2, 4, 64): 1818 ms
Performance at tile_size (t2, t3, t4, t5) = (1, 2, 4, 128): 1799 ms
Performance at tile_size (t2, t3, t4, t5) = (1, 2, 4, 256): 1829 ms
Performance at tile_size (t2, t3, t4, t5) = (1, 2, 8, 1): 1741 ms
Performance at tile_size (t2, t3, t4, t5) = (1, 2, 8, 2): 1823 ms
Performance at tile_size (t2, t3, t4, t5) = (1, 2, 8, 4): 1781 ms
Performance at tile_size (t2, t3, t4, t5) = (1, 2, 8, 8): 1784 ms
Performance at tile_size (t2, t3, t4, t5) = (1, 2, 8, 16): 1770 ms
Performance at tile_size (t2, t3, t4, t5) = (1, 2, 8, 32): 1834 ms
Performance at tile_size (t2, t3, t4, t5) = (1, 2, 8, 64): 1830 ms
Performance at tile_size (t2, t3, t4, t5) = (1, 2, 8, 128): 1832 ms
Performance at tile_size (t2, t3, t4, t5) = (1, 2, 8, 256): 1786 ms
Performance at tile_size (t2, t3, t4, t5) = (1, 2, 16, 1): 1856 ms
Performance at tile_size (t2, t3, t4, t5) = (1, 2, 16, 2): 1765 ms
Performance at tile_size (t2, t3, t4, t5) = (1, 2, 16, 4): 1845 ms
Performance at tile_size (t2, t3, t4, t5) = (1, 2, 16, 8): 1800 ms
Performance at tile_size (t2, t3, t4, t5) = (1, 2, 16, 16): 1801 ms
Performance at tile_size (t2, t3, t4, t5) = (1, 2, 16, 32): 1891 ms
Performance at tile_size (t2, t3, t4, t5) = (1, 2, 16, 64): 1889 ms
Performance at tile_size (t2, t3, t4, t5) = (1, 2, 16, 128): 1860 ms
Performance at tile_size (t2, t3, t4, t5) = (1, 2, 16, 256): 1764 ms
Performance at tile_size (t2, t3, t4, t5) = (1, 2, 32, 1): 1723 ms
Performance at tile_size (t2, t3, t4, t5) = (1, 2, 32, 2): 1768 ms
Performance at tile_size (t2, t3, t4, t5) = (1, 2, 32, 4): 1766 ms
Performance at tile_size (t2, t3, t4, t5) = (1, 2, 32, 8): 1854 ms
Performance at tile_size (t2, t3, t4, t5) = (1, 2, 32, 16): 1819 ms
Performance at tile_size (t2, t3, t4, t5) = (1, 2, 32, 32): 1810 ms
Performance at tile_size (t2, t3, t4, t5) = (1, 2, 32, 64): 1790 ms
Performance at tile_size (t2, t3, t4, t5) = (1, 2, 32, 128): 1752 ms
Performance at tile_size (t2, t3, t4, t5) = (1, 2, 32, 256): 1811 ms
Performance at tile_size (t2, t3, t4, t5) = (1, 2, 64, 1): 1833 ms
Performance at tile_size (t2, t3, t4, t5) = (1, 2, 64, 2): 1732 ms
Performance at tile_size (t2, t3, t4, t5) = (1, 2, 64, 4): 1820 ms
Performance at tile_size (t2, t3, t4, t5) = (1, 2, 64, 8): 1810 ms
Performance at tile_size (t2, t3, t4, t5) = (1, 2, 64, 16): 1777 ms
Performance at tile_size (t2, t3, t4, t5) = (1, 2, 64, 32): 1784 ms
Performance at tile_size (t2, t3, t4, t5) = (1, 2, 64, 64): 1788 ms
Performance at tile_size (t2, t3, t4, t5) = (1, 2, 64, 128): 1837 ms
Performance at tile_size (t2, t3, t4, t5) = (1, 2, 64, 256): 1836 ms
Performance at tile_size (t2, t3, t4, t5) = (1, 2, 128, 1): 1780 ms
Performance at tile_size (t2, t3, t4, t5) = (1, 2, 128, 2): 1749 ms
Performance at tile_size (t2, t3, t4, t5) = (1, 2, 128, 4): 1767 ms
Performance at tile_size (t2, t3, t4, t5) = (1, 2, 128, 8): 1766 ms
Performance at tile_size (t2, t3, t4, t5) = (1, 2, 128, 16): 1798 ms
Performance at tile_size (t2, t3, t4, t5) = (1, 2, 128, 32): 1728 ms
Performance at tile_size (t2, t3, t4, t5) = (1, 2, 128, 64): 1825 ms
Performance at tile_size (t2, t3, t4, t5) = (1, 2, 128, 128): 1888 ms
Performance at tile_size (t2, t3, t4, t5) = (1, 2, 128, 256): 1749 ms
Performance at tile_size (t2, t3, t4, t5) = (1, 2, 256, 1): 1798 ms
Performance at tile_size (t2, t3, t4, t5) = (1, 2, 256, 2): 1805 ms
Performance at tile_size (t2, t3, t4, t5) = (1, 2, 256, 4): 1687 ms
Performance at tile_size (t2, t3, t4, t5) = (1, 2, 256, 8): 1772 ms
Performance at tile_size (t2, t3, t4, t5) = (1, 2, 256, 16): 1800 ms
Performance at tile_size (t2, t3, t4, t5) = (1, 2, 256, 32): 1810 ms
Performance at tile_size (t2, t3, t4, t5) = (1, 2, 256, 64): 1798 ms
Performance at tile_size (t2, t3, t4, t5) = (1, 2, 256, 128): 1753 ms
Performance at tile_size (t2, t3, t4, t5) = (1, 2, 256, 256): 1840 ms
Performance at tile_size (t2, t3, t4, t5) = (1, 4, 1, 1): 1789 ms
Performance at tile_size (t2, t3, t4, t5) = (1, 4, 1, 2): 1802 ms
Performance at tile_size (t2, t3, t4, t5) = (1, 4, 1, 4): 1755 ms
Performance at tile_size (t2, t3, t4, t5) = (1, 4, 1, 8): 1839 ms
Performance at tile_size (t2, t3, t4, t5) = (1, 4, 1, 16): 1886 ms
Performance at tile_size (t2, t3, t4, t5) = (1, 4, 1, 32): 1794 ms
Performance at tile_size (t2, t3, t4, t5) = (1, 4, 1, 64): 1855 ms
Performance at tile_size (t2, t3, t4, t5) = (1, 4, 1, 128): 1813 ms
Performance at tile_size (t2, t3, t4, t5) = (1, 4, 1, 256): 1782 ms
Performance at tile_size (t2, t3, t4, t5) = (1, 4, 2, 1): 1791 ms
Performance at tile_size (t2, t3, t4, t5) = (1, 4, 2, 2): 1792 ms
Performance at tile_size (t2, t3, t4, t5) = (1, 4, 2, 4): 1832 ms
Performance at tile_size (t2, t3, t4, t5) = (1, 4, 2, 8): 1782 ms
Performance at tile_size (t2, t3, t4, t5) = (1, 4, 2, 16): 1782 ms
Performance at tile_size (t2, t3, t4, t5) = (1, 4, 2, 32): 1829 ms
Performance at tile_size (t2, t3, t4, t5) = (1, 4, 2, 64): 1848 ms
Performance at tile_size (t2, t3, t4, t5) = (1, 4, 2, 128): 1857 ms
Performance at tile_size (t2, t3, t4, t5) = (1, 4, 2, 256): 1756 ms
Performance at tile_size (t2, t3, t4, t5) = (1, 4, 4, 1): 1731 ms
Performance at tile_size (t2, t3, t4, t5) = (1, 4, 4, 2): 1765 ms
Performance at tile_size (t2, t3, t4, t5) = (1, 4, 4, 4): 1824 ms
Performance at tile_size (t2, t3, t4, t5) = (1, 4, 4, 8): 1744 ms
Performance at tile_size (t2, t3, t4, t5) = (1, 4, 4, 16): 1781 ms
Performance at tile_size (t2, t3, t4, t5) = (1, 4, 4, 32): 1851 ms
Performance at tile_size (t2, t3, t4, t5) = (1, 4, 4, 64): 1787 ms
Performance at tile_size (t2, t3, t4, t5) = (1, 4, 4, 128): 1789 ms
Performance at tile_size (t2, t3, t4, t5) = (1, 4, 4, 256): 1778 ms
Performance at tile_size (t2, t3, t4, t5) = (1, 4, 8, 1): 1913 ms
Performance at tile_size (t2, t3, t4, t5) = (1, 4, 8, 2): 1811 ms
Performance at tile_size (t2, t3, t4, t5) = (1, 4, 8, 4): 1815 ms
Performance at tile_size (t2, t3, t4, t5) = (1, 4, 8, 8): 1763 ms
Performance at tile_size (t2, t3, t4, t5) = (1, 4, 8, 16): 1884 ms
Performance at tile_size (t2, t3, t4, t5) = (1, 4, 8, 32): 1854 ms
Performance at tile_size (t2, t3, t4, t5) = (1, 4, 8, 64): 1842 ms
Performance at tile_size (t2, t3, t4, t5) = (1, 4, 8, 128): 1793 ms
Performance at tile_size (t2, t3, t4, t5) = (1, 4, 8, 256): 1779 ms
Performance at tile_size (t2, t3, t4, t5) = (1, 4, 16, 1): 1798 ms
Performance at tile_size (t2, t3, t4, t5) = (1, 4, 16, 2): 1848 ms
Performance at tile_size (t2, t3, t4, t5) = (1, 4, 16, 4): 1787 ms
Performance at tile_size (t2, t3, t4, t5) = (1, 4, 16, 8): 1817 ms
Performance at tile_size (t2, t3, t4, t5) = (1, 4, 16, 16): 1776 ms
Performance at tile_size (t2, t3, t4, t5) = (1, 4, 16, 32): 1834 ms
Performance at tile_size (t2, t3, t4, t5) = (1, 4, 16, 64): 1852 ms
Performance at tile_size (t2, t3, t4, t5) = (1, 4, 16, 128): 1789 ms
Performance at tile_size (t2, t3, t4, t5) = (1, 4, 16, 256): 1808 ms
Performance at tile_size (t2, t3, t4, t5) = (1, 4, 32, 1): 1773 ms
Performance at tile_size (t2, t3, t4, t5) = (1, 4, 32, 2): 1853 ms
Performance at tile_size (t2, t3, t4, t5) = (1, 4, 32, 4): 1792 ms
Performance at tile_size (t2, t3, t4, t5) = (1, 4, 32, 8): 1805 ms
Performance at tile_size (t2, t3, t4, t5) = (1, 4, 32, 16): 1795 ms
Performance at tile_size (t2, t3, t4, t5) = (1, 4, 32, 32): 1740 ms
Performance at tile_size (t2, t3, t4, t5) = (1, 4, 32, 64): 1874 ms
Performance at tile_size (t2, t3, t4, t5) = (1, 4, 32, 128): 1851 ms
Performance at tile_size (t2, t3, t4, t5) = (1, 4, 32, 256): 1891 ms
Performance at tile_size (t2, t3, t4, t5) = (1, 4, 64, 1): 1787 ms
Performance at tile_size (t2, t3, t4, t5) = (1, 4, 64, 2): 1783 ms
Performance at tile_size (t2, t3, t4, t5) = (1, 4, 64, 4): 1946 ms
Performance at tile_size (t2, t3, t4, t5) = (1, 4, 64, 8): 1778 ms
Performance at tile_size (t2, t3, t4, t5) = (1, 4, 64, 16): 1816 ms
Performance at tile_size (t2, t3, t4, t5) = (1, 4, 64, 32): 1825 ms
Performance at tile_size (t2, t3, t4, t5) = (1, 4, 64, 64): 1758 ms
Performance at tile_size (t2, t3, t4, t5) = (1, 4, 64, 128): 1814 ms
Performance at tile_size (t2, t3, t4, t5) = (1, 4, 64, 256): 1879 ms
Performance at tile_size (t2, t3, t4, t5) = (1, 4, 128, 1): 1781 ms
Performance at tile_size (t2, t3, t4, t5) = (1, 4, 128, 2): 1781 ms
Performance at tile_size (t2, t3, t4, t5) = (1, 4, 128, 4): 1770 ms
Performance at tile_size (t2, t3, t4, t5) = (1, 4, 128, 8): 1784 ms
Performance at tile_size (t2, t3, t4, t5) = (1, 4, 128, 16): 1777 ms
Performance at tile_size (t2, t3, t4, t5) = (1, 4, 128, 32): 1776 ms
Performance at tile_size (t2, t3, t4, t5) = (1, 4, 128, 64): 1782 ms
Performance at tile_size (t2, t3, t4, t5) = (1, 4, 128, 128): 1776 ms
Performance at tile_size (t2, t3, t4, t5) = (1, 4, 128, 256): 1785 ms
Performance at tile_size (t2, t3, t4, t5) = (1, 4, 256, 1): 1860 ms
Performance at tile_size (t2, t3, t4, t5) = (1, 4, 256, 2): 1717 ms
Performance at tile_size (t2, t3, t4, t5) = (1, 4, 256, 4): 1839 ms
Performance at tile_size (t2, t3, t4, t5) = (1, 4, 256, 8): 1781 ms
Performance at tile_size (t2, t3, t4, t5) = (1, 4, 256, 16): 1847 ms
Performance at tile_size (t2, t3, t4, t5) = (1, 4, 256, 32): 1843 ms
Performance at tile_size (t2, t3, t4, t5) = (1, 4, 256, 64): 1799 ms
Performance at tile_size (t2, t3, t4, t5) = (1, 4, 256, 128): 1809 ms
Performance at tile_size (t2, t3, t4, t5) = (1, 4, 256, 256): 1838 ms
Performance at tile_size (t2, t3, t4, t5) = (1, 8, 1, 1): 1749 ms
Performance at tile_size (t2, t3, t4, t5) = (1, 8, 1, 2): 1852 ms
Performance at tile_size (t2, t3, t4, t5) = (1, 8, 1, 4): 1774 ms
Performance at tile_size (t2, t3, t4, t5) = (1, 8, 1, 8): 1863 ms
Performance at tile_size (t2, t3, t4, t5) = (1, 8, 1, 16): 1804 ms
Performance at tile_size (t2, t3, t4, t5) = (1, 8, 1, 32): 1888 ms
Performance at tile_size (t2, t3, t4, t5) = (1, 8, 1, 64): 1835 ms
Performance at tile_size (t2, t3, t4, t5) = (1, 8, 1, 128): 1795 ms
Performance at tile_size (t2, t3, t4, t5) = (1, 8, 1, 256): 1874 ms
Performance at tile_size (t2, t3, t4, t5) = (1, 8, 2, 1): 1801 ms
Performance at tile_size (t2, t3, t4, t5) = (1, 8, 2, 2): 1762 ms
Performance at tile_size (t2, t3, t4, t5) = (1, 8, 2, 4): 1764 ms
Performance at tile_size (t2, t3, t4, t5) = (1, 8, 2, 8): 1818 ms
Performance at tile_size (t2, t3, t4, t5) = (1, 8, 2, 16): 1825 ms
Performance at tile_size (t2, t3, t4, t5) = (1, 8, 2, 32): 1753 ms
Performance at tile_size (t2, t3, t4, t5) = (1, 8, 2, 64): 1769 ms
Performance at tile_size (t2, t3, t4, t5) = (1, 8, 2, 128): 1807 ms
Performance at tile_size (t2, t3, t4, t5) = (1, 8, 2, 256): 1823 ms
Performance at tile_size (t2, t3, t4, t5) = (1, 8, 4, 1): 1771 ms
Performance at tile_size (t2, t3, t4, t5) = (1, 8, 4, 2): 1832 ms
Performance at tile_size (t2, t3, t4, t5) = (1, 8, 4, 4): 1781 ms
Performance at tile_size (t2, t3, t4, t5) = (1, 8, 4, 8): 1805 ms
Performance at tile_size (t2, t3, t4, t5) = (1, 8, 4, 16): 1819 ms
Performance at tile_size (t2, t3, t4, t5) = (1, 8, 4, 32): 1853 ms
Performance at tile_size (t2, t3, t4, t5) = (1, 8, 4, 64): 1872 ms
Performance at tile_size (t2, t3, t4, t5) = (1, 8, 4, 128): 1782 ms
Performance at tile_size (t2, t3, t4, t5) = (1, 8, 4, 256): 1815 ms
Performance at tile_size (t2, t3, t4, t5) = (1, 8, 8, 1): 1757 ms
Performance at tile_size (t2, t3, t4, t5) = (1, 8, 8, 2): 1871 ms
Performance at tile_size (t2, t3, t4, t5) = (1, 8, 8, 4): 1779 ms
Performance at tile_size (t2, t3, t4, t5) = (1, 8, 8, 8): 1783 ms
Performance at tile_size (t2, t3, t4, t5) = (1, 8, 8, 16): 1799 ms
Performance at tile_size (t2, t3, t4, t5) = (1, 8, 8, 32): 1800 ms
Performance at tile_size (t2, t3, t4, t5) = (1, 8, 8, 64): 1802 ms
Performance at tile_size (t2, t3, t4, t5) = (1, 8, 8, 128): 1838 ms
Performance at tile_size (t2, t3, t4, t5) = (1, 8, 8, 256): 1860 ms
Performance at tile_size (t2, t3, t4, t5) = (1, 8, 16, 1): 1759 ms
Performance at tile_size (t2, t3, t4, t5) = (1, 8, 16, 2): 1808 ms
Performance at tile_size (t2, t3, t4, t5) = (1, 8, 16, 4): 1783 ms
Performance at tile_size (t2, t3, t4, t5) = (1, 8, 16, 8): 1813 ms
Performance at tile_size (t2, t3, t4, t5) = (1, 8, 16, 16): 1766 ms
Performance at tile_size (t2, t3, t4, t5) = (1, 8, 16, 32): 1790 ms
Performance at tile_size (t2, t3, t4, t5) = (1, 8, 16, 64): 1780 ms
Performance at tile_size (t2, t3, t4, t5) = (1, 8, 16, 128): 1771 ms
Performance at tile_size (t2, t3, t4, t5) = (1, 8, 16, 256): 1788 ms
Performance at tile_size (t2, t3, t4, t5) = (1, 8, 32, 1): 1795 ms
Performance at tile_size (t2, t3, t4, t5) = (1, 8, 32, 2): 1787 ms
Performance at tile_size (t2, t3, t4, t5) = (1, 8, 32, 4): 1791 ms
Performance at tile_size (t2, t3, t4, t5) = (1, 8, 32, 8): 1807 ms
Performance at tile_size (t2, t3, t4, t5) = (1, 8, 32, 16): 1741 ms
Performance at tile_size (t2, t3, t4, t5) = (1, 8, 32, 32): 1777 ms
Performance at tile_size (t2, t3, t4, t5) = (1, 8, 32, 64): 1821 ms
Performance at tile_size (t2, t3, t4, t5) = (1, 8, 32, 128): 1772 ms
Performance at tile_size (t2, t3, t4, t5) = (1, 8, 32, 256): 1792 ms
Performance at tile_size (t2, t3, t4, t5) = (1, 8, 64, 1): 1805 ms
Performance at tile_size (t2, t3, t4, t5) = (1, 8, 64, 2): 1831 ms
Performance at tile_size (t2, t3, t4, t5) = (1, 8, 64, 4): 1750 ms
Performance at tile_size (t2, t3, t4, t5) = (1, 8, 64, 8): 1788 ms
Performance at tile_size (t2, t3, t4, t5) = (1, 8, 64, 16): 1790 ms
Performance at tile_size (t2, t3, t4, t5) = (1, 8, 64, 32): 1788 ms
Performance at tile_size (t2, t3, t4, t5) = (1, 8, 64, 64): 1795 ms
Performance at tile_size (t2, t3, t4, t5) = (1, 8, 64, 128): 1822 ms
Performance at tile_size (t2, t3, t4, t5) = (1, 8, 64, 256): 1811 ms
Performance at tile_size (t2, t3, t4, t5) = (1, 8, 128, 1): 1875 ms
Performance at tile_size (t2, t3, t4, t5) = (1, 8, 128, 2): 1875 ms
Performance at tile_size (t2, t3, t4, t5) = (1, 8, 128, 4): 1739 ms
Performance at tile_size (t2, t3, t4, t5) = (1, 8, 128, 8): 1780 ms
Performance at tile_size (t2, t3, t4, t5) = (1, 8, 128, 16): 1781 ms
Performance at tile_size (t2, t3, t4, t5) = (1, 8, 128, 32): 1777 ms
Performance at tile_size (t2, t3, t4, t5) = (1, 8, 128, 64): 1762 ms
Performance at tile_size (t2, t3, t4, t5) = (1, 8, 128, 128): 1829 ms
Performance at tile_size (t2, t3, t4, t5) = (1, 8, 128, 256): 1792 ms
Performance at tile_size (t2, t3, t4, t5) = (1, 8, 256, 1): 1785 ms
Performance at tile_size (t2, t3, t4, t5) = (1, 8, 256, 2): 1766 ms
Performance at tile_size (t2, t3, t4, t5) = (1, 8, 256, 4): 1780 ms
Performance at tile_size (t2, t3, t4, t5) = (1, 8, 256, 8): 1875 ms
Performance at tile_size (t2, t3, t4, t5) = (1, 8, 256, 16): 1876 ms
Performance at tile_size (t2, t3, t4, t5) = (1, 8, 256, 32): 1782 ms
Performance at tile_size (t2, t3, t4, t5) = (1, 8, 256, 64): 1791 ms
Performance at tile_size (t2, t3, t4, t5) = (1, 8, 256, 128): 1777 ms
Performance at tile_size (t2, t3, t4, t5) = (1, 8, 256, 256): 1771 ms
Performance at tile_size (t2, t3, t4, t5) = (1, 16, 1, 1): 1806 ms
Performance at tile_size (t2, t3, t4, t5) = (1, 16, 1, 2): 1774 ms
Performance at tile_size (t2, t3, t4, t5) = (1, 16, 1, 4): 1797 ms
Performance at tile_size (t2, t3, t4, t5) = (1, 16, 1, 8): 1812 ms
Performance at tile_size (t2, t3, t4, t5) = (1, 16, 1, 16): 1849 ms
Performance at tile_size (t2, t3, t4, t5) = (1, 16, 1, 32): 1900 ms
Performance at tile_size (t2, t3, t4, t5) = (1, 16, 1, 64): 1835 ms
Performance at tile_size (t2, t3, t4, t5) = (1, 16, 1, 128): 1837 ms
Performance at tile_size (t2, t3, t4, t5) = (1, 16, 1, 256): 1778 ms
Performance at tile_size (t2, t3, t4, t5) = (1, 16, 2, 1): 1800 ms
Performance at tile_size (t2, t3, t4, t5) = (1, 16, 2, 2): 1792 ms
Performance at tile_size (t2, t3, t4, t5) = (1, 16, 2, 4): 1828 ms
Performance at tile_size (t2, t3, t4, t5) = (1, 16, 2, 8): 1790 ms
Performance at tile_size (t2, t3, t4, t5) = (1, 16, 2, 16): 1790 ms
Performance at tile_size (t2, t3, t4, t5) = (1, 16, 2, 32): 1787 ms
Performance at tile_size (t2, t3, t4, t5) = (1, 16, 2, 64): 1773 ms
Performance at tile_size (t2, t3, t4, t5) = (1, 16, 2, 128): 1806 ms
Performance at tile_size (t2, t3, t4, t5) = (1, 16, 2, 256): 1829 ms
Performance at tile_size (t2, t3, t4, t5) = (1, 16, 4, 1): 1792 ms
Performance at tile_size (t2, t3, t4, t5) = (1, 16, 4, 2): 1796 ms
Performance at tile_size (t2, t3, t4, t5) = (1, 16, 4, 4): 1768 ms
Performance at tile_size (t2, t3, t4, t5) = (1, 16, 4, 8): 1836 ms
Performance at tile_size (t2, t3, t4, t5) = (1, 16, 4, 16): 1826 ms
Performance at tile_size (t2, t3, t4, t5) = (1, 16, 4, 32): 1809 ms
Performance at tile_size (t2, t3, t4, t5) = (1, 16, 4, 64): 1765 ms
Performance at tile_size (t2, t3, t4, t5) = (1, 16, 4, 128): 1793 ms
Performance at tile_size (t2, t3, t4, t5) = (1, 16, 4, 256): 1781 ms
Performance at tile_size (t2, t3, t4, t5) = (1, 16, 8, 1): 1790 ms
Performance at tile_size (t2, t3, t4, t5) = (1, 16, 8, 2): 1724 ms
Performance at tile_size (t2, t3, t4, t5) = (1, 16, 8, 4): 1774 ms
Performance at tile_size (t2, t3, t4, t5) = (1, 16, 8, 8): 1771 ms
Performance at tile_size (t2, t3, t4, t5) = (1, 16, 8, 16): 1818 ms
Performance at tile_size (t2, t3, t4, t5) = (1, 16, 8, 32): 1789 ms
Performance at tile_size (t2, t3, t4, t5) = (1, 16, 8, 64): 1719 ms
Performance at tile_size (t2, t3, t4, t5) = (1, 16, 8, 128): 1836 ms
Performance at tile_size (t2, t3, t4, t5) = (1, 16, 8, 256): 1851 ms
Performance at tile_size (t2, t3, t4, t5) = (1, 16, 16, 1): 1876 ms
Performance at tile_size (t2, t3, t4, t5) = (1, 16, 16, 2): 1821 ms
Performance at tile_size (t2, t3, t4, t5) = (1, 16, 16, 4): 1743 ms
Performance at tile_size (t2, t3, t4, t5) = (1, 16, 16, 8): 1792 ms
Performance at tile_size (t2, t3, t4, t5) = (1, 16, 16, 16): 1821 ms
Performance at tile_size (t2, t3, t4, t5) = (1, 16, 16, 32): 1755 ms
Performance at tile_size (t2, t3, t4, t5) = (1, 16, 16, 64): 1756 ms
Performance at tile_size (t2, t3, t4, t5) = (1, 16, 16, 128): 1738 ms
Performance at tile_size (t2, t3, t4, t5) = (1, 16, 16, 256): 1833 ms
Performance at tile_size (t2, t3, t4, t5) = (1, 16, 32, 1): 1828 ms
Performance at tile_size (t2, t3, t4, t5) = (1, 16, 32, 2): 1848 ms
Performance at tile_size (t2, t3, t4, t5) = (1, 16, 32, 4): 1768 ms
Performance at tile_size (t2, t3, t4, t5) = (1, 16, 32, 8): 1873 ms
Performance at tile_size (t2, t3, t4, t5) = (1, 16, 32, 16): 1874 ms
Performance at tile_size (t2, t3, t4, t5) = (1, 16, 32, 32): 1871 ms
Performance at tile_size (t2, t3, t4, t5) = (1, 16, 32, 64): 1843 ms
Performance at tile_size (t2, t3, t4, t5) = (1, 16, 32, 128): 1787 ms
Performance at tile_size (t2, t3, t4, t5) = (1, 16, 32, 256): 1796 ms
Performance at tile_size (t2, t3, t4, t5) = (1, 16, 64, 1): 1791 ms
Performance at tile_size (t2, t3, t4, t5) = (1, 16, 64, 2): 1857 ms
Performance at tile_size (t2, t3, t4, t5) = (1, 16, 64, 4): 1759 ms
Performance at tile_size (t2, t3, t4, t5) = (1, 16, 64, 8): 1748 ms
Performance at tile_size (t2, t3, t4, t5) = (1, 16, 64, 16): 1747 ms
Performance at tile_size (t2, t3, t4, t5) = (1, 16, 64, 32): 1750 ms
Performance at tile_size (t2, t3, t4, t5) = (1, 16, 64, 64): 1783 ms
Performance at tile_size (t2, t3, t4, t5) = (1, 16, 64, 128): 1862 ms
Performance at tile_size (t2, t3, t4, t5) = (1, 16, 64, 256): 1846 ms
Performance at tile_size (t2, t3, t4, t5) = (1, 16, 128, 1): 1744 ms
Performance at tile_size (t2, t3, t4, t5) = (1, 16, 128, 2): 1802 ms
Performance at tile_size (t2, t3, t4, t5) = (1, 16, 128, 4): 1789 ms
Performance at tile_size (t2, t3, t4, t5) = (1, 16, 128, 8): 1727 ms
Performance at tile_size (t2, t3, t4, t5) = (1, 16, 128, 16): 1751 ms
Performance at tile_size (t2, t3, t4, t5) = (1, 16, 128, 32): 1760 ms
Performance at tile_size (t2, t3, t4, t5) = (1, 16, 128, 64): 1818 ms
Performance at tile_size (t2, t3, t4, t5) = (1, 16, 128, 128): 1883 ms
Performance at tile_size (t2, t3, t4, t5) = (1, 16, 128, 256): 1838 ms
Performance at tile_size (t2, t3, t4, t5) = (1, 16, 256, 1): 1835 ms
Performance at tile_size (t2, t3, t4, t5) = (1, 16, 256, 2): 1786 ms
Performance at tile_size (t2, t3, t4, t5) = (1, 16, 256, 4): 1776 ms
Performance at tile_size (t2, t3, t4, t5) = (1, 16, 256, 8): 1787 ms
Performance at tile_size (t2, t3, t4, t5) = (1, 16, 256, 16): 1764 ms
Performance at tile_size (t2, t3, t4, t5) = (1, 16, 256, 32): 1868 ms
Performance at tile_size (t2, t3, t4, t5) = (1, 16, 256, 64): 1763 ms
Performance at tile_size (t2, t3, t4, t5) = (1, 16, 256, 128): 1778 ms
Performance at tile_size (t2, t3, t4, t5) = (1, 16, 256, 256): 1776 ms
Performance at tile_size (t2, t3, t4, t5) = (1, 32, 1, 1): 1799 ms
Performance at tile_size (t2, t3, t4, t5) = (1, 32, 1, 2): 1863 ms
Performance at tile_size (t2, t3, t4, t5) = (1, 32, 1, 4): 1738 ms
Performance at tile_size (t2, t3, t4, t5) = (1, 32, 1, 8): 1871 ms
Performance at tile_size (t2, t3, t4, t5) = (1, 32, 1, 16): 1810 ms
Performance at tile_size (t2, t3, t4, t5) = (1, 32, 1, 32): 1767 ms
Performance at tile_size (t2, t3, t4, t5) = (1, 32, 1, 64): 1758 ms
Performance at tile_size (t2, t3, t4, t5) = (1, 32, 1, 128): 1761 ms
Performance at tile_size (t2, t3, t4, t5) = (1, 32, 1, 256): 1811 ms
Performance at tile_size (t2, t3, t4, t5) = (1, 32, 2, 1): 1757 ms
Performance at tile_size (t2, t3, t4, t5) = (1, 32, 2, 2): 1876 ms
Performance at tile_size (t2, t3, t4, t5) = (1, 32, 2, 4): 1781 ms
Performance at tile_size (t2, t3, t4, t5) = (1, 32, 2, 8): 1772 ms
Performance at tile_size (t2, t3, t4, t5) = (1, 32, 2, 16): 1797 ms
Performance at tile_size (t2, t3, t4, t5) = (1, 32, 2, 32): 1858 ms
Performance at tile_size (t2, t3, t4, t5) = (1, 32, 2, 64): 1801 ms
Performance at tile_size (t2, t3, t4, t5) = (1, 32, 2, 128): 1871 ms
Performance at tile_size (t2, t3, t4, t5) = (1, 32, 2, 256): 1873 ms
Performance at tile_size (t2, t3, t4, t5) = (1, 32, 4, 1): 1851 ms
Performance at tile_size (t2, t3, t4, t5) = (1, 32, 4, 2): 1834 ms
Performance at tile_size (t2, t3, t4, t5) = (1, 32, 4, 4): 1798 ms
Performance at tile_size (t2, t3, t4, t5) = (1, 32, 4, 8): 1842 ms
Performance at tile_size (t2, t3, t4, t5) = (1, 32, 4, 16): 1772 ms
Performance at tile_size (t2, t3, t4, t5) = (1, 32, 4, 32): 1774 ms
Performance at tile_size (t2, t3, t4, t5) = (1, 32, 4, 64): 1780 ms
Performance at tile_size (t2, t3, t4, t5) = (1, 32, 4, 128): 1768 ms
Performance at tile_size (t2, t3, t4, t5) = (1, 32, 4, 256): 1768 ms
Performance at tile_size (t2, t3, t4, t5) = (1, 32, 8, 1): 1779 ms
Performance at tile_size (t2, t3, t4, t5) = (1, 32, 8, 2): 1803 ms
Performance at tile_size (t2, t3, t4, t5) = (1, 32, 8, 4): 1834 ms
Performance at tile_size (t2, t3, t4, t5) = (1, 32, 8, 8): 1746 ms
Performance at tile_size (t2, t3, t4, t5) = (1, 32, 8, 16): 1751 ms
Performance at tile_size (t2, t3, t4, t5) = (1, 32, 8, 32): 1763 ms
Performance at tile_size (t2, t3, t4, t5) = (1, 32, 8, 64): 1804 ms
Performance at tile_size (t2, t3, t4, t5) = (1, 32, 8, 128): 1856 ms
Performance at tile_size (t2, t3, t4, t5) = (1, 32, 8, 256): 1873 ms
Performance at tile_size (t2, t3, t4, t5) = (1, 32, 16, 1): 1766 ms
Performance at tile_size (t2, t3, t4, t5) = (1, 32, 16, 2): 1814 ms
Performance at tile_size (t2, t3, t4, t5) = (1, 32, 16, 4): 1810 ms
Performance at tile_size (t2, t3, t4, t5) = (1, 32, 16, 8): 1797 ms
Performance at tile_size (t2, t3, t4, t5) = (1, 32, 16, 16): 1811 ms
Performance at tile_size (t2, t3, t4, t5) = (1, 32, 16, 32): 1763 ms
Performance at tile_size (t2, t3, t4, t5) = (1, 32, 16, 64): 1790 ms
Performance at tile_size (t2, t3, t4, t5) = (1, 32, 16, 128): 1801 ms
Performance at tile_size (t2, t3, t4, t5) = (1, 32, 16, 256): 1836 ms
Performance at tile_size (t2, t3, t4, t5) = (1, 32, 32, 1): 1804 ms
Performance at tile_size (t2, t3, t4, t5) = (1, 32, 32, 2): 1779 ms
Performance at tile_size (t2, t3, t4, t5) = (1, 32, 32, 4): 1778 ms
Performance at tile_size (t2, t3, t4, t5) = (1, 32, 32, 8): 1766 ms
Performance at tile_size (t2, t3, t4, t5) = (1, 32, 32, 16): 1800 ms
Performance at tile_size (t2, t3, t4, t5) = (1, 32, 32, 32): 1779 ms
Performance at tile_size (t2, t3, t4, t5) = (1, 32, 32, 64): 1845 ms
Performance at tile_size (t2, t3, t4, t5) = (1, 32, 32, 128): 1750 ms
Performance at tile_size (t2, t3, t4, t5) = (1, 32, 32, 256): 1826 ms
Performance at tile_size (t2, t3, t4, t5) = (1, 32, 64, 1): 1859 ms
Performance at tile_size (t2, t3, t4, t5) = (1, 32, 64, 2): 1830 ms
Performance at tile_size (t2, t3, t4, t5) = (1, 32, 64, 4): 1787 ms
Performance at tile_size (t2, t3, t4, t5) = (1, 32, 64, 8): 1798 ms
Performance at tile_size (t2, t3, t4, t5) = (1, 32, 64, 16): 1792 ms
Performance at tile_size (t2, t3, t4, t5) = (1, 32, 64, 32): 1755 ms
Performance at tile_size (t2, t3, t4, t5) = (1, 32, 64, 64): 1815 ms
Performance at tile_size (t2, t3, t4, t5) = (1, 32, 64, 128): 1794 ms
Performance at tile_size (t2, t3, t4, t5) = (1, 32, 64, 256): 1795 ms
Performance at tile_size (t2, t3, t4, t5) = (1, 32, 128, 1): 1845 ms
Performance at tile_size (t2, t3, t4, t5) = (1, 32, 128, 2): 1888 ms
Performance at tile_size (t2, t3, t4, t5) = (1, 32, 128, 4): 1826 ms
Performance at tile_size (t2, t3, t4, t5) = (1, 32, 128, 8): 1753 ms
Performance at tile_size (t2, t3, t4, t5) = (1, 32, 128, 16): 1893 ms
Performance at tile_size (t2, t3, t4, t5) = (1, 32, 128, 32): 1795 ms
Performance at tile_size (t2, t3, t4, t5) = (1, 32, 128, 64): 1838 ms
Performance at tile_size (t2, t3, t4, t5) = (1, 32, 128, 128): 1799 ms
Performance at tile_size (t2, t3, t4, t5) = (1, 32, 128, 256): 1784 ms
Performance at tile_size (t2, t3, t4, t5) = (1, 32, 256, 1): 1768 ms
Performance at tile_size (t2, t3, t4, t5) = (1, 32, 256, 2): 1813 ms
Performance at tile_size (t2, t3, t4, t5) = (1, 32, 256, 4): 1818 ms
Performance at tile_size (t2, t3, t4, t5) = (1, 32, 256, 8): 1797 ms
Performance at tile_size (t2, t3, t4, t5) = (1, 32, 256, 16): 1833 ms
Performance at tile_size (t2, t3, t4, t5) = (1, 32, 256, 32): 1746 ms
Performance at tile_size (t2, t3, t4, t5) = (1, 32, 256, 64): 1765 ms
Performance at tile_size (t2, t3, t4, t5) = (1, 32, 256, 128): 1856 ms
Performance at tile_size (t2, t3, t4, t5) = (1, 32, 256, 256): 1763 ms
Performance at tile_size (t2, t3, t4, t5) = (1, 64, 1, 1): 1762 ms
Performance at tile_size (t2, t3, t4, t5) = (1, 64, 1, 2): 1873 ms
Performance at tile_size (t2, t3, t4, t5) = (1, 64, 1, 4): 1875 ms
Performance at tile_size (t2, t3, t4, t5) = (1, 64, 1, 8): 1791 ms
Performance at tile_size (t2, t3, t4, t5) = (1, 64, 1, 16): 1812 ms
Performance at tile_size (t2, t3, t4, t5) = (1, 64, 1, 32): 1772 ms
Performance at tile_size (t2, t3, t4, t5) = (1, 64, 1, 64): 1902 ms
Performance at tile_size (t2, t3, t4, t5) = (1, 64, 1, 128): 1790 ms
Performance at tile_size (t2, t3, t4, t5) = (1, 64, 1, 256): 1768 ms
Performance at tile_size (t2, t3, t4, t5) = (1, 64, 2, 1): 1781 ms
Performance at tile_size (t2, t3, t4, t5) = (1, 64, 2, 2): 1781 ms
Performance at tile_size (t2, t3, t4, t5) = (1, 64, 2, 4): 1775 ms
Performance at tile_size (t2, t3, t4, t5) = (1, 64, 2, 8): 1758 ms
Performance at tile_size (t2, t3, t4, t5) = (1, 64, 2, 16): 1753 ms
Performance at tile_size (t2, t3, t4, t5) = (1, 64, 2, 32): 1820 ms
Performance at tile_size (t2, t3, t4, t5) = (1, 64, 2, 64): 1773 ms
Performance at tile_size (t2, t3, t4, t5) = (1, 64, 2, 128): 1768 ms
Performance at tile_size (t2, t3, t4, t5) = (1, 64, 2, 256): 1764 ms
Performance at tile_size (t2, t3, t4, t5) = (1, 64, 4, 1): 1807 ms
Performance at tile_size (t2, t3, t4, t5) = (1, 64, 4, 2): 1837 ms
Performance at tile_size (t2, t3, t4, t5) = (1, 64, 4, 4): 1881 ms
Performance at tile_size (t2, t3, t4, t5) = (1, 64, 4, 8): 1762 ms
Performance at tile_size (t2, t3, t4, t5) = (1, 64, 4, 16): 1774 ms
Performance at tile_size (t2, t3, t4, t5) = (1, 64, 4, 32): 1780 ms
Performance at tile_size (t2, t3, t4, t5) = (1, 64, 4, 64): 1862 ms
Performance at tile_size (t2, t3, t4, t5) = (1, 64, 4, 128): 1834 ms
Performance at tile_size (t2, t3, t4, t5) = (1, 64, 4, 256): 1878 ms
Performance at tile_size (t2, t3, t4, t5) = (1, 64, 8, 1): 1877 ms
Performance at tile_size (t2, t3, t4, t5) = (1, 64, 8, 2): 1823 ms
Performance at tile_size (t2, t3, t4, t5) = (1, 64, 8, 4): 1791 ms
Performance at tile_size (t2, t3, t4, t5) = (1, 64, 8, 8): 1804 ms
Performance at tile_size (t2, t3, t4, t5) = (1, 64, 8, 16): 1769 ms
Performance at tile_size (t2, t3, t4, t5) = (1, 64, 8, 32): 1843 ms
Performance at tile_size (t2, t3, t4, t5) = (1, 64, 8, 64): 1856 ms
Performance at tile_size (t2, t3, t4, t5) = (1, 64, 8, 128): 1851 ms
Performance at tile_size (t2, t3, t4, t5) = (1, 64, 8, 256): 1816 ms
Performance at tile_size (t2, t3, t4, t5) = (1, 64, 16, 1): 1790 ms
Performance at tile_size (t2, t3, t4, t5) = (1, 64, 16, 2): 1908 ms
Performance at tile_size (t2, t3, t4, t5) = (1, 64, 16, 4): 1876 ms
Performance at tile_size (t2, t3, t4, t5) = (1, 64, 16, 8): 1877 ms
Performance at tile_size (t2, t3, t4, t5) = (1, 64, 16, 16): 1876 ms
Performance at tile_size (t2, t3, t4, t5) = (1, 64, 16, 32): 1907 ms
Performance at tile_size (t2, t3, t4, t5) = (1, 64, 16, 64): 1785 ms
Performance at tile_size (t2, t3, t4, t5) = (1, 64, 16, 128): 1861 ms
Performance at tile_size (t2, t3, t4, t5) = (1, 64, 16, 256): 1868 ms
Performance at tile_size (t2, t3, t4, t5) = (1, 64, 32, 1): 1805 ms
Performance at tile_size (t2, t3, t4, t5) = (1, 64, 32, 2): 1814 ms
Performance at tile_size (t2, t3, t4, t5) = (1, 64, 32, 4): 1835 ms
Performance at tile_size (t2, t3, t4, t5) = (1, 64, 32, 8): 1818 ms
Performance at tile_size (t2, t3, t4, t5) = (1, 64, 32, 16): 1832 ms
Performance at tile_size (t2, t3, t4, t5) = (1, 64, 32, 32): 1776 ms
Performance at tile_size (t2, t3, t4, t5) = (1, 64, 32, 64): 1785 ms
Performance at tile_size (t2, t3, t4, t5) = (1, 64, 32, 128): 1735 ms
Performance at tile_size (t2, t3, t4, t5) = (1, 64, 32, 256): 1733 ms
Performance at tile_size (t2, t3, t4, t5) = (1, 64, 64, 1): 1782 ms
Performance at tile_size (t2, t3, t4, t5) = (1, 64, 64, 2): 1720 ms
Performance at tile_size (t2, t3, t4, t5) = (1, 64, 64, 4): 1812 ms
Performance at tile_size (t2, t3, t4, t5) = (1, 64, 64, 8): 1749 ms
Performance at tile_size (t2, t3, t4, t5) = (1, 64, 64, 16): 1775 ms
Performance at tile_size (t2, t3, t4, t5) = (1, 64, 64, 32): 1740 ms
Performance at tile_size (t2, t3, t4, t5) = (1, 64, 64, 64): 1772 ms
Performance at tile_size (t2, t3, t4, t5) = (1, 64, 64, 128): 1767 ms
Performance at tile_size (t2, t3, t4, t5) = (1, 64, 64, 256): 1814 ms
Performance at tile_size (t2, t3, t4, t5) = (1, 64, 128, 1): 1759 ms
Performance at tile_size (t2, t3, t4, t5) = (1, 64, 128, 2): 1774 ms
Performance at tile_size (t2, t3, t4, t5) = (1, 64, 128, 4): 1751 ms
Performance at tile_size (t2, t3, t4, t5) = (1, 64, 128, 8): 1782 ms
Performance at tile_size (t2, t3, t4, t5) = (1, 64, 128, 16): 1811 ms
Performance at tile_size (t2, t3, t4, t5) = (1, 64, 128, 32): 1765 ms
Performance at tile_size (t2, t3, t4, t5) = (1, 64, 128, 64): 1794 ms
Performance at tile_size (t2, t3, t4, t5) = (1, 64, 128, 128): 1855 ms
Performance at tile_size (t2, t3, t4, t5) = (1, 64, 128, 256): 1926 ms
Performance at tile_size (t2, t3, t4, t5) = (1, 64, 256, 1): 1907 ms
Performance at tile_size (t2, t3, t4, t5) = (1, 64, 256, 2): 1874 ms
Performance at tile_size (t2, t3, t4, t5) = (1, 64, 256, 4): 1815 ms
Performance at tile_size (t2, t3, t4, t5) = (1, 64, 256, 8): 1881 ms
Performance at tile_size (t2, t3, t4, t5) = (1, 64, 256, 16): 1887 ms
Performance at tile_size (t2, t3, t4, t5) = (1, 64, 256, 32): 1803 ms
Performance at tile_size (t2, t3, t4, t5) = (1, 64, 256, 64): 1788 ms
Performance at tile_size (t2, t3, t4, t5) = (1, 64, 256, 128): 1890 ms
Performance at tile_size (t2, t3, t4, t5) = (1, 64, 256, 256): 1807 ms
Performance at tile_size (t2, t3, t4, t5) = (1, 128, 1, 1): 1880 ms
Performance at tile_size (t2, t3, t4, t5) = (1, 128, 1, 2): 1883 ms
Performance at tile_size (t2, t3, t4, t5) = (1, 128, 1, 4): 1924 ms
Performance at tile_size (t2, t3, t4, t5) = (1, 128, 1, 8): 1905 ms
Performance at tile_size (t2, t3, t4, t5) = (1, 128, 1, 16): 1816 ms
Performance at tile_size (t2, t3, t4, t5) = (1, 128, 1, 32): 1881 ms
Performance at tile_size (t2, t3, t4, t5) = (1, 128, 1, 64): 1812 ms
Performance at tile_size (t2, t3, t4, t5) = (1, 128, 1, 128): 1858 ms
Performance at tile_size (t2, t3, t4, t5) = (1, 128, 1, 256): 1774 ms
Performance at tile_size (t2, t3, t4, t5) = (1, 128, 2, 1): 1768 ms
Performance at tile_size (t2, t3, t4, t5) = (1, 128, 2, 2): 1821 ms
Performance at tile_size (t2, t3, t4, t5) = (1, 128, 2, 4): 1903 ms
Performance at tile_size (t2, t3, t4, t5) = (1, 128, 2, 8): 1814 ms
Performance at tile_size (t2, t3, t4, t5) = (1, 128, 2, 16): 1844 ms
Performance at tile_size (t2, t3, t4, t5) = (1, 128, 2, 32): 1822 ms
Performance at tile_size (t2, t3, t4, t5) = (1, 128, 2, 64): 1778 ms
Performance at tile_size (t2, t3, t4, t5) = (1, 128, 2, 128): 1874 ms
Performance at tile_size (t2, t3, t4, t5) = (1, 128, 2, 256): 1911 ms
Performance at tile_size (t2, t3, t4, t5) = (1, 128, 4, 1): 1703 ms
Performance at tile_size (t2, t3, t4, t5) = (1, 128, 4, 2): 1777 ms
Performance at tile_size (t2, t3, t4, t5) = (1, 128, 4, 4): 1765 ms
Performance at tile_size (t2, t3, t4, t5) = (1, 128, 4, 8): 1806 ms
Performance at tile_size (t2, t3, t4, t5) = (1, 128, 4, 16): 1745 ms
Performance at tile_size (t2, t3, t4, t5) = (1, 128, 4, 32): 1788 ms
Performance at tile_size (t2, t3, t4, t5) = (1, 128, 4, 64): 1840 ms
Performance at tile_size (t2, t3, t4, t5) = (1, 128, 4, 128): 1879 ms
Performance at tile_size (t2, t3, t4, t5) = (1, 128, 4, 256): 1834 ms
Performance at tile_size (t2, t3, t4, t5) = (1, 128, 8, 1): 1790 ms
Performance at tile_size (t2, t3, t4, t5) = (1, 128, 8, 2): 1824 ms
Performance at tile_size (t2, t3, t4, t5) = (1, 128, 8, 4): 1804 ms
Performance at tile_size (t2, t3, t4, t5) = (1, 128, 8, 8): 1886 ms
Performance at tile_size (t2, t3, t4, t5) = (1, 128, 8, 16): 1870 ms
Performance at tile_size (t2, t3, t4, t5) = (1, 128, 8, 32): 1789 ms
Performance at tile_size (t2, t3, t4, t5) = (1, 128, 8, 64): 1870 ms
Performance at tile_size (t2, t3, t4, t5) = (1, 128, 8, 128): 1766 ms
Performance at tile_size (t2, t3, t4, t5) = (1, 128, 8, 256): 1771 ms
Performance at tile_size (t2, t3, t4, t5) = (1, 128, 16, 1): 1767 ms
Performance at tile_size (t2, t3, t4, t5) = (1, 128, 16, 2): 1783 ms
Performance at tile_size (t2, t3, t4, t5) = (1, 128, 16, 4): 1779 ms
Performance at tile_size (t2, t3, t4, t5) = (1, 128, 16, 8): 1761 ms
Performance at tile_size (t2, t3, t4, t5) = (1, 128, 16, 16): 1797 ms
Performance at tile_size (t2, t3, t4, t5) = (1, 128, 16, 32): 1732 ms
Performance at tile_size (t2, t3, t4, t5) = (1, 128, 16, 64): 1906 ms
Performance at tile_size (t2, t3, t4, t5) = (1, 128, 16, 128): 1884 ms
Performance at tile_size (t2, t3, t4, t5) = (1, 128, 16, 256): 1809 ms
Performance at tile_size (t2, t3, t4, t5) = (1, 128, 32, 1): 1824 ms
Performance at tile_size (t2, t3, t4, t5) = (1, 128, 32, 2): 1853 ms
Performance at tile_size (t2, t3, t4, t5) = (1, 128, 32, 4): 1825 ms
Performance at tile_size (t2, t3, t4, t5) = (1, 128, 32, 8): 1788 ms
Performance at tile_size (t2, t3, t4, t5) = (1, 128, 32, 16): 1804 ms
Performance at tile_size (t2, t3, t4, t5) = (1, 128, 32, 32): 1775 ms
Performance at tile_size (t2, t3, t4, t5) = (1, 128, 32, 64): 1897 ms
Performance at tile_size (t2, t3, t4, t5) = (1, 128, 32, 128): 1807 ms
Performance at tile_size (t2, t3, t4, t5) = (1, 128, 32, 256): 1813 ms
Performance at tile_size (t2, t3, t4, t5) = (1, 128, 64, 1): 1806 ms
Performance at tile_size (t2, t3, t4, t5) = (1, 128, 64, 2): 1787 ms
Performance at tile_size (t2, t3, t4, t5) = (1, 128, 64, 4): 1764 ms
Performance at tile_size (t2, t3, t4, t5) = (1, 128, 64, 8): 1822 ms
Performance at tile_size (t2, t3, t4, t5) = (1, 128, 64, 16): 1887 ms
Performance at tile_size (t2, t3, t4, t5) = (1, 128, 64, 32): 1758 ms
Performance at tile_size (t2, t3, t4, t5) = (1, 128, 64, 64): 1761 ms
Performance at tile_size (t2, t3, t4, t5) = (1, 128, 64, 128): 1814 ms
Performance at tile_size (t2, t3, t4, t5) = (1, 128, 64, 256): 1867 ms
Performance at tile_size (t2, t3, t4, t5) = (1, 128, 128, 1): 1847 ms
Performance at tile_size (t2, t3, t4, t5) = (1, 128, 128, 2): 1838 ms
Performance at tile_size (t2, t3, t4, t5) = (1, 128, 128, 4): 1875 ms
Performance at tile_size (t2, t3, t4, t5) = (1, 128, 128, 8): 1835 ms
Performance at tile_size (t2, t3, t4, t5) = (1, 128, 128, 16): 1833 ms
Performance at tile_size (t2, t3, t4, t5) = (1, 128, 128, 32): 1830 ms
Performance at tile_size (t2, t3, t4, t5) = (1, 128, 128, 64): 1897 ms
Performance at tile_size (t2, t3, t4, t5) = (1, 128, 128, 128): 1882 ms
Performance at tile_size (t2, t3, t4, t5) = (1, 128, 128, 256): 1859 ms
Performance at tile_size (t2, t3, t4, t5) = (1, 128, 256, 1): 1886 ms
Performance at tile_size (t2, t3, t4, t5) = (1, 128, 256, 2): 1888 ms
Performance at tile_size (t2, t3, t4, t5) = (1, 128, 256, 4): 1912 ms
Performance at tile_size (t2, t3, t4, t5) = (1, 128, 256, 8): 1889 ms
Performance at tile_size (t2, t3, t4, t5) = (1, 128, 256, 16): 1794 ms
Performance at tile_size (t2, t3, t4, t5) = (1, 128, 256, 32): 1877 ms
Performance at tile_size (t2, t3, t4, t5) = (1, 128, 256, 64): 1849 ms
Performance at tile_size (t2, t3, t4, t5) = (1, 128, 256, 128): 1772 ms
Performance at tile_size (t2, t3, t4, t5) = (1, 128, 256, 256): 1852 ms
Performance at tile_size (t2, t3, t4, t5) = (1, 256, 1, 1): 1818 ms
Performance at tile_size (t2, t3, t4, t5) = (1, 256, 1, 2): 1920 ms
Performance at tile_size (t2, t3, t4, t5) = (1, 256, 1, 4): 1832 ms
Performance at tile_size (t2, t3, t4, t5) = (1, 256, 1, 8): 1819 ms
Performance at tile_size (t2, t3, t4, t5) = (1, 256, 1, 16): 1891 ms
Performance at tile_size (t2, t3, t4, t5) = (1, 256, 1, 32): 1929 ms
Performance at tile_size (t2, t3, t4, t5) = (1, 256, 1, 64): 1818 ms
Performance at tile_size (t2, t3, t4, t5) = (1, 256, 1, 128): 1869 ms
Performance at tile_size (t2, t3, t4, t5) = (1, 256, 1, 256): 1882 ms
Performance at tile_size (t2, t3, t4, t5) = (1, 256, 2, 1): 1868 ms
Performance at tile_size (t2, t3, t4, t5) = (1, 256, 2, 2): 1872 ms
Performance at tile_size (t2, t3, t4, t5) = (1, 256, 2, 4): 1885 ms
Performance at tile_size (t2, t3, t4, t5) = (1, 256, 2, 8): 1755 ms
Performance at tile_size (t2, t3, t4, t5) = (1, 256, 2, 16): 1730 ms
Performance at tile_size (t2, t3, t4, t5) = (1, 256, 2, 32): 1836 ms
Performance at tile_size (t2, t3, t4, t5) = (1, 256, 2, 64): 1765 ms
Performance at tile_size (t2, t3, t4, t5) = (1, 256, 2, 128): 1843 ms
Performance at tile_size (t2, t3, t4, t5) = (1, 256, 2, 256): 1775 ms
Performance at tile_size (t2, t3, t4, t5) = (1, 256, 4, 1): 1862 ms
Performance at tile_size (t2, t3, t4, t5) = (1, 256, 4, 2): 1770 ms
Performance at tile_size (t2, t3, t4, t5) = (1, 256, 4, 4): 1809 ms
Performance at tile_size (t2, t3, t4, t5) = (1, 256, 4, 8): 1902 ms
Performance at tile_size (t2, t3, t4, t5) = (1, 256, 4, 16): 1770 ms
Performance at tile_size (t2, t3, t4, t5) = (1, 256, 4, 32): 1832 ms
Performance at tile_size (t2, t3, t4, t5) = (1, 256, 4, 64): 1809 ms
Performance at tile_size (t2, t3, t4, t5) = (1, 256, 4, 128): 1794 ms
Performance at tile_size (t2, t3, t4, t5) = (1, 256, 4, 256): 1841 ms
Performance at tile_size (t2, t3, t4, t5) = (1, 256, 8, 1): 1797 ms
Performance at tile_size (t2, t3, t4, t5) = (1, 256, 8, 2): 1850 ms
Performance at tile_size (t2, t3, t4, t5) = (1, 256, 8, 4): 1800 ms
Performance at tile_size (t2, t3, t4, t5) = (1, 256, 8, 8): 1871 ms
Performance at tile_size (t2, t3, t4, t5) = (1, 256, 8, 16): 1801 ms
Performance at tile_size (t2, t3, t4, t5) = (1, 256, 8, 32): 1789 ms
Performance at tile_size (t2, t3, t4, t5) = (1, 256, 8, 64): 1836 ms
Performance at tile_size (t2, t3, t4, t5) = (1, 256, 8, 128): 1914 ms
Performance at tile_size (t2, t3, t4, t5) = (1, 256, 8, 256): 1782 ms
Performance at tile_size (t2, t3, t4, t5) = (1, 256, 16, 1): 1858 ms
Performance at tile_size (t2, t3, t4, t5) = (1, 256, 16, 2): 1800 ms
Performance at tile_size (t2, t3, t4, t5) = (1, 256, 16, 4): 1879 ms
Performance at tile_size (t2, t3, t4, t5) = (1, 256, 16, 8): 1884 ms
Performance at tile_size (t2, t3, t4, t5) = (1, 256, 16, 16): 1767 ms
Performance at tile_size (t2, t3, t4, t5) = (1, 256, 16, 32): 1856 ms
Performance at tile_size (t2, t3, t4, t5) = (1, 256, 16, 64): 1927 ms
Performance at tile_size (t2, t3, t4, t5) = (1, 256, 16, 128): 1819 ms
Performance at tile_size (t2, t3, t4, t5) = (1, 256, 16, 256): 1870 ms
Performance at tile_size (t2, t3, t4, t5) = (1, 256, 32, 1): 1825 ms
Performance at tile_size (t2, t3, t4, t5) = (1, 256, 32, 2): 1835 ms
Performance at tile_size (t2, t3, t4, t5) = (1, 256, 32, 4): 1831 ms
Performance at tile_size (t2, t3, t4, t5) = (1, 256, 32, 8): 1812 ms
Performance at tile_size (t2, t3, t4, t5) = (1, 256, 32, 16): 1804 ms
Performance at tile_size (t2, t3, t4, t5) = (1, 256, 32, 32): 1900 ms
Performance at tile_size (t2, t3, t4, t5) = (1, 256, 32, 64): 1770 ms
Performance at tile_size (t2, t3, t4, t5) = (1, 256, 32, 128): 1781 ms
Performance at tile_size (t2, t3, t4, t5) = (1, 256, 32, 256): 1785 ms
Performance at tile_size (t2, t3, t4, t5) = (1, 256, 64, 1): 1801 ms
Performance at tile_size (t2, t3, t4, t5) = (1, 256, 64, 2): 1890 ms
Performance at tile_size (t2, t3, t4, t5) = (1, 256, 64, 4): 1937 ms
Performance at tile_size (t2, t3, t4, t5) = (1, 256, 64, 8): 1786 ms
Performance at tile_size (t2, t3, t4, t5) = (1, 256, 64, 16): 1782 ms
Performance at tile_size (t2, t3, t4, t5) = (1, 256, 64, 32): 1830 ms
Performance at tile_size (t2, t3, t4, t5) = (1, 256, 64, 64): 1837 ms
Performance at tile_size (t2, t3, t4, t5) = (1, 256, 64, 128): 1887 ms
Performance at tile_size (t2, t3, t4, t5) = (1, 256, 64, 256): 1837 ms
Performance at tile_size (t2, t3, t4, t5) = (1, 256, 128, 1): 1863 ms
Performance at tile_size (t2, t3, t4, t5) = (1, 256, 128, 2): 1886 ms
Performance at tile_size (t2, t3, t4, t5) = (1, 256, 128, 4): 1845 ms
Performance at tile_size (t2, t3, t4, t5) = (1, 256, 128, 8): 1791 ms
Performance at tile_size (t2, t3, t4, t5) = (1, 256, 128, 16): 1779 ms
Performance at tile_size (t2, t3, t4, t5) = (1, 256, 128, 32): 1839 ms
Performance at tile_size (t2, t3, t4, t5) = (1, 256, 128, 64): 1822 ms
Performance at tile_size (t2, t3, t4, t5) = (1, 256, 128, 128): 1778 ms
Performance at tile_size (t2, t3, t4, t5) = (1, 256, 128, 256): 1873 ms
Performance at tile_size (t2, t3, t4, t5) = (1, 256, 256, 1): 1806 ms
Performance at tile_size (t2, t3, t4, t5) = (1, 256, 256, 2): 1871 ms
Performance at tile_size (t2, t3, t4, t5) = (1, 256, 256, 4): 1875 ms
Performance at tile_size (t2, t3, t4, t5) = (1, 256, 256, 8): 1932 ms
Performance at tile_size (t2, t3, t4, t5) = (1, 256, 256, 16): 1899 ms
Performance at tile_size (t2, t3, t4, t5) = (1, 256, 256, 32): 1836 ms
Performance at tile_size (t2, t3, t4, t5) = (1, 256, 256, 64): 1749 ms
Performance at tile_size (t2, t3, t4, t5) = (1, 256, 256, 128): 1770 ms
Performance at tile_size (t2, t3, t4, t5) = (1, 256, 256, 256): 1842 ms
Performance at tile_size (t2, t3, t4, t5) = (2, 1, 1, 1): 1771 ms
Performance at tile_size (t2, t3, t4, t5) = (2, 1, 1, 2): 1891 ms
Performance at tile_size (t2, t3, t4, t5) = (2, 1, 1, 4): 1912 ms
Performance at tile_size (t2, t3, t4, t5) = (2, 1, 1, 8): 1920 ms
Performance at tile_size (t2, t3, t4, t5) = (2, 1, 1, 16): 1899 ms
Performance at tile_size (t2, t3, t4, t5) = (2, 1, 1, 32): 1779 ms
Performance at tile_size (t2, t3, t4, t5) = (2, 1, 1, 64): 1822 ms
Performance at tile_size (t2, t3, t4, t5) = (2, 1, 1, 128): 1938 ms
Performance at tile_size (t2, t3, t4, t5) = (2, 1, 1, 256): 1824 ms
Performance at tile_size (t2, t3, t4, t5) = (2, 1, 2, 1): 1780 ms
Performance at tile_size (t2, t3, t4, t5) = (2, 1, 2, 2): 1890 ms
Performance at tile_size (t2, t3, t4, t5) = (2, 1, 2, 4): 1936 ms
Performance at tile_size (t2, t3, t4, t5) = (2, 1, 2, 8): 1847 ms
Performance at tile_size (t2, t3, t4, t5) = (2, 1, 2, 16): 1834 ms
Performance at tile_size (t2, t3, t4, t5) = (2, 1, 2, 32): 1869 ms
Performance at tile_size (t2, t3, t4, t5) = (2, 1, 2, 64): 1768 ms
Performance at tile_size (t2, t3, t4, t5) = (2, 1, 2, 128): 1809 ms
Performance at tile_size (t2, t3, t4, t5) = (2, 1, 2, 256): 1900 ms
Performance at tile_size (t2, t3, t4, t5) = (2, 1, 4, 1): 1779 ms
Performance at tile_size (t2, t3, t4, t5) = (2, 1, 4, 2): 1886 ms
Performance at tile_size (t2, t3, t4, t5) = (2, 1, 4, 4): 1791 ms
Performance at tile_size (t2, t3, t4, t5) = (2, 1, 4, 8): 1780 ms
Performance at tile_size (t2, t3, t4, t5) = (2, 1, 4, 16): 1816 ms
Performance at tile_size (t2, t3, t4, t5) = (2, 1, 4, 32): 1782 ms
Performance at tile_size (t2, t3, t4, t5) = (2, 1, 4, 64): 1818 ms
Performance at tile_size (t2, t3, t4, t5) = (2, 1, 4, 128): 1869 ms
Performance at tile_size (t2, t3, t4, t5) = (2, 1, 4, 256): 1848 ms
Performance at tile_size (t2, t3, t4, t5) = (2, 1, 8, 1): 1958 ms
Performance at tile_size (t2, t3, t4, t5) = (2, 1, 8, 2): 1850 ms
Performance at tile_size (t2, t3, t4, t5) = (2, 1, 8, 4): 1842 ms
Performance at tile_size (t2, t3, t4, t5) = (2, 1, 8, 8): 1853 ms
Performance at tile_size (t2, t3, t4, t5) = (2, 1, 8, 16): 1858 ms
Performance at tile_size (t2, t3, t4, t5) = (2, 1, 8, 32): 1799 ms
Performance at tile_size (t2, t3, t4, t5) = (2, 1, 8, 64): 1813 ms
Performance at tile_size (t2, t3, t4, t5) = (2, 1, 8, 128): 1894 ms
Performance at tile_size (t2, t3, t4, t5) = (2, 1, 8, 256): 1811 ms
Performance at tile_size (t2, t3, t4, t5) = (2, 1, 16, 1): 1846 ms
Performance at tile_size (t2, t3, t4, t5) = (2, 1, 16, 2): 1772 ms
Performance at tile_size (t2, t3, t4, t5) = (2, 1, 16, 4): 1853 ms
Performance at tile_size (t2, t3, t4, t5) = (2, 1, 16, 8): 1794 ms
Performance at tile_size (t2, t3, t4, t5) = (2, 1, 16, 16): 1795 ms
Performance at tile_size (t2, t3, t4, t5) = (2, 1, 16, 32): 1766 ms
Performance at tile_size (t2, t3, t4, t5) = (2, 1, 16, 64): 1858 ms
Performance at tile_size (t2, t3, t4, t5) = (2, 1, 16, 128): 1840 ms
Performance at tile_size (t2, t3, t4, t5) = (2, 1, 16, 256): 1880 ms
Performance at tile_size (t2, t3, t4, t5) = (2, 1, 32, 1): 1878 ms
Performance at tile_size (t2, t3, t4, t5) = (2, 1, 32, 2): 1907 ms
Performance at tile_size (t2, t3, t4, t5) = (2, 1, 32, 4): 1850 ms
Performance at tile_size (t2, t3, t4, t5) = (2, 1, 32, 8): 1923 ms
Performance at tile_size (t2, t3, t4, t5) = (2, 1, 32, 16): 1888 ms
Performance at tile_size (t2, t3, t4, t5) = (2, 1, 32, 32): 1840 ms
Performance at tile_size (t2, t3, t4, t5) = (2, 1, 32, 64): 1872 ms
Performance at tile_size (t2, t3, t4, t5) = (2, 1, 32, 128): 1833 ms
Performance at tile_size (t2, t3, t4, t5) = (2, 1, 32, 256): 1861 ms
Performance at tile_size (t2, t3, t4, t5) = (2, 1, 64, 1): 1798 ms
Performance at tile_size (t2, t3, t4, t5) = (2, 1, 64, 2): 1816 ms
Performance at tile_size (t2, t3, t4, t5) = (2, 1, 64, 4): 1899 ms
Performance at tile_size (t2, t3, t4, t5) = (2, 1, 64, 8): 1889 ms
Performance at tile_size (t2, t3, t4, t5) = (2, 1, 64, 16): 1883 ms
Performance at tile_size (t2, t3, t4, t5) = (2, 1, 64, 32): 1881 ms
Performance at tile_size (t2, t3, t4, t5) = (2, 1, 64, 64): 1923 ms
Performance at tile_size (t2, t3, t4, t5) = (2, 1, 64, 128): 1843 ms
Performance at tile_size (t2, t3, t4, t5) = (2, 1, 64, 256): 1796 ms
Performance at tile_size (t2, t3, t4, t5) = (2, 1, 128, 1): 1772 ms
Performance at tile_size (t2, t3, t4, t5) = (2, 1, 128, 2): 1866 ms
Performance at tile_size (t2, t3, t4, t5) = (2, 1, 128, 4): 1869 ms
Performance at tile_size (t2, t3, t4, t5) = (2, 1, 128, 8): 1867 ms
Performance at tile_size (t2, t3, t4, t5) = (2, 1, 128, 16): 1811 ms
Performance at tile_size (t2, t3, t4, t5) = (2, 1, 128, 32): 1798 ms
Performance at tile_size (t2, t3, t4, t5) = (2, 1, 128, 64): 1836 ms
Performance at tile_size (t2, t3, t4, t5) = (2, 1, 128, 128): 1855 ms
Performance at tile_size (t2, t3, t4, t5) = (2, 1, 128, 256): 1747 ms
Performance at tile_size (t2, t3, t4, t5) = (2, 1, 256, 1): 1793 ms
Performance at tile_size (t2, t3, t4, t5) = (2, 1, 256, 2): 1802 ms
Performance at tile_size (t2, t3, t4, t5) = (2, 1, 256, 4): 1785 ms
Performance at tile_size (t2, t3, t4, t5) = (2, 1, 256, 8): 1891 ms
Performance at tile_size (t2, t3, t4, t5) = (2, 1, 256, 16): 1788 ms
Performance at tile_size (t2, t3, t4, t5) = (2, 1, 256, 32): 1792 ms
Performance at tile_size (t2, t3, t4, t5) = (2, 1, 256, 64): 1845 ms
Performance at tile_size (t2, t3, t4, t5) = (2, 1, 256, 128): 1917 ms
Performance at tile_size (t2, t3, t4, t5) = (2, 1, 256, 256): 1880 ms
Performance at tile_size (t2, t3, t4, t5) = (2, 2, 1, 1): 1756 ms
Performance at tile_size (t2, t3, t4, t5) = (2, 2, 1, 2): 1909 ms
Performance at tile_size (t2, t3, t4, t5) = (2, 2, 1, 4): 1876 ms
Performance at tile_size (t2, t3, t4, t5) = (2, 2, 1, 8): 1858 ms
Performance at tile_size (t2, t3, t4, t5) = (2, 2, 1, 16): 1865 ms
Performance at tile_size (t2, t3, t4, t5) = (2, 2, 1, 32): 1789 ms
Performance at tile_size (t2, t3, t4, t5) = (2, 2, 1, 64): 1805 ms
Performance at tile_size (t2, t3, t4, t5) = (2, 2, 1, 128): 1808 ms
Performance at tile_size (t2, t3, t4, t5) = (2, 2, 1, 256): 1780 ms
Performance at tile_size (t2, t3, t4, t5) = (2, 2, 2, 1): 1865 ms
Performance at tile_size (t2, t3, t4, t5) = (2, 2, 2, 2): 1738 ms
Performance at tile_size (t2, t3, t4, t5) = (2, 2, 2, 4): 1808 ms
Performance at tile_size (t2, t3, t4, t5) = (2, 2, 2, 8): 1779 ms
Performance at tile_size (t2, t3, t4, t5) = (2, 2, 2, 16): 1872 ms
Performance at tile_size (t2, t3, t4, t5) = (2, 2, 2, 32): 1766 ms
Performance at tile_size (t2, t3, t4, t5) = (2, 2, 2, 64): 1774 ms
Performance at tile_size (t2, t3, t4, t5) = (2, 2, 2, 128): 1897 ms
Performance at tile_size (t2, t3, t4, t5) = (2, 2, 2, 256): 1801 ms
Performance at tile_size (t2, t3, t4, t5) = (2, 2, 4, 1): 1922 ms
Performance at tile_size (t2, t3, t4, t5) = (2, 2, 4, 2): 1817 ms
Performance at tile_size (t2, t3, t4, t5) = (2, 2, 4, 4): 1800 ms
Performance at tile_size (t2, t3, t4, t5) = (2, 2, 4, 8): 1907 ms
Performance at tile_size (t2, t3, t4, t5) = (2, 2, 4, 16): 1824 ms
Performance at tile_size (t2, t3, t4, t5) = (2, 2, 4, 32): 1778 ms
Performance at tile_size (t2, t3, t4, t5) = (2, 2, 4, 64): 1753 ms
Performance at tile_size (t2, t3, t4, t5) = (2, 2, 4, 128): 1799 ms
Performance at tile_size (t2, t3, t4, t5) = (2, 2, 4, 256): 1889 ms
Performance at tile_size (t2, t3, t4, t5) = (2, 2, 8, 1): 1884 ms
Performance at tile_size (t2, t3, t4, t5) = (2, 2, 8, 2): 1840 ms
Performance at tile_size (t2, t3, t4, t5) = (2, 2, 8, 4): 1879 ms
Performance at tile_size (t2, t3, t4, t5) = (2, 2, 8, 8): 1768 ms
Performance at tile_size (t2, t3, t4, t5) = (2, 2, 8, 16): 1797 ms
Performance at tile_size (t2, t3, t4, t5) = (2, 2, 8, 32): 1840 ms
Performance at tile_size (t2, t3, t4, t5) = (2, 2, 8, 64): 1876 ms
Performance at tile_size (t2, t3, t4, t5) = (2, 2, 8, 128): 1852 ms
Performance at tile_size (t2, t3, t4, t5) = (2, 2, 8, 256): 1820 ms
Performance at tile_size (t2, t3, t4, t5) = (2, 2, 16, 1): 1778 ms
Performance at tile_size (t2, t3, t4, t5) = (2, 2, 16, 2): 1786 ms
Performance at tile_size (t2, t3, t4, t5) = (2, 2, 16, 4): 1776 ms
Performance at tile_size (t2, t3, t4, t5) = (2, 2, 16, 8): 1853 ms
Performance at tile_size (t2, t3, t4, t5) = (2, 2, 16, 16): 1806 ms
Performance at tile_size (t2, t3, t4, t5) = (2, 2, 16, 32): 1860 ms
Performance at tile_size (t2, t3, t4, t5) = (2, 2, 16, 64): 1863 ms
Performance at tile_size (t2, t3, t4, t5) = (2, 2, 16, 128): 1767 ms
Performance at tile_size (t2, t3, t4, t5) = (2, 2, 16, 256): 1799 ms
Performance at tile_size (t2, t3, t4, t5) = (2, 2, 32, 1): 1834 ms
Performance at tile_size (t2, t3, t4, t5) = (2, 2, 32, 2): 1712 ms
Performance at tile_size (t2, t3, t4, t5) = (2, 2, 32, 4): 1794 ms
Performance at tile_size (t2, t3, t4, t5) = (2, 2, 32, 8): 1765 ms
Performance at tile_size (t2, t3, t4, t5) = (2, 2, 32, 16): 1709 ms
Performance at tile_size (t2, t3, t4, t5) = (2, 2, 32, 32): 1836 ms
Performance at tile_size (t2, t3, t4, t5) = (2, 2, 32, 64): 1762 ms
Performance at tile_size (t2, t3, t4, t5) = (2, 2, 32, 128): 1864 ms
Performance at tile_size (t2, t3, t4, t5) = (2, 2, 32, 256): 1875 ms
Performance at tile_size (t2, t3, t4, t5) = (2, 2, 64, 1): 1892 ms
Performance at tile_size (t2, t3, t4, t5) = (2, 2, 64, 2): 1874 ms
Performance at tile_size (t2, t3, t4, t5) = (2, 2, 64, 4): 1791 ms
Performance at tile_size (t2, t3, t4, t5) = (2, 2, 64, 8): 1794 ms
Performance at tile_size (t2, t3, t4, t5) = (2, 2, 64, 16): 1861 ms
Performance at tile_size (t2, t3, t4, t5) = (2, 2, 64, 32): 1800 ms
Performance at tile_size (t2, t3, t4, t5) = (2, 2, 64, 64): 1802 ms
Performance at tile_size (t2, t3, t4, t5) = (2, 2, 64, 128): 1888 ms
Performance at tile_size (t2, t3, t4, t5) = (2, 2, 64, 256): 1791 ms
Performance at tile_size (t2, t3, t4, t5) = (2, 2, 128, 1): 1804 ms
Performance at tile_size (t2, t3, t4, t5) = (2, 2, 128, 2): 1852 ms
Performance at tile_size (t2, t3, t4, t5) = (2, 2, 128, 4): 1800 ms
Performance at tile_size (t2, t3, t4, t5) = (2, 2, 128, 8): 1793 ms
Performance at tile_size (t2, t3, t4, t5) = (2, 2, 128, 16): 1765 ms
Performance at tile_size (t2, t3, t4, t5) = (2, 2, 128, 32): 1805 ms
Performance at tile_size (t2, t3, t4, t5) = (2, 2, 128, 64): 1787 ms
Performance at tile_size (t2, t3, t4, t5) = (2, 2, 128, 128): 1800 ms
Performance at tile_size (t2, t3, t4, t5) = (2, 2, 128, 256): 1834 ms
Performance at tile_size (t2, t3, t4, t5) = (2, 2, 256, 1): 1836 ms
Performance at tile_size (t2, t3, t4, t5) = (2, 2, 256, 2): 1841 ms
Performance at tile_size (t2, t3, t4, t5) = (2, 2, 256, 4): 1832 ms
Performance at tile_size (t2, t3, t4, t5) = (2, 2, 256, 8): 1774 ms
Performance at tile_size (t2, t3, t4, t5) = (2, 2, 256, 16): 1851 ms
Performance at tile_size (t2, t3, t4, t5) = (2, 2, 256, 32): 1808 ms
Performance at tile_size (t2, t3, t4, t5) = (2, 2, 256, 64): 1741 ms
Performance at tile_size (t2, t3, t4, t5) = (2, 2, 256, 128): 1836 ms
Performance at tile_size (t2, t3, t4, t5) = (2, 2, 256, 256): 1718 ms
Performance at tile_size (t2, t3, t4, t5) = (2, 4, 1, 1): 1764 ms
Performance at tile_size (t2, t3, t4, t5) = (2, 4, 1, 2): 1831 ms
Performance at tile_size (t2, t3, t4, t5) = (2, 4, 1, 4): 1808 ms
Performance at tile_size (t2, t3, t4, t5) = (2, 4, 1, 8): 1782 ms
Performance at tile_size (t2, t3, t4, t5) = (2, 4, 1, 16): 1769 ms
Performance at tile_size (t2, t3, t4, t5) = (2, 4, 1, 32): 1793 ms
Performance at tile_size (t2, t3, t4, t5) = (2, 4, 1, 64): 1789 ms
Performance at tile_size (t2, t3, t4, t5) = (2, 4, 1, 128): 1803 ms
Performance at tile_size (t2, t3, t4, t5) = (2, 4, 1, 256): 1859 ms
Performance at tile_size (t2, t3, t4, t5) = (2, 4, 2, 1): 1783 ms
Performance at tile_size (t2, t3, t4, t5) = (2, 4, 2, 2): 1882 ms
Performance at tile_size (t2, t3, t4, t5) = (2, 4, 2, 4): 1796 ms
Performance at tile_size (t2, t3, t4, t5) = (2, 4, 2, 8): 1791 ms
Performance at tile_size (t2, t3, t4, t5) = (2, 4, 2, 16): 1854 ms
Performance at tile_size (t2, t3, t4, t5) = (2, 4, 2, 32): 1754 ms
Performance at tile_size (t2, t3, t4, t5) = (2, 4, 2, 64): 1779 ms
Performance at tile_size (t2, t3, t4, t5) = (2, 4, 2, 128): 1852 ms
Performance at tile_size (t2, t3, t4, t5) = (2, 4, 2, 256): 1803 ms
Performance at tile_size (t2, t3, t4, t5) = (2, 4, 4, 1): 1852 ms
Performance at tile_size (t2, t3, t4, t5) = (2, 4, 4, 2): 1842 ms
Performance at tile_size (t2, t3, t4, t5) = (2, 4, 4, 4): 1902 ms
Performance at tile_size (t2, t3, t4, t5) = (2, 4, 4, 8): 1915 ms
Performance at tile_size (t2, t3, t4, t5) = (2, 4, 4, 16): 1851 ms
Performance at tile_size (t2, t3, t4, t5) = (2, 4, 4, 32): 1785 ms
Performance at tile_size (t2, t3, t4, t5) = (2, 4, 4, 64): 1846 ms
Performance at tile_size (t2, t3, t4, t5) = (2, 4, 4, 128): 1794 ms
Performance at tile_size (t2, t3, t4, t5) = (2, 4, 4, 256): 1865 ms
Performance at tile_size (t2, t3, t4, t5) = (2, 4, 8, 1): 1784 ms
Performance at tile_size (t2, t3, t4, t5) = (2, 4, 8, 2): 1802 ms
Performance at tile_size (t2, t3, t4, t5) = (2, 4, 8, 4): 1778 ms
Performance at tile_size (t2, t3, t4, t5) = (2, 4, 8, 8): 1890 ms
Performance at tile_size (t2, t3, t4, t5) = (2, 4, 8, 16): 1808 ms
Performance at tile_size (t2, t3, t4, t5) = (2, 4, 8, 32): 1874 ms
Performance at tile_size (t2, t3, t4, t5) = (2, 4, 8, 64): 1788 ms
Performance at tile_size (t2, t3, t4, t5) = (2, 4, 8, 128): 1839 ms
Performance at tile_size (t2, t3, t4, t5) = (2, 4, 8, 256): 1867 ms
Performance at tile_size (t2, t3, t4, t5) = (2, 4, 16, 1): 1879 ms
Performance at tile_size (t2, t3, t4, t5) = (2, 4, 16, 2): 1937 ms
Performance at tile_size (t2, t3, t4, t5) = (2, 4, 16, 4): 1901 ms
Performance at tile_size (t2, t3, t4, t5) = (2, 4, 16, 8): 1858 ms
Performance at tile_size (t2, t3, t4, t5) = (2, 4, 16, 16): 1795 ms
Performance at tile_size (t2, t3, t4, t5) = (2, 4, 16, 32): 1846 ms
Performance at tile_size (t2, t3, t4, t5) = (2, 4, 16, 64): 1893 ms
Performance at tile_size (t2, t3, t4, t5) = (2, 4, 16, 128): 1882 ms
Performance at tile_size (t2, t3, t4, t5) = (2, 4, 16, 256): 1934 ms
Performance at tile_size (t2, t3, t4, t5) = (2, 4, 32, 1): 1743 ms
Performance at tile_size (t2, t3, t4, t5) = (2, 4, 32, 2): 1842 ms
Performance at tile_size (t2, t3, t4, t5) = (2, 4, 32, 4): 1817 ms
Performance at tile_size (t2, t3, t4, t5) = (2, 4, 32, 8): 1850 ms
Performance at tile_size (t2, t3, t4, t5) = (2, 4, 32, 16): 1840 ms
Performance at tile_size (t2, t3, t4, t5) = (2, 4, 32, 32): 1843 ms
Performance at tile_size (t2, t3, t4, t5) = (2, 4, 32, 64): 1850 ms
Performance at tile_size (t2, t3, t4, t5) = (2, 4, 32, 128): 1834 ms
Performance at tile_size (t2, t3, t4, t5) = (2, 4, 32, 256): 1862 ms
Performance at tile_size (t2, t3, t4, t5) = (2, 4, 64, 1): 1858 ms
Performance at tile_size (t2, t3, t4, t5) = (2, 4, 64, 2): 1788 ms
Performance at tile_size (t2, t3, t4, t5) = (2, 4, 64, 4): 1826 ms
Performance at tile_size (t2, t3, t4, t5) = (2, 4, 64, 8): 1759 ms
Performance at tile_size (t2, t3, t4, t5) = (2, 4, 64, 16): 1770 ms
Performance at tile_size (t2, t3, t4, t5) = (2, 4, 64, 32): 1770 ms
Performance at tile_size (t2, t3, t4, t5) = (2, 4, 64, 64): 1781 ms
Performance at tile_size (t2, t3, t4, t5) = (2, 4, 64, 128): 1841 ms
Performance at tile_size (t2, t3, t4, t5) = (2, 4, 64, 256): 1939 ms
Performance at tile_size (t2, t3, t4, t5) = (2, 4, 128, 1): 1849 ms
Performance at tile_size (t2, t3, t4, t5) = (2, 4, 128, 2): 1761 ms
Performance at tile_size (t2, t3, t4, t5) = (2, 4, 128, 4): 1795 ms
Performance at tile_size (t2, t3, t4, t5) = (2, 4, 128, 8): 1869 ms
Performance at tile_size (t2, t3, t4, t5) = (2, 4, 128, 16): 1841 ms
Performance at tile_size (t2, t3, t4, t5) = (2, 4, 128, 32): 1889 ms
Performance at tile_size (t2, t3, t4, t5) = (2, 4, 128, 64): 1823 ms
Performance at tile_size (t2, t3, t4, t5) = (2, 4, 128, 128): 1795 ms
Performance at tile_size (t2, t3, t4, t5) = (2, 4, 128, 256): 1822 ms
Performance at tile_size (t2, t3, t4, t5) = (2, 4, 256, 1): 1777 ms
Performance at tile_size (t2, t3, t4, t5) = (2, 4, 256, 2): 1770 ms
Performance at tile_size (t2, t3, t4, t5) = (2, 4, 256, 4): 1790 ms
Performance at tile_size (t2, t3, t4, t5) = (2, 4, 256, 8): 1761 ms
Performance at tile_size (t2, t3, t4, t5) = (2, 4, 256, 16): 1756 ms
Performance at tile_size (t2, t3, t4, t5) = (2, 4, 256, 32): 1778 ms
Performance at tile_size (t2, t3, t4, t5) = (2, 4, 256, 64): 1803 ms
Performance at tile_size (t2, t3, t4, t5) = (2, 4, 256, 128): 1788 ms
Performance at tile_size (t2, t3, t4, t5) = (2, 4, 256, 256): 1795 ms
Performance at tile_size (t2, t3, t4, t5) = (2, 8, 1, 1): 1760 ms
Performance at tile_size (t2, t3, t4, t5) = (2, 8, 1, 2): 1799 ms
Performance at tile_size (t2, t3, t4, t5) = (2, 8, 1, 4): 1781 ms
Performance at tile_size (t2, t3, t4, t5) = (2, 8, 1, 8): 1941 ms
Performance at tile_size (t2, t3, t4, t5) = (2, 8, 1, 16): 1885 ms
Performance at tile_size (t2, t3, t4, t5) = (2, 8, 1, 32): 1856 ms
Performance at tile_size (t2, t3, t4, t5) = (2, 8, 1, 64): 1923 ms
Performance at tile_size (t2, t3, t4, t5) = (2, 8, 1, 128): 1878 ms
Performance at tile_size (t2, t3, t4, t5) = (2, 8, 1, 256): 1787 ms
Performance at tile_size (t2, t3, t4, t5) = (2, 8, 2, 1): 1758 ms
Performance at tile_size (t2, t3, t4, t5) = (2, 8, 2, 2): 1756 ms
Performance at tile_size (t2, t3, t4, t5) = (2, 8, 2, 4): 1759 ms
Performance at tile_size (t2, t3, t4, t5) = (2, 8, 2, 8): 1791 ms
Performance at tile_size (t2, t3, t4, t5) = (2, 8, 2, 16): 1798 ms
Performance at tile_size (t2, t3, t4, t5) = (2, 8, 2, 32): 1876 ms
Performance at tile_size (t2, t3, t4, t5) = (2, 8, 2, 64): 1808 ms
Performance at tile_size (t2, t3, t4, t5) = (2, 8, 2, 128): 1782 ms
Performance at tile_size (t2, t3, t4, t5) = (2, 8, 2, 256): 1838 ms
Performance at tile_size (t2, t3, t4, t5) = (2, 8, 4, 1): 1788 ms
Performance at tile_size (t2, t3, t4, t5) = (2, 8, 4, 2): 1848 ms
Performance at tile_size (t2, t3, t4, t5) = (2, 8, 4, 4): 1817 ms
Performance at tile_size (t2, t3, t4, t5) = (2, 8, 4, 8): 1799 ms
Performance at tile_size (t2, t3, t4, t5) = (2, 8, 4, 16): 1836 ms
Performance at tile_size (t2, t3, t4, t5) = (2, 8, 4, 32): 1781 ms
Performance at tile_size (t2, t3, t4, t5) = (2, 8, 4, 64): 1793 ms
Performance at tile_size (t2, t3, t4, t5) = (2, 8, 4, 128): 1774 ms
Performance at tile_size (t2, t3, t4, t5) = (2, 8, 4, 256): 1855 ms
Performance at tile_size (t2, t3, t4, t5) = (2, 8, 8, 1): 1791 ms
Performance at tile_size (t2, t3, t4, t5) = (2, 8, 8, 2): 1830 ms
Performance at tile_size (t2, t3, t4, t5) = (2, 8, 8, 4): 1765 ms
Performance at tile_size (t2, t3, t4, t5) = (2, 8, 8, 8): 1874 ms
Performance at tile_size (t2, t3, t4, t5) = (2, 8, 8, 16): 1809 ms
Performance at tile_size (t2, t3, t4, t5) = (2, 8, 8, 32): 1791 ms
Performance at tile_size (t2, t3, t4, t5) = (2, 8, 8, 64): 1825 ms
Performance at tile_size (t2, t3, t4, t5) = (2, 8, 8, 128): 1790 ms
Performance at tile_size (t2, t3, t4, t5) = (2, 8, 8, 256): 1791 ms
Performance at tile_size (t2, t3, t4, t5) = (2, 8, 16, 1): 1861 ms
Performance at tile_size (t2, t3, t4, t5) = (2, 8, 16, 2): 1844 ms
Performance at tile_size (t2, t3, t4, t5) = (2, 8, 16, 4): 1799 ms
Performance at tile_size (t2, t3, t4, t5) = (2, 8, 16, 8): 1862 ms
Performance at tile_size (t2, t3, t4, t5) = (2, 8, 16, 16): 1840 ms
Performance at tile_size (t2, t3, t4, t5) = (2, 8, 16, 32): 1861 ms
Performance at tile_size (t2, t3, t4, t5) = (2, 8, 16, 64): 1789 ms
Performance at tile_size (t2, t3, t4, t5) = (2, 8, 16, 128): 1849 ms
Performance at tile_size (t2, t3, t4, t5) = (2, 8, 16, 256): 1743 ms
Performance at tile_size (t2, t3, t4, t5) = (2, 8, 32, 1): 1819 ms
Performance at tile_size (t2, t3, t4, t5) = (2, 8, 32, 2): 1791 ms
Performance at tile_size (t2, t3, t4, t5) = (2, 8, 32, 4): 1792 ms
Performance at tile_size (t2, t3, t4, t5) = (2, 8, 32, 8): 1783 ms
Performance at tile_size (t2, t3, t4, t5) = (2, 8, 32, 16): 1853 ms
Performance at tile_size (t2, t3, t4, t5) = (2, 8, 32, 32): 1807 ms
Performance at tile_size (t2, t3, t4, t5) = (2, 8, 32, 64): 1885 ms
Performance at tile_size (t2, t3, t4, t5) = (2, 8, 32, 128): 1826 ms
Performance at tile_size (t2, t3, t4, t5) = (2, 8, 32, 256): 1807 ms
Performance at tile_size (t2, t3, t4, t5) = (2, 8, 64, 1): 1805 ms
Performance at tile_size (t2, t3, t4, t5) = (2, 8, 64, 2): 1781 ms
Performance at tile_size (t2, t3, t4, t5) = (2, 8, 64, 4): 1802 ms
Performance at tile_size (t2, t3, t4, t5) = (2, 8, 64, 8): 1781 ms
Performance at tile_size (t2, t3, t4, t5) = (2, 8, 64, 16): 1830 ms
Performance at tile_size (t2, t3, t4, t5) = (2, 8, 64, 32): 1773 ms
Performance at tile_size (t2, t3, t4, t5) = (2, 8, 64, 64): 1829 ms
Performance at tile_size (t2, t3, t4, t5) = (2, 8, 64, 128): 1846 ms
Performance at tile_size (t2, t3, t4, t5) = (2, 8, 64, 256): 1804 ms
Performance at tile_size (t2, t3, t4, t5) = (2, 8, 128, 1): 1793 ms
Performance at tile_size (t2, t3, t4, t5) = (2, 8, 128, 2): 1806 ms
Performance at tile_size (t2, t3, t4, t5) = (2, 8, 128, 4): 1807 ms
Performance at tile_size (t2, t3, t4, t5) = (2, 8, 128, 8): 1839 ms
Performance at tile_size (t2, t3, t4, t5) = (2, 8, 128, 16): 1786 ms
Performance at tile_size (t2, t3, t4, t5) = (2, 8, 128, 32): 1801 ms
Performance at tile_size (t2, t3, t4, t5) = (2, 8, 128, 64): 1798 ms
Performance at tile_size (t2, t3, t4, t5) = (2, 8, 128, 128): 1840 ms
Performance at tile_size (t2, t3, t4, t5) = (2, 8, 128, 256): 1800 ms
Performance at tile_size (t2, t3, t4, t5) = (2, 8, 256, 1): 1781 ms
Performance at tile_size (t2, t3, t4, t5) = (2, 8, 256, 2): 1779 ms
Performance at tile_size (t2, t3, t4, t5) = (2, 8, 256, 4): 1780 ms
Performance at tile_size (t2, t3, t4, t5) = (2, 8, 256, 8): 1830 ms
Performance at tile_size (t2, t3, t4, t5) = (2, 8, 256, 16): 1795 ms
Performance at tile_size (t2, t3, t4, t5) = (2, 8, 256, 32): 1860 ms
Performance at tile_size (t2, t3, t4, t5) = (2, 8, 256, 64): 1867 ms
Performance at tile_size (t2, t3, t4, t5) = (2, 8, 256, 128): 1780 ms
Performance at tile_size (t2, t3, t4, t5) = (2, 8, 256, 256): 1832 ms
Performance at tile_size (t2, t3, t4, t5) = (2, 16, 1, 1): 1801 ms
Performance at tile_size (t2, t3, t4, t5) = (2, 16, 1, 2): 1818 ms
Performance at tile_size (t2, t3, t4, t5) = (2, 16, 1, 4): 1777 ms
Performance at tile_size (t2, t3, t4, t5) = (2, 16, 1, 8): 1830 ms
Performance at tile_size (t2, t3, t4, t5) = (2, 16, 1, 16): 1861 ms
Performance at tile_size (t2, t3, t4, t5) = (2, 16, 1, 32): 1788 ms
Performance at tile_size (t2, t3, t4, t5) = (2, 16, 1, 64): 1807 ms
Performance at tile_size (t2, t3, t4, t5) = (2, 16, 1, 128): 1785 ms
Performance at tile_size (t2, t3, t4, t5) = (2, 16, 1, 256): 1795 ms
Performance at tile_size (t2, t3, t4, t5) = (2, 16, 2, 1): 1807 ms
Performance at tile_size (t2, t3, t4, t5) = (2, 16, 2, 2): 1804 ms
Performance at tile_size (t2, t3, t4, t5) = (2, 16, 2, 4): 1806 ms
Performance at tile_size (t2, t3, t4, t5) = (2, 16, 2, 8): 1826 ms
Performance at tile_size (t2, t3, t4, t5) = (2, 16, 2, 16): 1767 ms
Performance at tile_size (t2, t3, t4, t5) = (2, 16, 2, 32): 1777 ms
Performance at tile_size (t2, t3, t4, t5) = (2, 16, 2, 64): 1765 ms
Performance at tile_size (t2, t3, t4, t5) = (2, 16, 2, 128): 1763 ms
Performance at tile_size (t2, t3, t4, t5) = (2, 16, 2, 256): 1790 ms
Performance at tile_size (t2, t3, t4, t5) = (2, 16, 4, 1): 1830 ms
Performance at tile_size (t2, t3, t4, t5) = (2, 16, 4, 2): 1796 ms
Performance at tile_size (t2, t3, t4, t5) = (2, 16, 4, 4): 1799 ms
Performance at tile_size (t2, t3, t4, t5) = (2, 16, 4, 8): 1812 ms
Performance at tile_size (t2, t3, t4, t5) = (2, 16, 4, 16): 1822 ms
Performance at tile_size (t2, t3, t4, t5) = (2, 16, 4, 32): 1785 ms
Performance at tile_size (t2, t3, t4, t5) = (2, 16, 4, 64): 1804 ms
Performance at tile_size (t2, t3, t4, t5) = (2, 16, 4, 128): 1832 ms
Performance at tile_size (t2, t3, t4, t5) = (2, 16, 4, 256): 1809 ms
Performance at tile_size (t2, t3, t4, t5) = (2, 16, 8, 1): 1851 ms
Performance at tile_size (t2, t3, t4, t5) = (2, 16, 8, 2): 1789 ms
Performance at tile_size (t2, t3, t4, t5) = (2, 16, 8, 4): 1826 ms
Performance at tile_size (t2, t3, t4, t5) = (2, 16, 8, 8): 1788 ms
Performance at tile_size (t2, t3, t4, t5) = (2, 16, 8, 16): 1780 ms
Performance at tile_size (t2, t3, t4, t5) = (2, 16, 8, 32): 1928 ms
Performance at tile_size (t2, t3, t4, t5) = (2, 16, 8, 64): 1830 ms
Performance at tile_size (t2, t3, t4, t5) = (2, 16, 8, 128): 1819 ms
Performance at tile_size (t2, t3, t4, t5) = (2, 16, 8, 256): 1843 ms
Performance at tile_size (t2, t3, t4, t5) = (2, 16, 16, 1): 1791 ms
Performance at tile_size (t2, t3, t4, t5) = (2, 16, 16, 2): 1706 ms
Performance at tile_size (t2, t3, t4, t5) = (2, 16, 16, 4): 1804 ms
Performance at tile_size (t2, t3, t4, t5) = (2, 16, 16, 8): 1820 ms
Performance at tile_size (t2, t3, t4, t5) = (2, 16, 16, 16): 1755 ms
Performance at tile_size (t2, t3, t4, t5) = (2, 16, 16, 32): 1816 ms
Performance at tile_size (t2, t3, t4, t5) = (2, 16, 16, 64): 1752 ms
Performance at tile_size (t2, t3, t4, t5) = (2, 16, 16, 128): 1784 ms
Performance at tile_size (t2, t3, t4, t5) = (2, 16, 16, 256): 1771 ms
Performance at tile_size (t2, t3, t4, t5) = (2, 16, 32, 1): 1814 ms
Performance at tile_size (t2, t3, t4, t5) = (2, 16, 32, 2): 1782 ms
Performance at tile_size (t2, t3, t4, t5) = (2, 16, 32, 4): 1795 ms
Performance at tile_size (t2, t3, t4, t5) = (2, 16, 32, 8): 1805 ms
Performance at tile_size (t2, t3, t4, t5) = (2, 16, 32, 16): 1833 ms
Performance at tile_size (t2, t3, t4, t5) = (2, 16, 32, 32): 1779 ms
Performance at tile_size (t2, t3, t4, t5) = (2, 16, 32, 64): 1892 ms
Performance at tile_size (t2, t3, t4, t5) = (2, 16, 32, 128): 1793 ms
Performance at tile_size (t2, t3, t4, t5) = (2, 16, 32, 256): 1774 ms
Performance at tile_size (t2, t3, t4, t5) = (2, 16, 64, 1): 1791 ms
Performance at tile_size (t2, t3, t4, t5) = (2, 16, 64, 2): 1801 ms
Performance at tile_size (t2, t3, t4, t5) = (2, 16, 64, 4): 1867 ms
Performance at tile_size (t2, t3, t4, t5) = (2, 16, 64, 8): 1832 ms
Performance at tile_size (t2, t3, t4, t5) = (2, 16, 64, 16): 1823 ms
Performance at tile_size (t2, t3, t4, t5) = (2, 16, 64, 32): 1865 ms
Performance at tile_size (t2, t3, t4, t5) = (2, 16, 64, 64): 1755 ms
Performance at tile_size (t2, t3, t4, t5) = (2, 16, 64, 128): 1812 ms
Performance at tile_size (t2, t3, t4, t5) = (2, 16, 64, 256): 1803 ms
Performance at tile_size (t2, t3, t4, t5) = (2, 16, 128, 1): 1826 ms
Performance at tile_size (t2, t3, t4, t5) = (2, 16, 128, 2): 1822 ms
Performance at tile_size (t2, t3, t4, t5) = (2, 16, 128, 4): 1833 ms
Performance at tile_size (t2, t3, t4, t5) = (2, 16, 128, 8): 1842 ms
Performance at tile_size (t2, t3, t4, t5) = (2, 16, 128, 16): 1939 ms
Performance at tile_size (t2, t3, t4, t5) = (2, 16, 128, 32): 1922 ms
Performance at tile_size (t2, t3, t4, t5) = (2, 16, 128, 64): 1822 ms
Performance at tile_size (t2, t3, t4, t5) = (2, 16, 128, 128): 1795 ms
Performance at tile_size (t2, t3, t4, t5) = (2, 16, 128, 256): 1778 ms
Performance at tile_size (t2, t3, t4, t5) = (2, 16, 256, 1): 1732 ms
Performance at tile_size (t2, t3, t4, t5) = (2, 16, 256, 2): 1785 ms
Performance at tile_size (t2, t3, t4, t5) = (2, 16, 256, 4): 1773 ms
Performance at tile_size (t2, t3, t4, t5) = (2, 16, 256, 8): 1779 ms
Performance at tile_size (t2, t3, t4, t5) = (2, 16, 256, 16): 1756 ms
Performance at tile_size (t2, t3, t4, t5) = (2, 16, 256, 32): 1832 ms
Performance at tile_size (t2, t3, t4, t5) = (2, 16, 256, 64): 1798 ms
Performance at tile_size (t2, t3, t4, t5) = (2, 16, 256, 128): 1797 ms
Performance at tile_size (t2, t3, t4, t5) = (2, 16, 256, 256): 1803 ms
Performance at tile_size (t2, t3, t4, t5) = (2, 32, 1, 1): 1840 ms
Performance at tile_size (t2, t3, t4, t5) = (2, 32, 1, 2): 1771 ms
Performance at tile_size (t2, t3, t4, t5) = (2, 32, 1, 4): 1837 ms
Performance at tile_size (t2, t3, t4, t5) = (2, 32, 1, 8): 1856 ms
Performance at tile_size (t2, t3, t4, t5) = (2, 32, 1, 16): 1807 ms
Performance at tile_size (t2, t3, t4, t5) = (2, 32, 1, 32): 1854 ms
Performance at tile_size (t2, t3, t4, t5) = (2, 32, 1, 64): 1832 ms
Performance at tile_size (t2, t3, t4, t5) = (2, 32, 1, 128): 1834 ms
Performance at tile_size (t2, t3, t4, t5) = (2, 32, 1, 256): 1776 ms
Performance at tile_size (t2, t3, t4, t5) = (2, 32, 2, 1): 1810 ms
Performance at tile_size (t2, t3, t4, t5) = (2, 32, 2, 2): 1800 ms
Performance at tile_size (t2, t3, t4, t5) = (2, 32, 2, 4): 1784 ms
Performance at tile_size (t2, t3, t4, t5) = (2, 32, 2, 8): 1781 ms
Performance at tile_size (t2, t3, t4, t5) = (2, 32, 2, 16): 1773 ms
Performance at tile_size (t2, t3, t4, t5) = (2, 32, 2, 32): 1778 ms
Performance at tile_size (t2, t3, t4, t5) = (2, 32, 2, 64): 1727 ms
Performance at tile_size (t2, t3, t4, t5) = (2, 32, 2, 128): 1808 ms
Performance at tile_size (t2, t3, t4, t5) = (2, 32, 2, 256): 1840 ms
Performance at tile_size (t2, t3, t4, t5) = (2, 32, 4, 1): 1825 ms
Performance at tile_size (t2, t3, t4, t5) = (2, 32, 4, 2): 1819 ms
Performance at tile_size (t2, t3, t4, t5) = (2, 32, 4, 4): 1835 ms
Performance at tile_size (t2, t3, t4, t5) = (2, 32, 4, 8): 1745 ms
Performance at tile_size (t2, t3, t4, t5) = (2, 32, 4, 16): 1839 ms
Performance at tile_size (t2, t3, t4, t5) = (2, 32, 4, 32): 1895 ms
Performance at tile_size (t2, t3, t4, t5) = (2, 32, 4, 64): 1801 ms
Performance at tile_size (t2, t3, t4, t5) = (2, 32, 4, 128): 1820 ms
Performance at tile_size (t2, t3, t4, t5) = (2, 32, 4, 256): 1831 ms
Performance at tile_size (t2, t3, t4, t5) = (2, 32, 8, 1): 1768 ms
Performance at tile_size (t2, t3, t4, t5) = (2, 32, 8, 2): 1909 ms
Performance at tile_size (t2, t3, t4, t5) = (2, 32, 8, 4): 1857 ms
Performance at tile_size (t2, t3, t4, t5) = (2, 32, 8, 8): 1804 ms
Performance at tile_size (t2, t3, t4, t5) = (2, 32, 8, 16): 1780 ms
Performance at tile_size (t2, t3, t4, t5) = (2, 32, 8, 32): 1796 ms
Performance at tile_size (t2, t3, t4, t5) = (2, 32, 8, 64): 1757 ms
Performance at tile_size (t2, t3, t4, t5) = (2, 32, 8, 128): 1757 ms
Performance at tile_size (t2, t3, t4, t5) = (2, 32, 8, 256): 1848 ms
Performance at tile_size (t2, t3, t4, t5) = (2, 32, 16, 1): 1857 ms
Performance at tile_size (t2, t3, t4, t5) = (2, 32, 16, 2): 1835 ms
Performance at tile_size (t2, t3, t4, t5) = (2, 32, 16, 4): 1785 ms
Performance at tile_size (t2, t3, t4, t5) = (2, 32, 16, 8): 1858 ms
Performance at tile_size (t2, t3, t4, t5) = (2, 32, 16, 16): 1784 ms
Performance at tile_size (t2, t3, t4, t5) = (2, 32, 16, 32): 1779 ms
Performance at tile_size (t2, t3, t4, t5) = (2, 32, 16, 64): 1832 ms
Performance at tile_size (t2, t3, t4, t5) = (2, 32, 16, 128): 1781 ms
Performance at tile_size (t2, t3, t4, t5) = (2, 32, 16, 256): 1771 ms
Performance at tile_size (t2, t3, t4, t5) = (2, 32, 32, 1): 1809 ms
Performance at tile_size (t2, t3, t4, t5) = (2, 32, 32, 2): 1793 ms
Performance at tile_size (t2, t3, t4, t5) = (2, 32, 32, 4): 1792 ms
Performance at tile_size (t2, t3, t4, t5) = (2, 32, 32, 8): 1768 ms
Performance at tile_size (t2, t3, t4, t5) = (2, 32, 32, 16): 1800 ms
Performance at tile_size (t2, t3, t4, t5) = (2, 32, 32, 32): 1765 ms
Performance at tile_size (t2, t3, t4, t5) = (2, 32, 32, 64): 1765 ms
Performance at tile_size (t2, t3, t4, t5) = (2, 32, 32, 128): 1747 ms
Performance at tile_size (t2, t3, t4, t5) = (2, 32, 32, 256): 1792 ms
Performance at tile_size (t2, t3, t4, t5) = (2, 32, 64, 1): 1838 ms
Performance at tile_size (t2, t3, t4, t5) = (2, 32, 64, 2): 1736 ms
Performance at tile_size (t2, t3, t4, t5) = (2, 32, 64, 4): 1767 ms
Performance at tile_size (t2, t3, t4, t5) = (2, 32, 64, 8): 1800 ms
Performance at tile_size (t2, t3, t4, t5) = (2, 32, 64, 16): 1752 ms
Performance at tile_size (t2, t3, t4, t5) = (2, 32, 64, 32): 1838 ms
Performance at tile_size (t2, t3, t4, t5) = (2, 32, 64, 64): 1819 ms
Performance at tile_size (t2, t3, t4, t5) = (2, 32, 64, 128): 1769 ms
Performance at tile_size (t2, t3, t4, t5) = (2, 32, 64, 256): 1791 ms
Performance at tile_size (t2, t3, t4, t5) = (2, 32, 128, 1): 1857 ms
Performance at tile_size (t2, t3, t4, t5) = (2, 32, 128, 2): 1785 ms
Performance at tile_size (t2, t3, t4, t5) = (2, 32, 128, 4): 1799 ms
Performance at tile_size (t2, t3, t4, t5) = (2, 32, 128, 8): 1738 ms
Performance at tile_size (t2, t3, t4, t5) = (2, 32, 128, 16): 1749 ms
Performance at tile_size (t2, t3, t4, t5) = (2, 32, 128, 32): 1820 ms
Performance at tile_size (t2, t3, t4, t5) = (2, 32, 128, 64): 1804 ms
Performance at tile_size (t2, t3, t4, t5) = (2, 32, 128, 128): 1775 ms
Performance at tile_size (t2, t3, t4, t5) = (2, 32, 128, 256): 1784 ms
Performance at tile_size (t2, t3, t4, t5) = (2, 32, 256, 1): 1785 ms
Performance at tile_size (t2, t3, t4, t5) = (2, 32, 256, 2): 1796 ms
Performance at tile_size (t2, t3, t4, t5) = (2, 32, 256, 4): 1776 ms
Performance at tile_size (t2, t3, t4, t5) = (2, 32, 256, 8): 1797 ms
Performance at tile_size (t2, t3, t4, t5) = (2, 32, 256, 16): 1797 ms
Performance at tile_size (t2, t3, t4, t5) = (2, 32, 256, 32): 1835 ms
Performance at tile_size (t2, t3, t4, t5) = (2, 32, 256, 64): 1871 ms
Performance at tile_size (t2, t3, t4, t5) = (2, 32, 256, 128): 1782 ms
Performance at tile_size (t2, t3, t4, t5) = (2, 32, 256, 256): 1896 ms
Performance at tile_size (t2, t3, t4, t5) = (2, 64, 1, 1): 1832 ms
Performance at tile_size (t2, t3, t4, t5) = (2, 64, 1, 2): 1756 ms
Performance at tile_size (t2, t3, t4, t5) = (2, 64, 1, 4): 1795 ms
Performance at tile_size (t2, t3, t4, t5) = (2, 64, 1, 8): 1742 ms
Performance at tile_size (t2, t3, t4, t5) = (2, 64, 1, 16): 1850 ms
Performance at tile_size (t2, t3, t4, t5) = (2, 64, 1, 32): 1766 ms
Performance at tile_size (t2, t3, t4, t5) = (2, 64, 1, 64): 1783 ms
Performance at tile_size (t2, t3, t4, t5) = (2, 64, 1, 128): 1836 ms
Performance at tile_size (t2, t3, t4, t5) = (2, 64, 1, 256): 1853 ms
Performance at tile_size (t2, t3, t4, t5) = (2, 64, 2, 1): 1751 ms
Performance at tile_size (t2, t3, t4, t5) = (2, 64, 2, 2): 1799 ms
Performance at tile_size (t2, t3, t4, t5) = (2, 64, 2, 4): 1806 ms
Performance at tile_size (t2, t3, t4, t5) = (2, 64, 2, 8): 1786 ms
Performance at tile_size (t2, t3, t4, t5) = (2, 64, 2, 16): 1778 ms
Performance at tile_size (t2, t3, t4, t5) = (2, 64, 2, 32): 1790 ms
Performance at tile_size (t2, t3, t4, t5) = (2, 64, 2, 64): 1870 ms
Performance at tile_size (t2, t3, t4, t5) = (2, 64, 2, 128): 1838 ms
Performance at tile_size (t2, t3, t4, t5) = (2, 64, 2, 256): 1782 ms
Performance at tile_size (t2, t3, t4, t5) = (2, 64, 4, 1): 1795 ms
Performance at tile_size (t2, t3, t4, t5) = (2, 64, 4, 2): 1738 ms
Performance at tile_size (t2, t3, t4, t5) = (2, 64, 4, 4): 1866 ms
Performance at tile_size (t2, t3, t4, t5) = (2, 64, 4, 8): 1765 ms
Performance at tile_size (t2, t3, t4, t5) = (2, 64, 4, 16): 1773 ms
Performance at tile_size (t2, t3, t4, t5) = (2, 64, 4, 32): 1773 ms
Performance at tile_size (t2, t3, t4, t5) = (2, 64, 4, 64): 1824 ms
Performance at tile_size (t2, t3, t4, t5) = (2, 64, 4, 128): 1852 ms
Performance at tile_size (t2, t3, t4, t5) = (2, 64, 4, 256): 1762 ms
Performance at tile_size (t2, t3, t4, t5) = (2, 64, 8, 1): 1725 ms
Performance at tile_size (t2, t3, t4, t5) = (2, 64, 8, 2): 1818 ms
Performance at tile_size (t2, t3, t4, t5) = (2, 64, 8, 4): 1832 ms
Performance at tile_size (t2, t3, t4, t5) = (2, 64, 8, 8): 1825 ms
Performance at tile_size (t2, t3, t4, t5) = (2, 64, 8, 16): 1749 ms
Performance at tile_size (t2, t3, t4, t5) = (2, 64, 8, 32): 1776 ms
Performance at tile_size (t2, t3, t4, t5) = (2, 64, 8, 64): 1789 ms
Performance at tile_size (t2, t3, t4, t5) = (2, 64, 8, 128): 1799 ms
Performance at tile_size (t2, t3, t4, t5) = (2, 64, 8, 256): 1836 ms
Performance at tile_size (t2, t3, t4, t5) = (2, 64, 16, 1): 1807 ms
Performance at tile_size (t2, t3, t4, t5) = (2, 64, 16, 2): 1857 ms
Performance at tile_size (t2, t3, t4, t5) = (2, 64, 16, 4): 1801 ms
Performance at tile_size (t2, t3, t4, t5) = (2, 64, 16, 8): 1814 ms
Performance at tile_size (t2, t3, t4, t5) = (2, 64, 16, 16): 1844 ms
Performance at tile_size (t2, t3, t4, t5) = (2, 64, 16, 32): 1783 ms
Performance at tile_size (t2, t3, t4, t5) = (2, 64, 16, 64): 1833 ms
Performance at tile_size (t2, t3, t4, t5) = (2, 64, 16, 128): 1826 ms
Performance at tile_size (t2, t3, t4, t5) = (2, 64, 16, 256): 1741 ms
Performance at tile_size (t2, t3, t4, t5) = (2, 64, 32, 1): 1811 ms
Performance at tile_size (t2, t3, t4, t5) = (2, 64, 32, 2): 1781 ms
Performance at tile_size (t2, t3, t4, t5) = (2, 64, 32, 4): 1744 ms
Performance at tile_size (t2, t3, t4, t5) = (2, 64, 32, 8): 1863 ms
Performance at tile_size (t2, t3, t4, t5) = (2, 64, 32, 16): 1758 ms
Performance at tile_size (t2, t3, t4, t5) = (2, 64, 32, 32): 1797 ms
Performance at tile_size (t2, t3, t4, t5) = (2, 64, 32, 64): 1774 ms
Performance at tile_size (t2, t3, t4, t5) = (2, 64, 32, 128): 1752 ms
Performance at tile_size (t2, t3, t4, t5) = (2, 64, 32, 256): 1782 ms
Performance at tile_size (t2, t3, t4, t5) = (2, 64, 64, 1): 1774 ms
Performance at tile_size (t2, t3, t4, t5) = (2, 64, 64, 2): 1827 ms
Performance at tile_size (t2, t3, t4, t5) = (2, 64, 64, 4): 1774 ms
Performance at tile_size (t2, t3, t4, t5) = (2, 64, 64, 8): 1798 ms
Performance at tile_size (t2, t3, t4, t5) = (2, 64, 64, 16): 1736 ms
Performance at tile_size (t2, t3, t4, t5) = (2, 64, 64, 32): 1788 ms
Performance at tile_size (t2, t3, t4, t5) = (2, 64, 64, 64): 1779 ms
Performance at tile_size (t2, t3, t4, t5) = (2, 64, 64, 128): 1796 ms
Performance at tile_size (t2, t3, t4, t5) = (2, 64, 64, 256): 1767 ms
Performance at tile_size (t2, t3, t4, t5) = (2, 64, 128, 1): 1792 ms
Performance at tile_size (t2, t3, t4, t5) = (2, 64, 128, 2): 1787 ms
Performance at tile_size (t2, t3, t4, t5) = (2, 64, 128, 4): 1765 ms
Performance at tile_size (t2, t3, t4, t5) = (2, 64, 128, 8): 1788 ms
Performance at tile_size (t2, t3, t4, t5) = (2, 64, 128, 16): 1870 ms
Performance at tile_size (t2, t3, t4, t5) = (2, 64, 128, 32): 1787 ms
Performance at tile_size (t2, t3, t4, t5) = (2, 64, 128, 64): 1763 ms
Performance at tile_size (t2, t3, t4, t5) = (2, 64, 128, 128): 1875 ms
Performance at tile_size (t2, t3, t4, t5) = (2, 64, 128, 256): 1818 ms
Performance at tile_size (t2, t3, t4, t5) = (2, 64, 256, 1): 1859 ms
Performance at tile_size (t2, t3, t4, t5) = (2, 64, 256, 2): 1787 ms
Performance at tile_size (t2, t3, t4, t5) = (2, 64, 256, 4): 1853 ms
Performance at tile_size (t2, t3, t4, t5) = (2, 64, 256, 8): 1798 ms
Performance at tile_size (t2, t3, t4, t5) = (2, 64, 256, 16): 1879 ms
Performance at tile_size (t2, t3, t4, t5) = (2, 64, 256, 32): 1777 ms
Performance at tile_size (t2, t3, t4, t5) = (2, 64, 256, 64): 1748 ms
Performance at tile_size (t2, t3, t4, t5) = (2, 64, 256, 128): 1823 ms
Performance at tile_size (t2, t3, t4, t5) = (2, 64, 256, 256): 1855 ms
Performance at tile_size (t2, t3, t4, t5) = (2, 128, 1, 1): 1852 ms
Performance at tile_size (t2, t3, t4, t5) = (2, 128, 1, 2): 1809 ms
Performance at tile_size (t2, t3, t4, t5) = (2, 128, 1, 4): 1810 ms
Performance at tile_size (t2, t3, t4, t5) = (2, 128, 1, 8): 1802 ms
Performance at tile_size (t2, t3, t4, t5) = (2, 128, 1, 16): 1867 ms
Performance at tile_size (t2, t3, t4, t5) = (2, 128, 1, 32): 1742 ms
Performance at tile_size (t2, t3, t4, t5) = (2, 128, 1, 64): 1776 ms
Performance at tile_size (t2, t3, t4, t5) = (2, 128, 1, 128): 1821 ms
Performance at tile_size (t2, t3, t4, t5) = (2, 128, 1, 256): 1771 ms
Performance at tile_size (t2, t3, t4, t5) = (2, 128, 2, 1): 1820 ms
Performance at tile_size (t2, t3, t4, t5) = (2, 128, 2, 2): 1774 ms
Performance at tile_size (t2, t3, t4, t5) = (2, 128, 2, 4): 1783 ms
Performance at tile_size (t2, t3, t4, t5) = (2, 128, 2, 8): 1791 ms
Performance at tile_size (t2, t3, t4, t5) = (2, 128, 2, 16): 1782 ms
Performance at tile_size (t2, t3, t4, t5) = (2, 128, 2, 32): 1879 ms
Performance at tile_size (t2, t3, t4, t5) = (2, 128, 2, 64): 1742 ms
Performance at tile_size (t2, t3, t4, t5) = (2, 128, 2, 128): 1811 ms
Performance at tile_size (t2, t3, t4, t5) = (2, 128, 2, 256): 1788 ms
Performance at tile_size (t2, t3, t4, t5) = (2, 128, 4, 1): 1813 ms
Performance at tile_size (t2, t3, t4, t5) = (2, 128, 4, 2): 1803 ms
Performance at tile_size (t2, t3, t4, t5) = (2, 128, 4, 4): 1802 ms
Performance at tile_size (t2, t3, t4, t5) = (2, 128, 4, 8): 1783 ms
Performance at tile_size (t2, t3, t4, t5) = (2, 128, 4, 16): 1814 ms
Performance at tile_size (t2, t3, t4, t5) = (2, 128, 4, 32): 1769 ms
Performance at tile_size (t2, t3, t4, t5) = (2, 128, 4, 64): 1766 ms
Performance at tile_size (t2, t3, t4, t5) = (2, 128, 4, 128): 1758 ms
Performance at tile_size (t2, t3, t4, t5) = (2, 128, 4, 256): 1780 ms
Performance at tile_size (t2, t3, t4, t5) = (2, 128, 8, 1): 1787 ms
Performance at tile_size (t2, t3, t4, t5) = (2, 128, 8, 2): 1874 ms
Performance at tile_size (t2, t3, t4, t5) = (2, 128, 8, 4): 1800 ms
Performance at tile_size (t2, t3, t4, t5) = (2, 128, 8, 8): 1761 ms
Performance at tile_size (t2, t3, t4, t5) = (2, 128, 8, 16): 1767 ms
Performance at tile_size (t2, t3, t4, t5) = (2, 128, 8, 32): 1789 ms
Performance at tile_size (t2, t3, t4, t5) = (2, 128, 8, 64): 1779 ms
Performance at tile_size (t2, t3, t4, t5) = (2, 128, 8, 128): 1790 ms
Performance at tile_size (t2, t3, t4, t5) = (2, 128, 8, 256): 1768 ms
Performance at tile_size (t2, t3, t4, t5) = (2, 128, 16, 1): 1749 ms
Performance at tile_size (t2, t3, t4, t5) = (2, 128, 16, 2): 1849 ms
Performance at tile_size (t2, t3, t4, t5) = (2, 128, 16, 4): 1877 ms
Performance at tile_size (t2, t3, t4, t5) = (2, 128, 16, 8): 1813 ms
Performance at tile_size (t2, t3, t4, t5) = (2, 128, 16, 16): 1864 ms
Performance at tile_size (t2, t3, t4, t5) = (2, 128, 16, 32): 1819 ms
Performance at tile_size (t2, t3, t4, t5) = (2, 128, 16, 64): 1834 ms
Performance at tile_size (t2, t3, t4, t5) = (2, 128, 16, 128): 1838 ms
Performance at tile_size (t2, t3, t4, t5) = (2, 128, 16, 256): 1784 ms
Performance at tile_size (t2, t3, t4, t5) = (2, 128, 32, 1): 1778 ms
Performance at tile_size (t2, t3, t4, t5) = (2, 128, 32, 2): 1774 ms
Performance at tile_size (t2, t3, t4, t5) = (2, 128, 32, 4): 1778 ms
Performance at tile_size (t2, t3, t4, t5) = (2, 128, 32, 8): 1796 ms
Performance at tile_size (t2, t3, t4, t5) = (2, 128, 32, 16): 1805 ms
Performance at tile_size (t2, t3, t4, t5) = (2, 128, 32, 32): 1862 ms
Performance at tile_size (t2, t3, t4, t5) = (2, 128, 32, 64): 1884 ms
Performance at tile_size (t2, t3, t4, t5) = (2, 128, 32, 128): 1766 ms
Performance at tile_size (t2, t3, t4, t5) = (2, 128, 32, 256): 1776 ms
Performance at tile_size (t2, t3, t4, t5) = (2, 128, 64, 1): 1769 ms
Performance at tile_size (t2, t3, t4, t5) = (2, 128, 64, 2): 1777 ms
Performance at tile_size (t2, t3, t4, t5) = (2, 128, 64, 4): 1792 ms
Performance at tile_size (t2, t3, t4, t5) = (2, 128, 64, 8): 1776 ms
Performance at tile_size (t2, t3, t4, t5) = (2, 128, 64, 16): 1780 ms
Performance at tile_size (t2, t3, t4, t5) = (2, 128, 64, 32): 1860 ms
Performance at tile_size (t2, t3, t4, t5) = (2, 128, 64, 64): 1827 ms
Performance at tile_size (t2, t3, t4, t5) = (2, 128, 64, 128): 1784 ms
Performance at tile_size (t2, t3, t4, t5) = (2, 128, 64, 256): 1894 ms
Performance at tile_size (t2, t3, t4, t5) = (2, 128, 128, 1): 1762 ms
Performance at tile_size (t2, t3, t4, t5) = (2, 128, 128, 2): 1797 ms
Performance at tile_size (t2, t3, t4, t5) = (2, 128, 128, 4): 1817 ms
Performance at tile_size (t2, t3, t4, t5) = (2, 128, 128, 8): 1768 ms
Performance at tile_size (t2, t3, t4, t5) = (2, 128, 128, 16): 1831 ms
Performance at tile_size (t2, t3, t4, t5) = (2, 128, 128, 32): 1756 ms
Performance at tile_size (t2, t3, t4, t5) = (2, 128, 128, 64): 1754 ms
Performance at tile_size (t2, t3, t4, t5) = (2, 128, 128, 128): 1791 ms
Performance at tile_size (t2, t3, t4, t5) = (2, 128, 128, 256): 1815 ms
Performance at tile_size (t2, t3, t4, t5) = (2, 128, 256, 1): 1773 ms
Performance at tile_size (t2, t3, t4, t5) = (2, 128, 256, 2): 1760 ms
Performance at tile_size (t2, t3, t4, t5) = (2, 128, 256, 4): 1781 ms
Performance at tile_size (t2, t3, t4, t5) = (2, 128, 256, 8): 1772 ms
Performance at tile_size (t2, t3, t4, t5) = (2, 128, 256, 16): 1787 ms
Performance at tile_size (t2, t3, t4, t5) = (2, 128, 256, 32): 1889 ms
Performance at tile_size (t2, t3, t4, t5) = (2, 128, 256, 64): 1843 ms
Performance at tile_size (t2, t3, t4, t5) = (2, 128, 256, 128): 1786 ms
Performance at tile_size (t2, t3, t4, t5) = (2, 128, 256, 256): 1847 ms
Performance at tile_size (t2, t3, t4, t5) = (2, 256, 1, 1): 1840 ms
Performance at tile_size (t2, t3, t4, t5) = (2, 256, 1, 2): 1809 ms
Performance at tile_size (t2, t3, t4, t5) = (2, 256, 1, 4): 1804 ms
Performance at tile_size (t2, t3, t4, t5) = (2, 256, 1, 8): 1889 ms
Performance at tile_size (t2, t3, t4, t5) = (2, 256, 1, 16): 1782 ms
Performance at tile_size (t2, t3, t4, t5) = (2, 256, 1, 32): 1771 ms
Performance at tile_size (t2, t3, t4, t5) = (2, 256, 1, 64): 1777 ms
Performance at tile_size (t2, t3, t4, t5) = (2, 256, 1, 128): 1741 ms
Performance at tile_size (t2, t3, t4, t5) = (2, 256, 1, 256): 1863 ms
Performance at tile_size (t2, t3, t4, t5) = (2, 256, 2, 1): 1779 ms
Performance at tile_size (t2, t3, t4, t5) = (2, 256, 2, 2): 1774 ms
Performance at tile_size (t2, t3, t4, t5) = (2, 256, 2, 4): 1798 ms
Performance at tile_size (t2, t3, t4, t5) = (2, 256, 2, 8): 1785 ms
Performance at tile_size (t2, t3, t4, t5) = (2, 256, 2, 16): 1787 ms
Performance at tile_size (t2, t3, t4, t5) = (2, 256, 2, 32): 1750 ms
Performance at tile_size (t2, t3, t4, t5) = (2, 256, 2, 64): 1786 ms
Performance at tile_size (t2, t3, t4, t5) = (2, 256, 2, 128): 1762 ms
Performance at tile_size (t2, t3, t4, t5) = (2, 256, 2, 256): 1836 ms
Performance at tile_size (t2, t3, t4, t5) = (2, 256, 4, 1): 1799 ms
Performance at tile_size (t2, t3, t4, t5) = (2, 256, 4, 2): 1786 ms
Performance at tile_size (t2, t3, t4, t5) = (2, 256, 4, 4): 1752 ms
Performance at tile_size (t2, t3, t4, t5) = (2, 256, 4, 8): 1773 ms
Performance at tile_size (t2, t3, t4, t5) = (2, 256, 4, 16): 1803 ms
Performance at tile_size (t2, t3, t4, t5) = (2, 256, 4, 32): 1778 ms
Performance at tile_size (t2, t3, t4, t5) = (2, 256, 4, 64): 1783 ms
Performance at tile_size (t2, t3, t4, t5) = (2, 256, 4, 128): 1789 ms
Performance at tile_size (t2, t3, t4, t5) = (2, 256, 4, 256): 1856 ms
Performance at tile_size (t2, t3, t4, t5) = (2, 256, 8, 1): 1799 ms
Performance at tile_size (t2, t3, t4, t5) = (2, 256, 8, 2): 1822 ms
Performance at tile_size (t2, t3, t4, t5) = (2, 256, 8, 4): 1775 ms
Performance at tile_size (t2, t3, t4, t5) = (2, 256, 8, 8): 1869 ms
Performance at tile_size (t2, t3, t4, t5) = (2, 256, 8, 16): 1795 ms
Performance at tile_size (t2, t3, t4, t5) = (2, 256, 8, 32): 1821 ms
Performance at tile_size (t2, t3, t4, t5) = (2, 256, 8, 64): 1754 ms
Performance at tile_size (t2, t3, t4, t5) = (2, 256, 8, 128): 1821 ms
Performance at tile_size (t2, t3, t4, t5) = (2, 256, 8, 256): 1826 ms
Performance at tile_size (t2, t3, t4, t5) = (2, 256, 16, 1): 1858 ms
Performance at tile_size (t2, t3, t4, t5) = (2, 256, 16, 2): 1777 ms
Performance at tile_size (t2, t3, t4, t5) = (2, 256, 16, 4): 1763 ms
Performance at tile_size (t2, t3, t4, t5) = (2, 256, 16, 8): 1817 ms
Performance at tile_size (t2, t3, t4, t5) = (2, 256, 16, 16): 1786 ms
Performance at tile_size (t2, t3, t4, t5) = (2, 256, 16, 32): 1816 ms
Performance at tile_size (t2, t3, t4, t5) = (2, 256, 16, 64): 1786 ms
Performance at tile_size (t2, t3, t4, t5) = (2, 256, 16, 128): 1858 ms
Performance at tile_size (t2, t3, t4, t5) = (2, 256, 16, 256): 1765 ms
Performance at tile_size (t2, t3, t4, t5) = (2, 256, 32, 1): 1808 ms
Performance at tile_size (t2, t3, t4, t5) = (2, 256, 32, 2): 1776 ms
Performance at tile_size (t2, t3, t4, t5) = (2, 256, 32, 4): 1847 ms
Performance at tile_size (t2, t3, t4, t5) = (2, 256, 32, 8): 1775 ms
Performance at tile_size (t2, t3, t4, t5) = (2, 256, 32, 16): 1816 ms
Performance at tile_size (t2, t3, t4, t5) = (2, 256, 32, 32): 1831 ms
Performance at tile_size (t2, t3, t4, t5) = (2, 256, 32, 64): 1818 ms
Performance at tile_size (t2, t3, t4, t5) = (2, 256, 32, 128): 1769 ms
Performance at tile_size (t2, t3, t4, t5) = (2, 256, 32, 256): 1817 ms
Performance at tile_size (t2, t3, t4, t5) = (2, 256, 64, 1): 1791 ms
Performance at tile_size (t2, t3, t4, t5) = (2, 256, 64, 2): 1818 ms
Performance at tile_size (t2, t3, t4, t5) = (2, 256, 64, 4): 1779 ms
Performance at tile_size (t2, t3, t4, t5) = (2, 256, 64, 8): 1903 ms
Performance at tile_size (t2, t3, t4, t5) = (2, 256, 64, 16): 1795 ms
Performance at tile_size (t2, t3, t4, t5) = (2, 256, 64, 32): 1810 ms
Performance at tile_size (t2, t3, t4, t5) = (2, 256, 64, 64): 1829 ms
Performance at tile_size (t2, t3, t4, t5) = (2, 256, 64, 128): 1767 ms
Performance at tile_size (t2, t3, t4, t5) = (2, 256, 64, 256): 1770 ms
Performance at tile_size (t2, t3, t4, t5) = (2, 256, 128, 1): 1812 ms
Performance at tile_size (t2, t3, t4, t5) = (2, 256, 128, 2): 1767 ms
Performance at tile_size (t2, t3, t4, t5) = (2, 256, 128, 4): 1844 ms
Performance at tile_size (t2, t3, t4, t5) = (2, 256, 128, 8): 1787 ms
Performance at tile_size (t2, t3, t4, t5) = (2, 256, 128, 16): 1789 ms
Performance at tile_size (t2, t3, t4, t5) = (2, 256, 128, 32): 1762 ms
Performance at tile_size (t2, t3, t4, t5) = (2, 256, 128, 64): 1757 ms
Performance at tile_size (t2, t3, t4, t5) = (2, 256, 128, 128): 1840 ms
Performance at tile_size (t2, t3, t4, t5) = (2, 256, 128, 256): 1787 ms
Performance at tile_size (t2, t3, t4, t5) = (2, 256, 256, 1): 1821 ms
Performance at tile_size (t2, t3, t4, t5) = (2, 256, 256, 2): 1897 ms
Performance at tile_size (t2, t3, t4, t5) = (2, 256, 256, 4): 1834 ms
Performance at tile_size (t2, t3, t4, t5) = (2, 256, 256, 8): 1806 ms
Performance at tile_size (t2, t3, t4, t5) = (2, 256, 256, 16): 1767 ms
Performance at tile_size (t2, t3, t4, t5) = (2, 256, 256, 32): 1800 ms
Performance at tile_size (t2, t3, t4, t5) = (2, 256, 256, 64): 1790 ms
Performance at tile_size (t2, t3, t4, t5) = (2, 256, 256, 128): 1897 ms
Performance at tile_size (t2, t3, t4, t5) = (2, 256, 256, 256): 1859 ms
Performance at tile_size (t2, t3, t4, t5) = (4, 1, 1, 1): 1862 ms
Performance at tile_size (t2, t3, t4, t5) = (4, 1, 1, 2): 1802 ms
Performance at tile_size (t2, t3, t4, t5) = (4, 1, 1, 4): 1773 ms
Performance at tile_size (t2, t3, t4, t5) = (4, 1, 1, 8): 1739 ms
Performance at tile_size (t2, t3, t4, t5) = (4, 1, 1, 16): 1768 ms
Performance at tile_size (t2, t3, t4, t5) = (4, 1, 1, 32): 1802 ms
Performance at tile_size (t2, t3, t4, t5) = (4, 1, 1, 64): 1831 ms
Performance at tile_size (t2, t3, t4, t5) = (4, 1, 1, 128): 1838 ms
Performance at tile_size (t2, t3, t4, t5) = (4, 1, 1, 256): 1765 ms
Performance at tile_size (t2, t3, t4, t5) = (4, 1, 2, 1): 1864 ms
Performance at tile_size (t2, t3, t4, t5) = (4, 1, 2, 2): 1821 ms
Performance at tile_size (t2, t3, t4, t5) = (4, 1, 2, 4): 1772 ms
Performance at tile_size (t2, t3, t4, t5) = (4, 1, 2, 8): 1766 ms
Performance at tile_size (t2, t3, t4, t5) = (4, 1, 2, 16): 1780 ms
Performance at tile_size (t2, t3, t4, t5) = (4, 1, 2, 32): 1780 ms
Performance at tile_size (t2, t3, t4, t5) = (4, 1, 2, 64): 1772 ms
Performance at tile_size (t2, t3, t4, t5) = (4, 1, 2, 128): 1762 ms
Performance at tile_size (t2, t3, t4, t5) = (4, 1, 2, 256): 1739 ms
Performance at tile_size (t2, t3, t4, t5) = (4, 1, 4, 1): 1760 ms
Performance at tile_size (t2, t3, t4, t5) = (4, 1, 4, 2): 1858 ms
Performance at tile_size (t2, t3, t4, t5) = (4, 1, 4, 4): 1844 ms
Performance at tile_size (t2, t3, t4, t5) = (4, 1, 4, 8): 1765 ms
Performance at tile_size (t2, t3, t4, t5) = (4, 1, 4, 16): 1760 ms
Performance at tile_size (t2, t3, t4, t5) = (4, 1, 4, 32): 1749 ms
Performance at tile_size (t2, t3, t4, t5) = (4, 1, 4, 64): 1818 ms
Performance at tile_size (t2, t3, t4, t5) = (4, 1, 4, 128): 1753 ms
Performance at tile_size (t2, t3, t4, t5) = (4, 1, 4, 256): 1791 ms
Performance at tile_size (t2, t3, t4, t5) = (4, 1, 8, 1): 1835 ms
Performance at tile_size (t2, t3, t4, t5) = (4, 1, 8, 2): 1842 ms
Performance at tile_size (t2, t3, t4, t5) = (4, 1, 8, 4): 1863 ms
Performance at tile_size (t2, t3, t4, t5) = (4, 1, 8, 8): 1777 ms
Performance at tile_size (t2, t3, t4, t5) = (4, 1, 8, 16): 1774 ms
Performance at tile_size (t2, t3, t4, t5) = (4, 1, 8, 32): 1734 ms
Performance at tile_size (t2, t3, t4, t5) = (4, 1, 8, 64): 1780 ms
Performance at tile_size (t2, t3, t4, t5) = (4, 1, 8, 128): 1747 ms
Performance at tile_size (t2, t3, t4, t5) = (4, 1, 8, 256): 1815 ms
Performance at tile_size (t2, t3, t4, t5) = (4, 1, 16, 1): 1891 ms
Performance at tile_size (t2, t3, t4, t5) = (4, 1, 16, 2): 1805 ms
Performance at tile_size (t2, t3, t4, t5) = (4, 1, 16, 4): 1824 ms
Performance at tile_size (t2, t3, t4, t5) = (4, 1, 16, 8): 1760 ms
Performance at tile_size (t2, t3, t4, t5) = (4, 1, 16, 16): 1817 ms
Performance at tile_size (t2, t3, t4, t5) = (4, 1, 16, 32): 1836 ms
Performance at tile_size (t2, t3, t4, t5) = (4, 1, 16, 64): 1790 ms
Performance at tile_size (t2, t3, t4, t5) = (4, 1, 16, 128): 1772 ms
Performance at tile_size (t2, t3, t4, t5) = (4, 1, 16, 256): 1764 ms
Performance at tile_size (t2, t3, t4, t5) = (4, 1, 32, 1): 1873 ms
Performance at tile_size (t2, t3, t4, t5) = (4, 1, 32, 2): 1799 ms
Performance at tile_size (t2, t3, t4, t5) = (4, 1, 32, 4): 1771 ms
Performance at tile_size (t2, t3, t4, t5) = (4, 1, 32, 8): 1768 ms
Performance at tile_size (t2, t3, t4, t5) = (4, 1, 32, 16): 1766 ms
Performance at tile_size (t2, t3, t4, t5) = (4, 1, 32, 32): 1836 ms
Performance at tile_size (t2, t3, t4, t5) = (4, 1, 32, 64): 1773 ms
Performance at tile_size (t2, t3, t4, t5) = (4, 1, 32, 128): 1783 ms
Performance at tile_size (t2, t3, t4, t5) = (4, 1, 32, 256): 1882 ms
Performance at tile_size (t2, t3, t4, t5) = (4, 1, 64, 1): 1763 ms
Performance at tile_size (t2, t3, t4, t5) = (4, 1, 64, 2): 1810 ms
Performance at tile_size (t2, t3, t4, t5) = (4, 1, 64, 4): 1767 ms
Performance at tile_size (t2, t3, t4, t5) = (4, 1, 64, 8): 1803 ms
Performance at tile_size (t2, t3, t4, t5) = (4, 1, 64, 16): 1787 ms
Performance at tile_size (t2, t3, t4, t5) = (4, 1, 64, 32): 1802 ms
Performance at tile_size (t2, t3, t4, t5) = (4, 1, 64, 64): 1823 ms
Performance at tile_size (t2, t3, t4, t5) = (4, 1, 64, 128): 1787 ms
Performance at tile_size (t2, t3, t4, t5) = (4, 1, 64, 256): 1872 ms
Performance at tile_size (t2, t3, t4, t5) = (4, 1, 128, 1): 1770 ms
Performance at tile_size (t2, t3, t4, t5) = (4, 1, 128, 2): 1919 ms
Performance at tile_size (t2, t3, t4, t5) = (4, 1, 128, 4): 1754 ms
Performance at tile_size (t2, t3, t4, t5) = (4, 1, 128, 8): 1877 ms
Performance at tile_size (t2, t3, t4, t5) = (4, 1, 128, 16): 1847 ms
Performance at tile_size (t2, t3, t4, t5) = (4, 1, 128, 32): 1740 ms
Performance at tile_size (t2, t3, t4, t5) = (4, 1, 128, 64): 1794 ms
Performance at tile_size (t2, t3, t4, t5) = (4, 1, 128, 128): 1866 ms
Performance at tile_size (t2, t3, t4, t5) = (4, 1, 128, 256): 1803 ms
Performance at tile_size (t2, t3, t4, t5) = (4, 1, 256, 1): 1821 ms
Performance at tile_size (t2, t3, t4, t5) = (4, 1, 256, 2): 1830 ms
Performance at tile_size (t2, t3, t4, t5) = (4, 1, 256, 4): 1721 ms
Performance at tile_size (t2, t3, t4, t5) = (4, 1, 256, 8): 1782 ms
Performance at tile_size (t2, t3, t4, t5) = (4, 1, 256, 16): 1791 ms
Performance at tile_size (t2, t3, t4, t5) = (4, 1, 256, 32): 1841 ms
Performance at tile_size (t2, t3, t4, t5) = (4, 1, 256, 64): 1810 ms
Performance at tile_size (t2, t3, t4, t5) = (4, 1, 256, 128): 1800 ms
Performance at tile_size (t2, t3, t4, t5) = (4, 1, 256, 256): 1806 ms
Performance at tile_size (t2, t3, t4, t5) = (4, 2, 1, 1): 1799 ms
Performance at tile_size (t2, t3, t4, t5) = (4, 2, 1, 2): 1871 ms
Performance at tile_size (t2, t3, t4, t5) = (4, 2, 1, 4): 1832 ms
Performance at tile_size (t2, t3, t4, t5) = (4, 2, 1, 8): 1825 ms
Performance at tile_size (t2, t3, t4, t5) = (4, 2, 1, 16): 1843 ms
Performance at tile_size (t2, t3, t4, t5) = (4, 2, 1, 32): 1786 ms
Performance at tile_size (t2, t3, t4, t5) = (4, 2, 1, 64): 1805 ms
Performance at tile_size (t2, t3, t4, t5) = (4, 2, 1, 128): 1787 ms
Performance at tile_size (t2, t3, t4, t5) = (4, 2, 1, 256): 1818 ms
Performance at tile_size (t2, t3, t4, t5) = (4, 2, 2, 1): 1865 ms
Performance at tile_size (t2, t3, t4, t5) = (4, 2, 2, 2): 1879 ms
Performance at tile_size (t2, t3, t4, t5) = (4, 2, 2, 4): 1783 ms
Performance at tile_size (t2, t3, t4, t5) = (4, 2, 2, 8): 1773 ms
Performance at tile_size (t2, t3, t4, t5) = (4, 2, 2, 16): 1809 ms
Performance at tile_size (t2, t3, t4, t5) = (4, 2, 2, 32): 1850 ms
Performance at tile_size (t2, t3, t4, t5) = (4, 2, 2, 64): 1879 ms
Performance at tile_size (t2, t3, t4, t5) = (4, 2, 2, 128): 1770 ms
Performance at tile_size (t2, t3, t4, t5) = (4, 2, 2, 256): 1798 ms
Performance at tile_size (t2, t3, t4, t5) = (4, 2, 4, 1): 1781 ms
Performance at tile_size (t2, t3, t4, t5) = (4, 2, 4, 2): 1786 ms
Performance at tile_size (t2, t3, t4, t5) = (4, 2, 4, 4): 1787 ms
Performance at tile_size (t2, t3, t4, t5) = (4, 2, 4, 8): 1781 ms
Performance at tile_size (t2, t3, t4, t5) = (4, 2, 4, 16): 1779 ms
Performance at tile_size (t2, t3, t4, t5) = (4, 2, 4, 32): 1758 ms
Performance at tile_size (t2, t3, t4, t5) = (4, 2, 4, 64): 1852 ms
Performance at tile_size (t2, t3, t4, t5) = (4, 2, 4, 128): 1740 ms
Performance at tile_size (t2, t3, t4, t5) = (4, 2, 4, 256): 1786 ms
Performance at tile_size (t2, t3, t4, t5) = (4, 2, 8, 1): 1780 ms
Performance at tile_size (t2, t3, t4, t5) = (4, 2, 8, 2): 1775 ms
Performance at tile_size (t2, t3, t4, t5) = (4, 2, 8, 4): 1775 ms
Performance at tile_size (t2, t3, t4, t5) = (4, 2, 8, 8): 1787 ms
Performance at tile_size (t2, t3, t4, t5) = (4, 2, 8, 16): 1783 ms
Performance at tile_size (t2, t3, t4, t5) = (4, 2, 8, 32): 1902 ms
Performance at tile_size (t2, t3, t4, t5) = (4, 2, 8, 64): 1797 ms
Performance at tile_size (t2, t3, t4, t5) = (4, 2, 8, 128): 1770 ms
Performance at tile_size (t2, t3, t4, t5) = (4, 2, 8, 256): 1803 ms
Performance at tile_size (t2, t3, t4, t5) = (4, 2, 16, 1): 1754 ms
Performance at tile_size (t2, t3, t4, t5) = (4, 2, 16, 2): 1790 ms
Performance at tile_size (t2, t3, t4, t5) = (4, 2, 16, 4): 1780 ms
Performance at tile_size (t2, t3, t4, t5) = (4, 2, 16, 8): 1810 ms
Performance at tile_size (t2, t3, t4, t5) = (4, 2, 16, 16): 1762 ms
Performance at tile_size (t2, t3, t4, t5) = (4, 2, 16, 32): 1882 ms
Performance at tile_size (t2, t3, t4, t5) = (4, 2, 16, 64): 1769 ms
Performance at tile_size (t2, t3, t4, t5) = (4, 2, 16, 128): 1788 ms
Performance at tile_size (t2, t3, t4, t5) = (4, 2, 16, 256): 1778 ms
Performance at tile_size (t2, t3, t4, t5) = (4, 2, 32, 1): 1771 ms
Performance at tile_size (t2, t3, t4, t5) = (4, 2, 32, 2): 1776 ms
Performance at tile_size (t2, t3, t4, t5) = (4, 2, 32, 4): 1809 ms
Performance at tile_size (t2, t3, t4, t5) = (4, 2, 32, 8): 1809 ms
Performance at tile_size (t2, t3, t4, t5) = (4, 2, 32, 16): 1763 ms
Performance at tile_size (t2, t3, t4, t5) = (4, 2, 32, 32): 1774 ms
Performance at tile_size (t2, t3, t4, t5) = (4, 2, 32, 64): 1776 ms
Performance at tile_size (t2, t3, t4, t5) = (4, 2, 32, 128): 1788 ms
Performance at tile_size (t2, t3, t4, t5) = (4, 2, 32, 256): 1799 ms
Performance at tile_size (t2, t3, t4, t5) = (4, 2, 64, 1): 1776 ms
Performance at tile_size (t2, t3, t4, t5) = (4, 2, 64, 2): 1741 ms
Performance at tile_size (t2, t3, t4, t5) = (4, 2, 64, 4): 1862 ms
Performance at tile_size (t2, t3, t4, t5) = (4, 2, 64, 8): 1751 ms
Performance at tile_size (t2, t3, t4, t5) = (4, 2, 64, 16): 1750 ms
Performance at tile_size (t2, t3, t4, t5) = (4, 2, 64, 32): 1877 ms
Performance at tile_size (t2, t3, t4, t5) = (4, 2, 64, 64): 1762 ms
Performance at tile_size (t2, t3, t4, t5) = (4, 2, 64, 128): 1891 ms
Performance at tile_size (t2, t3, t4, t5) = (4, 2, 64, 256): 1810 ms
Performance at tile_size (t2, t3, t4, t5) = (4, 2, 128, 1): 1910 ms
Performance at tile_size (t2, t3, t4, t5) = (4, 2, 128, 2): 1784 ms
Performance at tile_size (t2, t3, t4, t5) = (4, 2, 128, 4): 1810 ms
Performance at tile_size (t2, t3, t4, t5) = (4, 2, 128, 8): 1751 ms
Performance at tile_size (t2, t3, t4, t5) = (4, 2, 128, 16): 1765 ms
Performance at tile_size (t2, t3, t4, t5) = (4, 2, 128, 32): 1818 ms
Performance at tile_size (t2, t3, t4, t5) = (4, 2, 128, 64): 1755 ms
Performance at tile_size (t2, t3, t4, t5) = (4, 2, 128, 128): 1756 ms
Performance at tile_size (t2, t3, t4, t5) = (4, 2, 128, 256): 1832 ms
Performance at tile_size (t2, t3, t4, t5) = (4, 2, 256, 1): 1834 ms
Performance at tile_size (t2, t3, t4, t5) = (4, 2, 256, 2): 1758 ms
Performance at tile_size (t2, t3, t4, t5) = (4, 2, 256, 4): 1733 ms
Performance at tile_size (t2, t3, t4, t5) = (4, 2, 256, 8): 1801 ms
Performance at tile_size (t2, t3, t4, t5) = (4, 2, 256, 16): 1782 ms
Performance at tile_size (t2, t3, t4, t5) = (4, 2, 256, 32): 1807 ms
Performance at tile_size (t2, t3, t4, t5) = (4, 2, 256, 64): 1809 ms
Performance at tile_size (t2, t3, t4, t5) = (4, 2, 256, 128): 1817 ms
Performance at tile_size (t2, t3, t4, t5) = (4, 2, 256, 256): 1740 ms
Performance at tile_size (t2, t3, t4, t5) = (4, 4, 1, 1): 1810 ms
Performance at tile_size (t2, t3, t4, t5) = (4, 4, 1, 2): 1861 ms
Performance at tile_size (t2, t3, t4, t5) = (4, 4, 1, 4): 1762 ms
Performance at tile_size (t2, t3, t4, t5) = (4, 4, 1, 8): 1789 ms
Performance at tile_size (t2, t3, t4, t5) = (4, 4, 1, 16): 1733 ms
Performance at tile_size (t2, t3, t4, t5) = (4, 4, 1, 32): 1762 ms
Performance at tile_size (t2, t3, t4, t5) = (4, 4, 1, 64): 1763 ms
Performance at tile_size (t2, t3, t4, t5) = (4, 4, 1, 128): 1780 ms
Performance at tile_size (t2, t3, t4, t5) = (4, 4, 1, 256): 1833 ms
Performance at tile_size (t2, t3, t4, t5) = (4, 4, 2, 1): 1845 ms
Performance at tile_size (t2, t3, t4, t5) = (4, 4, 2, 2): 1774 ms
Performance at tile_size (t2, t3, t4, t5) = (4, 4, 2, 4): 1766 ms
Performance at tile_size (t2, t3, t4, t5) = (4, 4, 2, 8): 1830 ms
Performance at tile_size (t2, t3, t4, t5) = (4, 4, 2, 16): 1776 ms
Performance at tile_size (t2, t3, t4, t5) = (4, 4, 2, 32): 1795 ms
Performance at tile_size (t2, t3, t4, t5) = (4, 4, 2, 64): 1772 ms
Performance at tile_size (t2, t3, t4, t5) = (4, 4, 2, 128): 1794 ms
Performance at tile_size (t2, t3, t4, t5) = (4, 4, 2, 256): 1765 ms
Performance at tile_size (t2, t3, t4, t5) = (4, 4, 4, 1): 1765 ms
Performance at tile_size (t2, t3, t4, t5) = (4, 4, 4, 2): 1773 ms
Performance at tile_size (t2, t3, t4, t5) = (4, 4, 4, 4): 1764 ms
Performance at tile_size (t2, t3, t4, t5) = (4, 4, 4, 8): 1811 ms
Performance at tile_size (t2, t3, t4, t5) = (4, 4, 4, 16): 1772 ms
Performance at tile_size (t2, t3, t4, t5) = (4, 4, 4, 32): 1775 ms
Performance at tile_size (t2, t3, t4, t5) = (4, 4, 4, 64): 1762 ms
Performance at tile_size (t2, t3, t4, t5) = (4, 4, 4, 128): 1780 ms
Performance at tile_size (t2, t3, t4, t5) = (4, 4, 4, 256): 1766 ms
Performance at tile_size (t2, t3, t4, t5) = (4, 4, 8, 1): 1813 ms
Performance at tile_size (t2, t3, t4, t5) = (4, 4, 8, 2): 1768 ms
Performance at tile_size (t2, t3, t4, t5) = (4, 4, 8, 4): 1790 ms
Performance at tile_size (t2, t3, t4, t5) = (4, 4, 8, 8): 1842 ms
Performance at tile_size (t2, t3, t4, t5) = (4, 4, 8, 16): 1785 ms
Performance at tile_size (t2, t3, t4, t5) = (4, 4, 8, 32): 1755 ms
Performance at tile_size (t2, t3, t4, t5) = (4, 4, 8, 64): 1778 ms
Performance at tile_size (t2, t3, t4, t5) = (4, 4, 8, 128): 1774 ms
Performance at tile_size (t2, t3, t4, t5) = (4, 4, 8, 256): 1789 ms
Performance at tile_size (t2, t3, t4, t5) = (4, 4, 16, 1): 1830 ms
Performance at tile_size (t2, t3, t4, t5) = (4, 4, 16, 2): 1888 ms
Performance at tile_size (t2, t3, t4, t5) = (4, 4, 16, 4): 1942 ms
Performance at tile_size (t2, t3, t4, t5) = (4, 4, 16, 8): 1908 ms
Performance at tile_size (t2, t3, t4, t5) = (4, 4, 16, 16): 1869 ms
Performance at tile_size (t2, t3, t4, t5) = (4, 4, 16, 32): 1859 ms
Performance at tile_size (t2, t3, t4, t5) = (4, 4, 16, 64): 1788 ms
Performance at tile_size (t2, t3, t4, t5) = (4, 4, 16, 128): 1795 ms
Performance at tile_size (t2, t3, t4, t5) = (4, 4, 16, 256): 1809 ms
Performance at tile_size (t2, t3, t4, t5) = (4, 4, 32, 1): 1813 ms
Performance at tile_size (t2, t3, t4, t5) = (4, 4, 32, 2): 1879 ms
Performance at tile_size (t2, t3, t4, t5) = (4, 4, 32, 4): 1769 ms
Performance at tile_size (t2, t3, t4, t5) = (4, 4, 32, 8): 1730 ms
Performance at tile_size (t2, t3, t4, t5) = (4, 4, 32, 16): 1768 ms
Performance at tile_size (t2, t3, t4, t5) = (4, 4, 32, 32): 1769 ms
Performance at tile_size (t2, t3, t4, t5) = (4, 4, 32, 64): 1791 ms
Performance at tile_size (t2, t3, t4, t5) = (4, 4, 32, 128): 1769 ms
Performance at tile_size (t2, t3, t4, t5) = (4, 4, 32, 256): 1720 ms
Performance at tile_size (t2, t3, t4, t5) = (4, 4, 64, 1): 1818 ms
Performance at tile_size (t2, t3, t4, t5) = (4, 4, 64, 2): 1798 ms
Performance at tile_size (t2, t3, t4, t5) = (4, 4, 64, 4): 1884 ms
Performance at tile_size (t2, t3, t4, t5) = (4, 4, 64, 8): 1773 ms
Performance at tile_size (t2, t3, t4, t5) = (4, 4, 64, 16): 1898 ms
Performance at tile_size (t2, t3, t4, t5) = (4, 4, 64, 32): 1793 ms
Performance at tile_size (t2, t3, t4, t5) = (4, 4, 64, 64): 1731 ms
Performance at tile_size (t2, t3, t4, t5) = (4, 4, 64, 128): 1805 ms
Performance at tile_size (t2, t3, t4, t5) = (4, 4, 64, 256): 1840 ms
Performance at tile_size (t2, t3, t4, t5) = (4, 4, 128, 1): 1766 ms
Performance at tile_size (t2, t3, t4, t5) = (4, 4, 128, 2): 1818 ms
Performance at tile_size (t2, t3, t4, t5) = (4, 4, 128, 4): 1761 ms
Performance at tile_size (t2, t3, t4, t5) = (4, 4, 128, 8): 1765 ms
Performance at tile_size (t2, t3, t4, t5) = (4, 4, 128, 16): 1807 ms
Performance at tile_size (t2, t3, t4, t5) = (4, 4, 128, 32): 1829 ms
Performance at tile_size (t2, t3, t4, t5) = (4, 4, 128, 64): 1796 ms
Performance at tile_size (t2, t3, t4, t5) = (4, 4, 128, 128): 1771 ms
Performance at tile_size (t2, t3, t4, t5) = (4, 4, 128, 256): 1770 ms
Performance at tile_size (t2, t3, t4, t5) = (4, 4, 256, 1): 1821 ms
Performance at tile_size (t2, t3, t4, t5) = (4, 4, 256, 2): 1885 ms
Performance at tile_size (t2, t3, t4, t5) = (4, 4, 256, 4): 1819 ms
Performance at tile_size (t2, t3, t4, t5) = (4, 4, 256, 8): 1796 ms
Performance at tile_size (t2, t3, t4, t5) = (4, 4, 256, 16): 1814 ms
Performance at tile_size (t2, t3, t4, t5) = (4, 4, 256, 32): 1808 ms
Performance at tile_size (t2, t3, t4, t5) = (4, 4, 256, 64): 1862 ms
Performance at tile_size (t2, t3, t4, t5) = (4, 4, 256, 128): 1888 ms
Performance at tile_size (t2, t3, t4, t5) = (4, 4, 256, 256): 1788 ms
Performance at tile_size (t2, t3, t4, t5) = (4, 8, 1, 1): 1777 ms
Performance at tile_size (t2, t3, t4, t5) = (4, 8, 1, 2): 1829 ms
Performance at tile_size (t2, t3, t4, t5) = (4, 8, 1, 4): 1809 ms
Performance at tile_size (t2, t3, t4, t5) = (4, 8, 1, 8): 1791 ms
Performance at tile_size (t2, t3, t4, t5) = (4, 8, 1, 16): 1806 ms
Performance at tile_size (t2, t3, t4, t5) = (4, 8, 1, 32): 1780 ms
Performance at tile_size (t2, t3, t4, t5) = (4, 8, 1, 64): 1841 ms
Performance at tile_size (t2, t3, t4, t5) = (4, 8, 1, 128): 1769 ms
Performance at tile_size (t2, t3, t4, t5) = (4, 8, 1, 256): 1845 ms
Performance at tile_size (t2, t3, t4, t5) = (4, 8, 2, 1): 1884 ms
Performance at tile_size (t2, t3, t4, t5) = (4, 8, 2, 2): 1824 ms
Performance at tile_size (t2, t3, t4, t5) = (4, 8, 2, 4): 1806 ms
Performance at tile_size (t2, t3, t4, t5) = (4, 8, 2, 8): 1767 ms
Performance at tile_size (t2, t3, t4, t5) = (4, 8, 2, 16): 1751 ms
Performance at tile_size (t2, t3, t4, t5) = (4, 8, 2, 32): 1800 ms
Performance at tile_size (t2, t3, t4, t5) = (4, 8, 2, 64): 1769 ms
Performance at tile_size (t2, t3, t4, t5) = (4, 8, 2, 128): 1764 ms
Performance at tile_size (t2, t3, t4, t5) = (4, 8, 2, 256): 1805 ms
Performance at tile_size (t2, t3, t4, t5) = (4, 8, 4, 1): 1816 ms
Performance at tile_size (t2, t3, t4, t5) = (4, 8, 4, 2): 1846 ms
Performance at tile_size (t2, t3, t4, t5) = (4, 8, 4, 4): 1787 ms
Performance at tile_size (t2, t3, t4, t5) = (4, 8, 4, 8): 1876 ms
Performance at tile_size (t2, t3, t4, t5) = (4, 8, 4, 16): 1778 ms
Performance at tile_size (t2, t3, t4, t5) = (4, 8, 4, 32): 1790 ms
Performance at tile_size (t2, t3, t4, t5) = (4, 8, 4, 64): 1914 ms
Performance at tile_size (t2, t3, t4, t5) = (4, 8, 4, 128): 1875 ms
Performance at tile_size (t2, t3, t4, t5) = (4, 8, 4, 256): 1833 ms
Performance at tile_size (t2, t3, t4, t5) = (4, 8, 8, 1): 1774 ms
Performance at tile_size (t2, t3, t4, t5) = (4, 8, 8, 2): 1762 ms
Performance at tile_size (t2, t3, t4, t5) = (4, 8, 8, 4): 1794 ms
Performance at tile_size (t2, t3, t4, t5) = (4, 8, 8, 8): 1768 ms
Performance at tile_size (t2, t3, t4, t5) = (4, 8, 8, 16): 1823 ms
Performance at tile_size (t2, t3, t4, t5) = (4, 8, 8, 32): 1804 ms
Performance at tile_size (t2, t3, t4, t5) = (4, 8, 8, 64): 1854 ms
Performance at tile_size (t2, t3, t4, t5) = (4, 8, 8, 128): 1776 ms
Performance at tile_size (t2, t3, t4, t5) = (4, 8, 8, 256): 1855 ms
Performance at tile_size (t2, t3, t4, t5) = (4, 8, 16, 1): 1805 ms
Performance at tile_size (t2, t3, t4, t5) = (4, 8, 16, 2): 1775 ms
Performance at tile_size (t2, t3, t4, t5) = (4, 8, 16, 4): 1837 ms
Performance at tile_size (t2, t3, t4, t5) = (4, 8, 16, 8): 1819 ms
Performance at tile_size (t2, t3, t4, t5) = (4, 8, 16, 16): 1872 ms
Performance at tile_size (t2, t3, t4, t5) = (4, 8, 16, 32): 1775 ms
Performance at tile_size (t2, t3, t4, t5) = (4, 8, 16, 64): 1765 ms
Performance at tile_size (t2, t3, t4, t5) = (4, 8, 16, 128): 1763 ms
Performance at tile_size (t2, t3, t4, t5) = (4, 8, 16, 256): 1775 ms
Performance at tile_size (t2, t3, t4, t5) = (4, 8, 32, 1): 1880 ms
Performance at tile_size (t2, t3, t4, t5) = (4, 8, 32, 2): 1734 ms
Performance at tile_size (t2, t3, t4, t5) = (4, 8, 32, 4): 1813 ms
Performance at tile_size (t2, t3, t4, t5) = (4, 8, 32, 8): 1864 ms
Performance at tile_size (t2, t3, t4, t5) = (4, 8, 32, 16): 1749 ms
Performance at tile_size (t2, t3, t4, t5) = (4, 8, 32, 32): 1788 ms
Performance at tile_size (t2, t3, t4, t5) = (4, 8, 32, 64): 1851 ms
Performance at tile_size (t2, t3, t4, t5) = (4, 8, 32, 128): 1848 ms
Performance at tile_size (t2, t3, t4, t5) = (4, 8, 32, 256): 1763 ms
Performance at tile_size (t2, t3, t4, t5) = (4, 8, 64, 1): 1800 ms
Performance at tile_size (t2, t3, t4, t5) = (4, 8, 64, 2): 1824 ms
Performance at tile_size (t2, t3, t4, t5) = (4, 8, 64, 4): 1778 ms
Performance at tile_size (t2, t3, t4, t5) = (4, 8, 64, 8): 1814 ms
Performance at tile_size (t2, t3, t4, t5) = (4, 8, 64, 16): 1834 ms
Performance at tile_size (t2, t3, t4, t5) = (4, 8, 64, 32): 1889 ms
Performance at tile_size (t2, t3, t4, t5) = (4, 8, 64, 64): 1766 ms
Performance at tile_size (t2, t3, t4, t5) = (4, 8, 64, 128): 1757 ms
Performance at tile_size (t2, t3, t4, t5) = (4, 8, 64, 256): 1774 ms
Performance at tile_size (t2, t3, t4, t5) = (4, 8, 128, 1): 1772 ms
Performance at tile_size (t2, t3, t4, t5) = (4, 8, 128, 2): 1730 ms
Performance at tile_size (t2, t3, t4, t5) = (4, 8, 128, 4): 1766 ms
Performance at tile_size (t2, t3, t4, t5) = (4, 8, 128, 8): 1769 ms
Performance at tile_size (t2, t3, t4, t5) = (4, 8, 128, 16): 1845 ms
Performance at tile_size (t2, t3, t4, t5) = (4, 8, 128, 32): 1911 ms
Performance at tile_size (t2, t3, t4, t5) = (4, 8, 128, 64): 1799 ms
Performance at tile_size (t2, t3, t4, t5) = (4, 8, 128, 128): 1842 ms
Performance at tile_size (t2, t3, t4, t5) = (4, 8, 128, 256): 1785 ms
Performance at tile_size (t2, t3, t4, t5) = (4, 8, 256, 1): 1823 ms
Performance at tile_size (t2, t3, t4, t5) = (4, 8, 256, 2): 1851 ms
Performance at tile_size (t2, t3, t4, t5) = (4, 8, 256, 4): 1754 ms
Performance at tile_size (t2, t3, t4, t5) = (4, 8, 256, 8): 1796 ms
Performance at tile_size (t2, t3, t4, t5) = (4, 8, 256, 16): 1829 ms
Performance at tile_size (t2, t3, t4, t5) = (4, 8, 256, 32): 1856 ms
Performance at tile_size (t2, t3, t4, t5) = (4, 8, 256, 64): 1918 ms
Performance at tile_size (t2, t3, t4, t5) = (4, 8, 256, 128): 1836 ms
Performance at tile_size (t2, t3, t4, t5) = (4, 8, 256, 256): 1902 ms
Performance at tile_size (t2, t3, t4, t5) = (4, 16, 1, 1): 1876 ms
Performance at tile_size (t2, t3, t4, t5) = (4, 16, 1, 2): 1816 ms
Performance at tile_size (t2, t3, t4, t5) = (4, 16, 1, 4): 1826 ms
Performance at tile_size (t2, t3, t4, t5) = (4, 16, 1, 8): 1758 ms
Performance at tile_size (t2, t3, t4, t5) = (4, 16, 1, 16): 1774 ms
Performance at tile_size (t2, t3, t4, t5) = (4, 16, 1, 32): 1782 ms
Performance at tile_size (t2, t3, t4, t5) = (4, 16, 1, 64): 1763 ms
Performance at tile_size (t2, t3, t4, t5) = (4, 16, 1, 128): 1761 ms
Performance at tile_size (t2, t3, t4, t5) = (4, 16, 1, 256): 1776 ms
Performance at tile_size (t2, t3, t4, t5) = (4, 16, 2, 1): 1815 ms
Performance at tile_size (t2, t3, t4, t5) = (4, 16, 2, 2): 1791 ms
Performance at tile_size (t2, t3, t4, t5) = (4, 16, 2, 4): 1888 ms
Performance at tile_size (t2, t3, t4, t5) = (4, 16, 2, 8): 1853 ms
Performance at tile_size (t2, t3, t4, t5) = (4, 16, 2, 16): 1774 ms
Performance at tile_size (t2, t3, t4, t5) = (4, 16, 2, 32): 1792 ms
Performance at tile_size (t2, t3, t4, t5) = (4, 16, 2, 64): 1812 ms
Performance at tile_size (t2, t3, t4, t5) = (4, 16, 2, 128): 1881 ms
Performance at tile_size (t2, t3, t4, t5) = (4, 16, 2, 256): 1873 ms
Performance at tile_size (t2, t3, t4, t5) = (4, 16, 4, 1): 1787 ms
Performance at tile_size (t2, t3, t4, t5) = (4, 16, 4, 2): 1792 ms
Performance at tile_size (t2, t3, t4, t5) = (4, 16, 4, 4): 1801 ms
Performance at tile_size (t2, t3, t4, t5) = (4, 16, 4, 8): 1772 ms
Performance at tile_size (t2, t3, t4, t5) = (4, 16, 4, 16): 1790 ms
Performance at tile_size (t2, t3, t4, t5) = (4, 16, 4, 32): 1807 ms
Performance at tile_size (t2, t3, t4, t5) = (4, 16, 4, 64): 1851 ms
Performance at tile_size (t2, t3, t4, t5) = (4, 16, 4, 128): 1749 ms
Performance at tile_size (t2, t3, t4, t5) = (4, 16, 4, 256): 1846 ms
Performance at tile_size (t2, t3, t4, t5) = (4, 16, 8, 1): 1884 ms
Performance at tile_size (t2, t3, t4, t5) = (4, 16, 8, 2): 1842 ms
Performance at tile_size (t2, t3, t4, t5) = (4, 16, 8, 4): 1909 ms
Performance at tile_size (t2, t3, t4, t5) = (4, 16, 8, 8): 1908 ms
Performance at tile_size (t2, t3, t4, t5) = (4, 16, 8, 16): 1855 ms
Performance at tile_size (t2, t3, t4, t5) = (4, 16, 8, 32): 1801 ms
Performance at tile_size (t2, t3, t4, t5) = (4, 16, 8, 64): 1766 ms
Performance at tile_size (t2, t3, t4, t5) = (4, 16, 8, 128): 1764 ms
Performance at tile_size (t2, t3, t4, t5) = (4, 16, 8, 256): 1845 ms
Performance at tile_size (t2, t3, t4, t5) = (4, 16, 16, 1): 1870 ms
Performance at tile_size (t2, t3, t4, t5) = (4, 16, 16, 2): 1778 ms
Performance at tile_size (t2, t3, t4, t5) = (4, 16, 16, 4): 1842 ms
Performance at tile_size (t2, t3, t4, t5) = (4, 16, 16, 8): 1758 ms
Performance at tile_size (t2, t3, t4, t5) = (4, 16, 16, 16): 1813 ms
Performance at tile_size (t2, t3, t4, t5) = (4, 16, 16, 32): 1801 ms
Performance at tile_size (t2, t3, t4, t5) = (4, 16, 16, 64): 1814 ms
Performance at tile_size (t2, t3, t4, t5) = (4, 16, 16, 128): 1815 ms
Performance at tile_size (t2, t3, t4, t5) = (4, 16, 16, 256): 1858 ms
Performance at tile_size (t2, t3, t4, t5) = (4, 16, 32, 1): 1888 ms
Performance at tile_size (t2, t3, t4, t5) = (4, 16, 32, 2): 1862 ms
Performance at tile_size (t2, t3, t4, t5) = (4, 16, 32, 4): 1830 ms
Performance at tile_size (t2, t3, t4, t5) = (4, 16, 32, 8): 1845 ms
Performance at tile_size (t2, t3, t4, t5) = (4, 16, 32, 16): 1770 ms
Performance at tile_size (t2, t3, t4, t5) = (4, 16, 32, 32): 1953 ms
Performance at tile_size (t2, t3, t4, t5) = (4, 16, 32, 64): 1842 ms
Performance at tile_size (t2, t3, t4, t5) = (4, 16, 32, 128): 1808 ms
Performance at tile_size (t2, t3, t4, t5) = (4, 16, 32, 256): 1860 ms
Performance at tile_size (t2, t3, t4, t5) = (4, 16, 64, 1): 1844 ms
Performance at tile_size (t2, t3, t4, t5) = (4, 16, 64, 2): 1771 ms
Performance at tile_size (t2, t3, t4, t5) = (4, 16, 64, 4): 1786 ms
Performance at tile_size (t2, t3, t4, t5) = (4, 16, 64, 8): 1768 ms
Performance at tile_size (t2, t3, t4, t5) = (4, 16, 64, 16): 1806 ms
Performance at tile_size (t2, t3, t4, t5) = (4, 16, 64, 32): 1750 ms
Performance at tile_size (t2, t3, t4, t5) = (4, 16, 64, 64): 1844 ms
Performance at tile_size (t2, t3, t4, t5) = (4, 16, 64, 128): 1843 ms
Performance at tile_size (t2, t3, t4, t5) = (4, 16, 64, 256): 1749 ms
Performance at tile_size (t2, t3, t4, t5) = (4, 16, 128, 1): 1767 ms
Performance at tile_size (t2, t3, t4, t5) = (4, 16, 128, 2): 1754 ms
Performance at tile_size (t2, t3, t4, t5) = (4, 16, 128, 4): 1758 ms
Performance at tile_size (t2, t3, t4, t5) = (4, 16, 128, 8): 1772 ms
Performance at tile_size (t2, t3, t4, t5) = (4, 16, 128, 16): 1786 ms
Performance at tile_size (t2, t3, t4, t5) = (4, 16, 128, 32): 1747 ms
Performance at tile_size (t2, t3, t4, t5) = (4, 16, 128, 64): 1806 ms
Performance at tile_size (t2, t3, t4, t5) = (4, 16, 128, 128): 1810 ms
Performance at tile_size (t2, t3, t4, t5) = (4, 16, 128, 256): 1741 ms
Performance at tile_size (t2, t3, t4, t5) = (4, 16, 256, 1): 1872 ms
Performance at tile_size (t2, t3, t4, t5) = (4, 16, 256, 2): 1843 ms
Performance at tile_size (t2, t3, t4, t5) = (4, 16, 256, 4): 1791 ms
Performance at tile_size (t2, t3, t4, t5) = (4, 16, 256, 8): 1780 ms
Performance at tile_size (t2, t3, t4, t5) = (4, 16, 256, 16): 1779 ms
Performance at tile_size (t2, t3, t4, t5) = (4, 16, 256, 32): 1776 ms
Performance at tile_size (t2, t3, t4, t5) = (4, 16, 256, 64): 1743 ms
Performance at tile_size (t2, t3, t4, t5) = (4, 16, 256, 128): 1776 ms
Performance at tile_size (t2, t3, t4, t5) = (4, 16, 256, 256): 1922 ms
Performance at tile_size (t2, t3, t4, t5) = (4, 32, 1, 1): 1890 ms
Performance at tile_size (t2, t3, t4, t5) = (4, 32, 1, 2): 1803 ms
Performance at tile_size (t2, t3, t4, t5) = (4, 32, 1, 4): 1779 ms
Performance at tile_size (t2, t3, t4, t5) = (4, 32, 1, 8): 1810 ms
Performance at tile_size (t2, t3, t4, t5) = (4, 32, 1, 16): 1791 ms
Performance at tile_size (t2, t3, t4, t5) = (4, 32, 1, 32): 1900 ms
Performance at tile_size (t2, t3, t4, t5) = (4, 32, 1, 64): 1836 ms
Performance at tile_size (t2, t3, t4, t5) = (4, 32, 1, 128): 1875 ms
Performance at tile_size (t2, t3, t4, t5) = (4, 32, 1, 256): 1897 ms
Performance at tile_size (t2, t3, t4, t5) = (4, 32, 2, 1): 1804 ms
Performance at tile_size (t2, t3, t4, t5) = (4, 32, 2, 2): 1909 ms
Performance at tile_size (t2, t3, t4, t5) = (4, 32, 2, 4): 1863 ms
Performance at tile_size (t2, t3, t4, t5) = (4, 32, 2, 8): 1800 ms
Performance at tile_size (t2, t3, t4, t5) = (4, 32, 2, 16): 1799 ms
Performance at tile_size (t2, t3, t4, t5) = (4, 32, 2, 32): 1755 ms
Performance at tile_size (t2, t3, t4, t5) = (4, 32, 2, 64): 1886 ms
Performance at tile_size (t2, t3, t4, t5) = (4, 32, 2, 128): 1977 ms
Performance at tile_size (t2, t3, t4, t5) = (4, 32, 2, 256): 1844 ms
Performance at tile_size (t2, t3, t4, t5) = (4, 32, 4, 1): 1884 ms
Performance at tile_size (t2, t3, t4, t5) = (4, 32, 4, 2): 1896 ms
Performance at tile_size (t2, t3, t4, t5) = (4, 32, 4, 4): 1820 ms
Performance at tile_size (t2, t3, t4, t5) = (4, 32, 4, 8): 1811 ms
Performance at tile_size (t2, t3, t4, t5) = (4, 32, 4, 16): 1777 ms
Performance at tile_size (t2, t3, t4, t5) = (4, 32, 4, 32): 1777 ms
Performance at tile_size (t2, t3, t4, t5) = (4, 32, 4, 64): 1785 ms
Performance at tile_size (t2, t3, t4, t5) = (4, 32, 4, 128): 1815 ms
Performance at tile_size (t2, t3, t4, t5) = (4, 32, 4, 256): 1840 ms
Performance at tile_size (t2, t3, t4, t5) = (4, 32, 8, 1): 1790 ms
Performance at tile_size (t2, t3, t4, t5) = (4, 32, 8, 2): 1780 ms
Performance at tile_size (t2, t3, t4, t5) = (4, 32, 8, 4): 1866 ms
Performance at tile_size (t2, t3, t4, t5) = (4, 32, 8, 8): 1847 ms
Performance at tile_size (t2, t3, t4, t5) = (4, 32, 8, 16): 1796 ms
Performance at tile_size (t2, t3, t4, t5) = (4, 32, 8, 32): 1740 ms
Performance at tile_size (t2, t3, t4, t5) = (4, 32, 8, 64): 1783 ms
Performance at tile_size (t2, t3, t4, t5) = (4, 32, 8, 128): 1776 ms
Performance at tile_size (t2, t3, t4, t5) = (4, 32, 8, 256): 1794 ms
Performance at tile_size (t2, t3, t4, t5) = (4, 32, 16, 1): 1805 ms
Performance at tile_size (t2, t3, t4, t5) = (4, 32, 16, 2): 1802 ms
Performance at tile_size (t2, t3, t4, t5) = (4, 32, 16, 4): 1766 ms
Performance at tile_size (t2, t3, t4, t5) = (4, 32, 16, 8): 1808 ms
Performance at tile_size (t2, t3, t4, t5) = (4, 32, 16, 16): 1770 ms
Performance at tile_size (t2, t3, t4, t5) = (4, 32, 16, 32): 1875 ms
Performance at tile_size (t2, t3, t4, t5) = (4, 32, 16, 64): 1757 ms
Performance at tile_size (t2, t3, t4, t5) = (4, 32, 16, 128): 1782 ms
Performance at tile_size (t2, t3, t4, t5) = (4, 32, 16, 256): 1810 ms
Performance at tile_size (t2, t3, t4, t5) = (4, 32, 32, 1): 1794 ms
Performance at tile_size (t2, t3, t4, t5) = (4, 32, 32, 2): 1841 ms
Performance at tile_size (t2, t3, t4, t5) = (4, 32, 32, 4): 1793 ms
Performance at tile_size (t2, t3, t4, t5) = (4, 32, 32, 8): 1786 ms
Performance at tile_size (t2, t3, t4, t5) = (4, 32, 32, 16): 1788 ms
Performance at tile_size (t2, t3, t4, t5) = (4, 32, 32, 32): 1743 ms
Performance at tile_size (t2, t3, t4, t5) = (4, 32, 32, 64): 1800 ms
Performance at tile_size (t2, t3, t4, t5) = (4, 32, 32, 128): 1798 ms
Performance at tile_size (t2, t3, t4, t5) = (4, 32, 32, 256): 1867 ms
Performance at tile_size (t2, t3, t4, t5) = (4, 32, 64, 1): 1789 ms
Performance at tile_size (t2, t3, t4, t5) = (4, 32, 64, 2): 1866 ms
Performance at tile_size (t2, t3, t4, t5) = (4, 32, 64, 4): 1705 ms
Performance at tile_size (t2, t3, t4, t5) = (4, 32, 64, 8): 1794 ms
Performance at tile_size (t2, t3, t4, t5) = (4, 32, 64, 16): 1841 ms
Performance at tile_size (t2, t3, t4, t5) = (4, 32, 64, 32): 1883 ms
Performance at tile_size (t2, t3, t4, t5) = (4, 32, 64, 64): 1790 ms
Performance at tile_size (t2, t3, t4, t5) = (4, 32, 64, 128): 1759 ms
Performance at tile_size (t2, t3, t4, t5) = (4, 32, 64, 256): 1852 ms
Performance at tile_size (t2, t3, t4, t5) = (4, 32, 128, 1): 1816 ms
Performance at tile_size (t2, t3, t4, t5) = (4, 32, 128, 2): 1788 ms
Performance at tile_size (t2, t3, t4, t5) = (4, 32, 128, 4): 1846 ms
Performance at tile_size (t2, t3, t4, t5) = (4, 32, 128, 8): 1791 ms
Performance at tile_size (t2, t3, t4, t5) = (4, 32, 128, 16): 1775 ms
Performance at tile_size (t2, t3, t4, t5) = (4, 32, 128, 32): 1914 ms
Performance at tile_size (t2, t3, t4, t5) = (4, 32, 128, 64): 1787 ms
Performance at tile_size (t2, t3, t4, t5) = (4, 32, 128, 128): 1790 ms
Performance at tile_size (t2, t3, t4, t5) = (4, 32, 128, 256): 1893 ms
Performance at tile_size (t2, t3, t4, t5) = (4, 32, 256, 1): 1821 ms
Performance at tile_size (t2, t3, t4, t5) = (4, 32, 256, 2): 1814 ms
Performance at tile_size (t2, t3, t4, t5) = (4, 32, 256, 4): 1831 ms
Performance at tile_size (t2, t3, t4, t5) = (4, 32, 256, 8): 1877 ms
Performance at tile_size (t2, t3, t4, t5) = (4, 32, 256, 16): 1808 ms
Performance at tile_size (t2, t3, t4, t5) = (4, 32, 256, 32): 1769 ms
Performance at tile_size (t2, t3, t4, t5) = (4, 32, 256, 64): 1789 ms
Performance at tile_size (t2, t3, t4, t5) = (4, 32, 256, 128): 1873 ms
Performance at tile_size (t2, t3, t4, t5) = (4, 32, 256, 256): 1875 ms
Performance at tile_size (t2, t3, t4, t5) = (4, 64, 1, 1): 1832 ms
Performance at tile_size (t2, t3, t4, t5) = (4, 64, 1, 2): 1789 ms
Performance at tile_size (t2, t3, t4, t5) = (4, 64, 1, 4): 1759 ms
Performance at tile_size (t2, t3, t4, t5) = (4, 64, 1, 8): 1744 ms
Performance at tile_size (t2, t3, t4, t5) = (4, 64, 1, 16): 1784 ms
Performance at tile_size (t2, t3, t4, t5) = (4, 64, 1, 32): 1814 ms
Performance at tile_size (t2, t3, t4, t5) = (4, 64, 1, 64): 1824 ms
Performance at tile_size (t2, t3, t4, t5) = (4, 64, 1, 128): 1829 ms
Performance at tile_size (t2, t3, t4, t5) = (4, 64, 1, 256): 1770 ms
Performance at tile_size (t2, t3, t4, t5) = (4, 64, 2, 1): 1781 ms
Performance at tile_size (t2, t3, t4, t5) = (4, 64, 2, 2): 1817 ms
Performance at tile_size (t2, t3, t4, t5) = (4, 64, 2, 4): 1792 ms
Performance at tile_size (t2, t3, t4, t5) = (4, 64, 2, 8): 1807 ms
Performance at tile_size (t2, t3, t4, t5) = (4, 64, 2, 16): 1883 ms
Performance at tile_size (t2, t3, t4, t5) = (4, 64, 2, 32): 1912 ms
Performance at tile_size (t2, t3, t4, t5) = (4, 64, 2, 64): 1816 ms
Performance at tile_size (t2, t3, t4, t5) = (4, 64, 2, 128): 1836 ms
Performance at tile_size (t2, t3, t4, t5) = (4, 64, 2, 256): 1808 ms
Performance at tile_size (t2, t3, t4, t5) = (4, 64, 4, 1): 1787 ms
Performance at tile_size (t2, t3, t4, t5) = (4, 64, 4, 2): 1751 ms
Performance at tile_size (t2, t3, t4, t5) = (4, 64, 4, 4): 1819 ms
Performance at tile_size (t2, t3, t4, t5) = (4, 64, 4, 8): 1774 ms
Performance at tile_size (t2, t3, t4, t5) = (4, 64, 4, 16): 1799 ms
Performance at tile_size (t2, t3, t4, t5) = (4, 64, 4, 32): 1849 ms
Performance at tile_size (t2, t3, t4, t5) = (4, 64, 4, 64): 1774 ms
Performance at tile_size (t2, t3, t4, t5) = (4, 64, 4, 128): 1898 ms
Performance at tile_size (t2, t3, t4, t5) = (4, 64, 4, 256): 1786 ms
Performance at tile_size (t2, t3, t4, t5) = (4, 64, 8, 1): 1796 ms
Performance at tile_size (t2, t3, t4, t5) = (4, 64, 8, 2): 1830 ms
Performance at tile_size (t2, t3, t4, t5) = (4, 64, 8, 4): 1798 ms
Performance at tile_size (t2, t3, t4, t5) = (4, 64, 8, 8): 1777 ms
Performance at tile_size (t2, t3, t4, t5) = (4, 64, 8, 16): 1852 ms
Performance at tile_size (t2, t3, t4, t5) = (4, 64, 8, 32): 1780 ms
Performance at tile_size (t2, t3, t4, t5) = (4, 64, 8, 64): 1784 ms
Performance at tile_size (t2, t3, t4, t5) = (4, 64, 8, 128): 1803 ms
Performance at tile_size (t2, t3, t4, t5) = (4, 64, 8, 256): 1824 ms
Performance at tile_size (t2, t3, t4, t5) = (4, 64, 16, 1): 1787 ms
Performance at tile_size (t2, t3, t4, t5) = (4, 64, 16, 2): 1732 ms
Performance at tile_size (t2, t3, t4, t5) = (4, 64, 16, 4): 1797 ms
Performance at tile_size (t2, t3, t4, t5) = (4, 64, 16, 8): 1752 ms
Performance at tile_size (t2, t3, t4, t5) = (4, 64, 16, 16): 1798 ms
Performance at tile_size (t2, t3, t4, t5) = (4, 64, 16, 32): 1845 ms
Performance at tile_size (t2, t3, t4, t5) = (4, 64, 16, 64): 1890 ms
Performance at tile_size (t2, t3, t4, t5) = (4, 64, 16, 128): 1883 ms
Performance at tile_size (t2, t3, t4, t5) = (4, 64, 16, 256): 1850 ms
Performance at tile_size (t2, t3, t4, t5) = (4, 64, 32, 1): 1882 ms
Performance at tile_size (t2, t3, t4, t5) = (4, 64, 32, 2): 1765 ms
Performance at tile_size (t2, t3, t4, t5) = (4, 64, 32, 4): 1827 ms
Performance at tile_size (t2, t3, t4, t5) = (4, 64, 32, 8): 1793 ms
Performance at tile_size (t2, t3, t4, t5) = (4, 64, 32, 16): 1832 ms
Performance at tile_size (t2, t3, t4, t5) = (4, 64, 32, 32): 1800 ms
Performance at tile_size (t2, t3, t4, t5) = (4, 64, 32, 64): 1774 ms
Performance at tile_size (t2, t3, t4, t5) = (4, 64, 32, 128): 1858 ms
Performance at tile_size (t2, t3, t4, t5) = (4, 64, 32, 256): 1774 ms
Performance at tile_size (t2, t3, t4, t5) = (4, 64, 64, 1): 1769 ms
Performance at tile_size (t2, t3, t4, t5) = (4, 64, 64, 2): 1897 ms
Performance at tile_size (t2, t3, t4, t5) = (4, 64, 64, 4): 1777 ms
Performance at tile_size (t2, t3, t4, t5) = (4, 64, 64, 8): 1761 ms
Performance at tile_size (t2, t3, t4, t5) = (4, 64, 64, 16): 1736 ms
Performance at tile_size (t2, t3, t4, t5) = (4, 64, 64, 32): 1790 ms
Performance at tile_size (t2, t3, t4, t5) = (4, 64, 64, 64): 1760 ms
Performance at tile_size (t2, t3, t4, t5) = (4, 64, 64, 128): 1879 ms
Performance at tile_size (t2, t3, t4, t5) = (4, 64, 64, 256): 1778 ms
Performance at tile_size (t2, t3, t4, t5) = (4, 64, 128, 1): 1790 ms
Performance at tile_size (t2, t3, t4, t5) = (4, 64, 128, 2): 1767 ms
Performance at tile_size (t2, t3, t4, t5) = (4, 64, 128, 4): 1830 ms
Performance at tile_size (t2, t3, t4, t5) = (4, 64, 128, 8): 1733 ms
Performance at tile_size (t2, t3, t4, t5) = (4, 64, 128, 16): 1779 ms
Performance at tile_size (t2, t3, t4, t5) = (4, 64, 128, 32): 1797 ms
Performance at tile_size (t2, t3, t4, t5) = (4, 64, 128, 64): 1748 ms
Performance at tile_size (t2, t3, t4, t5) = (4, 64, 128, 128): 1788 ms
Performance at tile_size (t2, t3, t4, t5) = (4, 64, 128, 256): 1785 ms
Performance at tile_size (t2, t3, t4, t5) = (4, 64, 256, 1): 1776 ms
Performance at tile_size (t2, t3, t4, t5) = (4, 64, 256, 2): 1805 ms
Performance at tile_size (t2, t3, t4, t5) = (4, 64, 256, 4): 1771 ms
Performance at tile_size (t2, t3, t4, t5) = (4, 64, 256, 8): 1786 ms
Performance at tile_size (t2, t3, t4, t5) = (4, 64, 256, 16): 1775 ms
Performance at tile_size (t2, t3, t4, t5) = (4, 64, 256, 32): 1748 ms
Performance at tile_size (t2, t3, t4, t5) = (4, 64, 256, 64): 1770 ms
Performance at tile_size (t2, t3, t4, t5) = (4, 64, 256, 128): 1810 ms
Performance at tile_size (t2, t3, t4, t5) = (4, 64, 256, 256): 1862 ms
Performance at tile_size (t2, t3, t4, t5) = (4, 128, 1, 1): 1794 ms
Performance at tile_size (t2, t3, t4, t5) = (4, 128, 1, 2): 1788 ms
Performance at tile_size (t2, t3, t4, t5) = (4, 128, 1, 4): 1884 ms
Performance at tile_size (t2, t3, t4, t5) = (4, 128, 1, 8): 1747 ms
Performance at tile_size (t2, t3, t4, t5) = (4, 128, 1, 16): 1739 ms
Performance at tile_size (t2, t3, t4, t5) = (4, 128, 1, 32): 1766 ms
Performance at tile_size (t2, t3, t4, t5) = (4, 128, 1, 64): 1736 ms
Performance at tile_size (t2, t3, t4, t5) = (4, 128, 1, 128): 1827 ms
Performance at tile_size (t2, t3, t4, t5) = (4, 128, 1, 256): 1793 ms
Performance at tile_size (t2, t3, t4, t5) = (4, 128, 2, 1): 1785 ms
Performance at tile_size (t2, t3, t4, t5) = (4, 128, 2, 2): 1879 ms
Performance at tile_size (t2, t3, t4, t5) = (4, 128, 2, 4): 1872 ms
Performance at tile_size (t2, t3, t4, t5) = (4, 128, 2, 8): 1766 ms
Performance at tile_size (t2, t3, t4, t5) = (4, 128, 2, 16): 1780 ms
Performance at tile_size (t2, t3, t4, t5) = (4, 128, 2, 32): 1765 ms
Performance at tile_size (t2, t3, t4, t5) = (4, 128, 2, 64): 1861 ms
Performance at tile_size (t2, t3, t4, t5) = (4, 128, 2, 128): 1785 ms
Performance at tile_size (t2, t3, t4, t5) = (4, 128, 2, 256): 1791 ms
Performance at tile_size (t2, t3, t4, t5) = (4, 128, 4, 1): 1779 ms
Performance at tile_size (t2, t3, t4, t5) = (4, 128, 4, 2): 1835 ms
Performance at tile_size (t2, t3, t4, t5) = (4, 128, 4, 4): 1857 ms
Performance at tile_size (t2, t3, t4, t5) = (4, 128, 4, 8): 1785 ms
Performance at tile_size (t2, t3, t4, t5) = (4, 128, 4, 16): 1908 ms
Performance at tile_size (t2, t3, t4, t5) = (4, 128, 4, 32): 1750 ms
Performance at tile_size (t2, t3, t4, t5) = (4, 128, 4, 64): 1784 ms
Performance at tile_size (t2, t3, t4, t5) = (4, 128, 4, 128): 1842 ms
Performance at tile_size (t2, t3, t4, t5) = (4, 128, 4, 256): 1846 ms
Performance at tile_size (t2, t3, t4, t5) = (4, 128, 8, 1): 1778 ms
Performance at tile_size (t2, t3, t4, t5) = (4, 128, 8, 2): 1915 ms
Performance at tile_size (t2, t3, t4, t5) = (4, 128, 8, 4): 1849 ms
Performance at tile_size (t2, t3, t4, t5) = (4, 128, 8, 8): 1891 ms
Performance at tile_size (t2, t3, t4, t5) = (4, 128, 8, 16): 1861 ms
Performance at tile_size (t2, t3, t4, t5) = (4, 128, 8, 32): 1793 ms
Performance at tile_size (t2, t3, t4, t5) = (4, 128, 8, 64): 1822 ms
Performance at tile_size (t2, t3, t4, t5) = (4, 128, 8, 128): 1780 ms
Performance at tile_size (t2, t3, t4, t5) = (4, 128, 8, 256): 1827 ms
Performance at tile_size (t2, t3, t4, t5) = (4, 128, 16, 1): 1828 ms
Performance at tile_size (t2, t3, t4, t5) = (4, 128, 16, 2): 1778 ms
Performance at tile_size (t2, t3, t4, t5) = (4, 128, 16, 4): 1768 ms
Performance at tile_size (t2, t3, t4, t5) = (4, 128, 16, 8): 1796 ms
Performance at tile_size (t2, t3, t4, t5) = (4, 128, 16, 16): 1742 ms
Performance at tile_size (t2, t3, t4, t5) = (4, 128, 16, 32): 1823 ms
Performance at tile_size (t2, t3, t4, t5) = (4, 128, 16, 64): 1789 ms
Performance at tile_size (t2, t3, t4, t5) = (4, 128, 16, 128): 1755 ms
Performance at tile_size (t2, t3, t4, t5) = (4, 128, 16, 256): 1776 ms
Performance at tile_size (t2, t3, t4, t5) = (4, 128, 32, 1): 1815 ms
Performance at tile_size (t2, t3, t4, t5) = (4, 128, 32, 2): 1804 ms
Performance at tile_size (t2, t3, t4, t5) = (4, 128, 32, 4): 1842 ms
Performance at tile_size (t2, t3, t4, t5) = (4, 128, 32, 8): 1821 ms
Performance at tile_size (t2, t3, t4, t5) = (4, 128, 32, 16): 1808 ms
Performance at tile_size (t2, t3, t4, t5) = (4, 128, 32, 32): 1881 ms
Performance at tile_size (t2, t3, t4, t5) = (4, 128, 32, 64): 1841 ms
Performance at tile_size (t2, t3, t4, t5) = (4, 128, 32, 128): 1885 ms
Performance at tile_size (t2, t3, t4, t5) = (4, 128, 32, 256): 1752 ms
Performance at tile_size (t2, t3, t4, t5) = (4, 128, 64, 1): 1803 ms
Performance at tile_size (t2, t3, t4, t5) = (4, 128, 64, 2): 1764 ms
Performance at tile_size (t2, t3, t4, t5) = (4, 128, 64, 4): 1888 ms
Performance at tile_size (t2, t3, t4, t5) = (4, 128, 64, 8): 1808 ms
Performance at tile_size (t2, t3, t4, t5) = (4, 128, 64, 16): 1758 ms
Performance at tile_size (t2, t3, t4, t5) = (4, 128, 64, 32): 1793 ms
Performance at tile_size (t2, t3, t4, t5) = (4, 128, 64, 64): 1811 ms
Performance at tile_size (t2, t3, t4, t5) = (4, 128, 64, 128): 1862 ms
Performance at tile_size (t2, t3, t4, t5) = (4, 128, 64, 256): 1714 ms
Performance at tile_size (t2, t3, t4, t5) = (4, 128, 128, 1): 1773 ms
Performance at tile_size (t2, t3, t4, t5) = (4, 128, 128, 2): 1763 ms
Performance at tile_size (t2, t3, t4, t5) = (4, 128, 128, 4): 1790 ms
Performance at tile_size (t2, t3, t4, t5) = (4, 128, 128, 8): 1764 ms
Performance at tile_size (t2, t3, t4, t5) = (4, 128, 128, 16): 1847 ms
Performance at tile_size (t2, t3, t4, t5) = (4, 128, 128, 32): 1825 ms
Performance at tile_size (t2, t3, t4, t5) = (4, 128, 128, 64): 1822 ms
Performance at tile_size (t2, t3, t4, t5) = (4, 128, 128, 128): 1771 ms
Performance at tile_size (t2, t3, t4, t5) = (4, 128, 128, 256): 1772 ms
Performance at tile_size (t2, t3, t4, t5) = (4, 128, 256, 1): 1839 ms
Performance at tile_size (t2, t3, t4, t5) = (4, 128, 256, 2): 1767 ms
Performance at tile_size (t2, t3, t4, t5) = (4, 128, 256, 4): 1798 ms
Performance at tile_size (t2, t3, t4, t5) = (4, 128, 256, 8): 1776 ms
Performance at tile_size (t2, t3, t4, t5) = (4, 128, 256, 16): 1777 ms
Performance at tile_size (t2, t3, t4, t5) = (4, 128, 256, 32): 1824 ms
Performance at tile_size (t2, t3, t4, t5) = (4, 128, 256, 64): 1778 ms
Performance at tile_size (t2, t3, t4, t5) = (4, 128, 256, 128): 1874 ms
Performance at tile_size (t2, t3, t4, t5) = (4, 128, 256, 256): 1878 ms
Performance at tile_size (t2, t3, t4, t5) = (4, 256, 1, 1): 1807 ms
Performance at tile_size (t2, t3, t4, t5) = (4, 256, 1, 2): 1836 ms
Performance at tile_size (t2, t3, t4, t5) = (4, 256, 1, 4): 1899 ms
Performance at tile_size (t2, t3, t4, t5) = (4, 256, 1, 8): 1794 ms
Performance at tile_size (t2, t3, t4, t5) = (4, 256, 1, 16): 1870 ms
Performance at tile_size (t2, t3, t4, t5) = (4, 256, 1, 32): 1782 ms
Performance at tile_size (t2, t3, t4, t5) = (4, 256, 1, 64): 1782 ms
Performance at tile_size (t2, t3, t4, t5) = (4, 256, 1, 128): 1801 ms
Performance at tile_size (t2, t3, t4, t5) = (4, 256, 1, 256): 1943 ms
Performance at tile_size (t2, t3, t4, t5) = (4, 256, 2, 1): 1764 ms
Performance at tile_size (t2, t3, t4, t5) = (4, 256, 2, 2): 1888 ms
Performance at tile_size (t2, t3, t4, t5) = (4, 256, 2, 4): 1788 ms
Performance at tile_size (t2, t3, t4, t5) = (4, 256, 2, 8): 1782 ms
Performance at tile_size (t2, t3, t4, t5) = (4, 256, 2, 16): 1857 ms
Performance at tile_size (t2, t3, t4, t5) = (4, 256, 2, 32): 1808 ms
Performance at tile_size (t2, t3, t4, t5) = (4, 256, 2, 64): 1784 ms
Performance at tile_size (t2, t3, t4, t5) = (4, 256, 2, 128): 1842 ms
Performance at tile_size (t2, t3, t4, t5) = (4, 256, 2, 256): 1848 ms
Performance at tile_size (t2, t3, t4, t5) = (4, 256, 4, 1): 1852 ms
Performance at tile_size (t2, t3, t4, t5) = (4, 256, 4, 2): 1787 ms
Performance at tile_size (t2, t3, t4, t5) = (4, 256, 4, 4): 1765 ms
Performance at tile_size (t2, t3, t4, t5) = (4, 256, 4, 8): 1771 ms
Performance at tile_size (t2, t3, t4, t5) = (4, 256, 4, 16): 1805 ms
Performance at tile_size (t2, t3, t4, t5) = (4, 256, 4, 32): 1783 ms
Performance at tile_size (t2, t3, t4, t5) = (4, 256, 4, 64): 1774 ms
Performance at tile_size (t2, t3, t4, t5) = (4, 256, 4, 128): 1804 ms
Performance at tile_size (t2, t3, t4, t5) = (4, 256, 4, 256): 1789 ms
Performance at tile_size (t2, t3, t4, t5) = (4, 256, 8, 1): 1843 ms
Performance at tile_size (t2, t3, t4, t5) = (4, 256, 8, 2): 1725 ms
Performance at tile_size (t2, t3, t4, t5) = (4, 256, 8, 4): 1859 ms
Performance at tile_size (t2, t3, t4, t5) = (4, 256, 8, 8): 1766 ms
Performance at tile_size (t2, t3, t4, t5) = (4, 256, 8, 16): 1860 ms
Performance at tile_size (t2, t3, t4, t5) = (4, 256, 8, 32): 1795 ms
Performance at tile_size (t2, t3, t4, t5) = (4, 256, 8, 64): 1780 ms
Performance at tile_size (t2, t3, t4, t5) = (4, 256, 8, 128): 1862 ms
Performance at tile_size (t2, t3, t4, t5) = (4, 256, 8, 256): 1822 ms
Performance at tile_size (t2, t3, t4, t5) = (4, 256, 16, 1): 1855 ms
Performance at tile_size (t2, t3, t4, t5) = (4, 256, 16, 2): 1813 ms
Performance at tile_size (t2, t3, t4, t5) = (4, 256, 16, 4): 1818 ms
Performance at tile_size (t2, t3, t4, t5) = (4, 256, 16, 8): 1789 ms
Performance at tile_size (t2, t3, t4, t5) = (4, 256, 16, 16): 1866 ms
Performance at tile_size (t2, t3, t4, t5) = (4, 256, 16, 32): 1822 ms
Performance at tile_size (t2, t3, t4, t5) = (4, 256, 16, 64): 1752 ms
Performance at tile_size (t2, t3, t4, t5) = (4, 256, 16, 128): 1770 ms
Performance at tile_size (t2, t3, t4, t5) = (4, 256, 16, 256): 1847 ms
Performance at tile_size (t2, t3, t4, t5) = (4, 256, 32, 1): 1822 ms
Performance at tile_size (t2, t3, t4, t5) = (4, 256, 32, 2): 1868 ms
Performance at tile_size (t2, t3, t4, t5) = (4, 256, 32, 4): 1810 ms
Performance at tile_size (t2, t3, t4, t5) = (4, 256, 32, 8): 1788 ms
Performance at tile_size (t2, t3, t4, t5) = (4, 256, 32, 16): 1887 ms
Performance at tile_size (t2, t3, t4, t5) = (4, 256, 32, 32): 1708 ms
Performance at tile_size (t2, t3, t4, t5) = (4, 256, 32, 64): 1804 ms
Performance at tile_size (t2, t3, t4, t5) = (4, 256, 32, 128): 1898 ms
Performance at tile_size (t2, t3, t4, t5) = (4, 256, 32, 256): 1774 ms
Performance at tile_size (t2, t3, t4, t5) = (4, 256, 64, 1): 1711 ms
Performance at tile_size (t2, t3, t4, t5) = (4, 256, 64, 2): 1818 ms
Performance at tile_size (t2, t3, t4, t5) = (4, 256, 64, 4): 1757 ms
Performance at tile_size (t2, t3, t4, t5) = (4, 256, 64, 8): 1842 ms
Performance at tile_size (t2, t3, t4, t5) = (4, 256, 64, 16): 1779 ms
Performance at tile_size (t2, t3, t4, t5) = (4, 256, 64, 32): 1799 ms
Performance at tile_size (t2, t3, t4, t5) = (4, 256, 64, 64): 1843 ms
Performance at tile_size (t2, t3, t4, t5) = (4, 256, 64, 128): 1807 ms
Performance at tile_size (t2, t3, t4, t5) = (4, 256, 64, 256): 1769 ms
Performance at tile_size (t2, t3, t4, t5) = (4, 256, 128, 1): 1856 ms
Performance at tile_size (t2, t3, t4, t5) = (4, 256, 128, 2): 1814 ms
Performance at tile_size (t2, t3, t4, t5) = (4, 256, 128, 4): 1753 ms
Performance at tile_size (t2, t3, t4, t5) = (4, 256, 128, 8): 1867 ms
Performance at tile_size (t2, t3, t4, t5) = (4, 256, 128, 16): 1819 ms
Performance at tile_size (t2, t3, t4, t5) = (4, 256, 128, 32): 1745 ms
Performance at tile_size (t2, t3, t4, t5) = (4, 256, 128, 64): 1841 ms
Performance at tile_size (t2, t3, t4, t5) = (4, 256, 128, 128): 1804 ms
Performance at tile_size (t2, t3, t4, t5) = (4, 256, 128, 256): 1797 ms
Performance at tile_size (t2, t3, t4, t5) = (4, 256, 256, 1): 1756 ms
Performance at tile_size (t2, t3, t4, t5) = (4, 256, 256, 2): 1804 ms
Performance at tile_size (t2, t3, t4, t5) = (4, 256, 256, 4): 1914 ms
Performance at tile_size (t2, t3, t4, t5) = (4, 256, 256, 8): 1768 ms
Performance at tile_size (t2, t3, t4, t5) = (4, 256, 256, 16): 1808 ms
Performance at tile_size (t2, t3, t4, t5) = (4, 256, 256, 32): 1831 ms
Performance at tile_size (t2, t3, t4, t5) = (4, 256, 256, 64): 1751 ms
Performance at tile_size (t2, t3, t4, t5) = (4, 256, 256, 128): 1792 ms
Performance at tile_size (t2, t3, t4, t5) = (4, 256, 256, 256): 1822 ms
Performance at tile_size (t2, t3, t4, t5) = (8, 1, 1, 1): 1872 ms
Performance at tile_size (t2, t3, t4, t5) = (8, 1, 1, 2): 1776 ms
Performance at tile_size (t2, t3, t4, t5) = (8, 1, 1, 4): 1827 ms
Performance at tile_size (t2, t3, t4, t5) = (8, 1, 1, 8): 1839 ms
Performance at tile_size (t2, t3, t4, t5) = (8, 1, 1, 16): 1773 ms
Performance at tile_size (t2, t3, t4, t5) = (8, 1, 1, 32): 1773 ms
Performance at tile_size (t2, t3, t4, t5) = (8, 1, 1, 64): 1890 ms
Performance at tile_size (t2, t3, t4, t5) = (8, 1, 1, 128): 1821 ms
Performance at tile_size (t2, t3, t4, t5) = (8, 1, 1, 256): 1749 ms
Performance at tile_size (t2, t3, t4, t5) = (8, 1, 2, 1): 1802 ms
Performance at tile_size (t2, t3, t4, t5) = (8, 1, 2, 2): 1737 ms
Performance at tile_size (t2, t3, t4, t5) = (8, 1, 2, 4): 1898 ms
Performance at tile_size (t2, t3, t4, t5) = (8, 1, 2, 8): 1761 ms
Performance at tile_size (t2, t3, t4, t5) = (8, 1, 2, 16): 1799 ms
Performance at tile_size (t2, t3, t4, t5) = (8, 1, 2, 32): 1763 ms
Performance at tile_size (t2, t3, t4, t5) = (8, 1, 2, 64): 1778 ms
Performance at tile_size (t2, t3, t4, t5) = (8, 1, 2, 128): 1919 ms
Performance at tile_size (t2, t3, t4, t5) = (8, 1, 2, 256): 1806 ms
Performance at tile_size (t2, t3, t4, t5) = (8, 1, 4, 1): 1824 ms
Performance at tile_size (t2, t3, t4, t5) = (8, 1, 4, 2): 1744 ms
Performance at tile_size (t2, t3, t4, t5) = (8, 1, 4, 4): 1791 ms
Performance at tile_size (t2, t3, t4, t5) = (8, 1, 4, 8): 1713 ms
Performance at tile_size (t2, t3, t4, t5) = (8, 1, 4, 16): 1794 ms
Performance at tile_size (t2, t3, t4, t5) = (8, 1, 4, 32): 1783 ms
Performance at tile_size (t2, t3, t4, t5) = (8, 1, 4, 64): 1761 ms
Performance at tile_size (t2, t3, t4, t5) = (8, 1, 4, 128): 1774 ms
Performance at tile_size (t2, t3, t4, t5) = (8, 1, 4, 256): 1772 ms
Performance at tile_size (t2, t3, t4, t5) = (8, 1, 8, 1): 1843 ms
Performance at tile_size (t2, t3, t4, t5) = (8, 1, 8, 2): 1725 ms
Performance at tile_size (t2, t3, t4, t5) = (8, 1, 8, 4): 1829 ms
Performance at tile_size (t2, t3, t4, t5) = (8, 1, 8, 8): 1828 ms
Performance at tile_size (t2, t3, t4, t5) = (8, 1, 8, 16): 1779 ms
Performance at tile_size (t2, t3, t4, t5) = (8, 1, 8, 32): 1880 ms
Performance at tile_size (t2, t3, t4, t5) = (8, 1, 8, 64): 1793 ms
Performance at tile_size (t2, t3, t4, t5) = (8, 1, 8, 128): 1769 ms
Performance at tile_size (t2, t3, t4, t5) = (8, 1, 8, 256): 1748 ms
Performance at tile_size (t2, t3, t4, t5) = (8, 1, 16, 1): 1793 ms
Performance at tile_size (t2, t3, t4, t5) = (8, 1, 16, 2): 1799 ms
Performance at tile_size (t2, t3, t4, t5) = (8, 1, 16, 4): 1837 ms
Performance at tile_size (t2, t3, t4, t5) = (8, 1, 16, 8): 1875 ms
Performance at tile_size (t2, t3, t4, t5) = (8, 1, 16, 16): 1770 ms
Performance at tile_size (t2, t3, t4, t5) = (8, 1, 16, 32): 1804 ms
Performance at tile_size (t2, t3, t4, t5) = (8, 1, 16, 64): 1815 ms
Performance at tile_size (t2, t3, t4, t5) = (8, 1, 16, 128): 1800 ms
Performance at tile_size (t2, t3, t4, t5) = (8, 1, 16, 256): 1790 ms
Performance at tile_size (t2, t3, t4, t5) = (8, 1, 32, 1): 1821 ms
Performance at tile_size (t2, t3, t4, t5) = (8, 1, 32, 2): 1863 ms
Performance at tile_size (t2, t3, t4, t5) = (8, 1, 32, 4): 1876 ms
Performance at tile_size (t2, t3, t4, t5) = (8, 1, 32, 8): 1795 ms
Performance at tile_size (t2, t3, t4, t5) = (8, 1, 32, 16): 1887 ms
Performance at tile_size (t2, t3, t4, t5) = (8, 1, 32, 32): 1785 ms
Performance at tile_size (t2, t3, t4, t5) = (8, 1, 32, 64): 1820 ms
Performance at tile_size (t2, t3, t4, t5) = (8, 1, 32, 128): 1893 ms
Performance at tile_size (t2, t3, t4, t5) = (8, 1, 32, 256): 1770 ms
Performance at tile_size (t2, t3, t4, t5) = (8, 1, 64, 1): 1801 ms
Performance at tile_size (t2, t3, t4, t5) = (8, 1, 64, 2): 1844 ms
Performance at tile_size (t2, t3, t4, t5) = (8, 1, 64, 4): 1704 ms
Performance at tile_size (t2, t3, t4, t5) = (8, 1, 64, 8): 1870 ms
Performance at tile_size (t2, t3, t4, t5) = (8, 1, 64, 16): 1813 ms
Performance at tile_size (t2, t3, t4, t5) = (8, 1, 64, 32): 1726 ms
Performance at tile_size (t2, t3, t4, t5) = (8, 1, 64, 64): 1809 ms
Performance at tile_size (t2, t3, t4, t5) = (8, 1, 64, 128): 1775 ms
Performance at tile_size (t2, t3, t4, t5) = (8, 1, 64, 256): 1814 ms
Performance at tile_size (t2, t3, t4, t5) = (8, 1, 128, 1): 1782 ms
Performance at tile_size (t2, t3, t4, t5) = (8, 1, 128, 2): 1883 ms
Performance at tile_size (t2, t3, t4, t5) = (8, 1, 128, 4): 1830 ms
Performance at tile_size (t2, t3, t4, t5) = (8, 1, 128, 8): 1758 ms
Performance at tile_size (t2, t3, t4, t5) = (8, 1, 128, 16): 1776 ms
Performance at tile_size (t2, t3, t4, t5) = (8, 1, 128, 32): 1792 ms
Performance at tile_size (t2, t3, t4, t5) = (8, 1, 128, 64): 1864 ms
Performance at tile_size (t2, t3, t4, t5) = (8, 1, 128, 128): 1866 ms
Performance at tile_size (t2, t3, t4, t5) = (8, 1, 128, 256): 1823 ms
Performance at tile_size (t2, t3, t4, t5) = (8, 1, 256, 1): 1827 ms
Performance at tile_size (t2, t3, t4, t5) = (8, 1, 256, 2): 1852 ms
Performance at tile_size (t2, t3, t4, t5) = (8, 1, 256, 4): 1710 ms
Performance at tile_size (t2, t3, t4, t5) = (8, 1, 256, 8): 1824 ms
Performance at tile_size (t2, t3, t4, t5) = (8, 1, 256, 16): 1793 ms
Performance at tile_size (t2, t3, t4, t5) = (8, 1, 256, 32): 1752 ms
Performance at tile_size (t2, t3, t4, t5) = (8, 1, 256, 64): 1861 ms
Performance at tile_size (t2, t3, t4, t5) = (8, 1, 256, 128): 1810 ms
Performance at tile_size (t2, t3, t4, t5) = (8, 1, 256, 256): 1840 ms
Performance at tile_size (t2, t3, t4, t5) = (8, 2, 1, 1): 1798 ms
Performance at tile_size (t2, t3, t4, t5) = (8, 2, 1, 2): 1868 ms
Performance at tile_size (t2, t3, t4, t5) = (8, 2, 1, 4): 1843 ms
Performance at tile_size (t2, t3, t4, t5) = (8, 2, 1, 8): 1904 ms
Performance at tile_size (t2, t3, t4, t5) = (8, 2, 1, 16): 1797 ms
Performance at tile_size (t2, t3, t4, t5) = (8, 2, 1, 32): 1800 ms
Performance at tile_size (t2, t3, t4, t5) = (8, 2, 1, 64): 1880 ms
Performance at tile_size (t2, t3, t4, t5) = (8, 2, 1, 128): 1870 ms
Performance at tile_size (t2, t3, t4, t5) = (8, 2, 1, 256): 1876 ms
Performance at tile_size (t2, t3, t4, t5) = (8, 2, 2, 1): 1900 ms
Performance at tile_size (t2, t3, t4, t5) = (8, 2, 2, 2): 1891 ms
Performance at tile_size (t2, t3, t4, t5) = (8, 2, 2, 4): 1878 ms
Performance at tile_size (t2, t3, t4, t5) = (8, 2, 2, 8): 1879 ms
Performance at tile_size (t2, t3, t4, t5) = (8, 2, 2, 16): 1903 ms
Performance at tile_size (t2, t3, t4, t5) = (8, 2, 2, 32): 1794 ms
Performance at tile_size (t2, t3, t4, t5) = (8, 2, 2, 64): 1877 ms
Performance at tile_size (t2, t3, t4, t5) = (8, 2, 2, 128): 1839 ms
Performance at tile_size (t2, t3, t4, t5) = (8, 2, 2, 256): 1783 ms
Performance at tile_size (t2, t3, t4, t5) = (8, 2, 4, 1): 1741 ms
Performance at tile_size (t2, t3, t4, t5) = (8, 2, 4, 2): 1794 ms
Performance at tile_size (t2, t3, t4, t5) = (8, 2, 4, 4): 1752 ms
Performance at tile_size (t2, t3, t4, t5) = (8, 2, 4, 8): 1774 ms
Performance at tile_size (t2, t3, t4, t5) = (8, 2, 4, 16): 1803 ms
Performance at tile_size (t2, t3, t4, t5) = (8, 2, 4, 32): 1785 ms
Performance at tile_size (t2, t3, t4, t5) = (8, 2, 4, 64): 1760 ms
Performance at tile_size (t2, t3, t4, t5) = (8, 2, 4, 128): 1782 ms
Performance at tile_size (t2, t3, t4, t5) = (8, 2, 4, 256): 1807 ms
Performance at tile_size (t2, t3, t4, t5) = (8, 2, 8, 1): 1792 ms
Performance at tile_size (t2, t3, t4, t5) = (8, 2, 8, 2): 1748 ms
Performance at tile_size (t2, t3, t4, t5) = (8, 2, 8, 4): 1840 ms
Performance at tile_size (t2, t3, t4, t5) = (8, 2, 8, 8): 1817 ms
Performance at tile_size (t2, t3, t4, t5) = (8, 2, 8, 16): 1778 ms
Performance at tile_size (t2, t3, t4, t5) = (8, 2, 8, 32): 1770 ms
Performance at tile_size (t2, t3, t4, t5) = (8, 2, 8, 64): 1823 ms
Performance at tile_size (t2, t3, t4, t5) = (8, 2, 8, 128): 1786 ms
Performance at tile_size (t2, t3, t4, t5) = (8, 2, 8, 256): 1784 ms
Performance at tile_size (t2, t3, t4, t5) = (8, 2, 16, 1): 1780 ms
Performance at tile_size (t2, t3, t4, t5) = (8, 2, 16, 2): 1757 ms
Performance at tile_size (t2, t3, t4, t5) = (8, 2, 16, 4): 1843 ms
Performance at tile_size (t2, t3, t4, t5) = (8, 2, 16, 8): 1824 ms
Performance at tile_size (t2, t3, t4, t5) = (8, 2, 16, 16): 1892 ms
Performance at tile_size (t2, t3, t4, t5) = (8, 2, 16, 32): 1847 ms
Performance at tile_size (t2, t3, t4, t5) = (8, 2, 16, 64): 1811 ms
Performance at tile_size (t2, t3, t4, t5) = (8, 2, 16, 128): 1882 ms
Performance at tile_size (t2, t3, t4, t5) = (8, 2, 16, 256): 1884 ms
Performance at tile_size (t2, t3, t4, t5) = (8, 2, 32, 1): 1954 ms
Performance at tile_size (t2, t3, t4, t5) = (8, 2, 32, 2): 1885 ms
Performance at tile_size (t2, t3, t4, t5) = (8, 2, 32, 4): 1937 ms
Performance at tile_size (t2, t3, t4, t5) = (8, 2, 32, 8): 1769 ms
Performance at tile_size (t2, t3, t4, t5) = (8, 2, 32, 16): 1804 ms
Performance at tile_size (t2, t3, t4, t5) = (8, 2, 32, 32): 1853 ms
Performance at tile_size (t2, t3, t4, t5) = (8, 2, 32, 64): 1856 ms
Performance at tile_size (t2, t3, t4, t5) = (8, 2, 32, 128): 1829 ms
Performance at tile_size (t2, t3, t4, t5) = (8, 2, 32, 256): 1767 ms
Performance at tile_size (t2, t3, t4, t5) = (8, 2, 64, 1): 1780 ms
Performance at tile_size (t2, t3, t4, t5) = (8, 2, 64, 2): 1791 ms
Performance at tile_size (t2, t3, t4, t5) = (8, 2, 64, 4): 1799 ms
Performance at tile_size (t2, t3, t4, t5) = (8, 2, 64, 8): 1895 ms
Performance at tile_size (t2, t3, t4, t5) = (8, 2, 64, 16): 1869 ms
Performance at tile_size (t2, t3, t4, t5) = (8, 2, 64, 32): 1920 ms
Performance at tile_size (t2, t3, t4, t5) = (8, 2, 64, 64): 1791 ms
Performance at tile_size (t2, t3, t4, t5) = (8, 2, 64, 128): 1770 ms
Performance at tile_size (t2, t3, t4, t5) = (8, 2, 64, 256): 1806 ms
Performance at tile_size (t2, t3, t4, t5) = (8, 2, 128, 1): 1786 ms
Performance at tile_size (t2, t3, t4, t5) = (8, 2, 128, 2): 1831 ms
Performance at tile_size (t2, t3, t4, t5) = (8, 2, 128, 4): 1834 ms
Performance at tile_size (t2, t3, t4, t5) = (8, 2, 128, 8): 1948 ms
Performance at tile_size (t2, t3, t4, t5) = (8, 2, 128, 16): 1794 ms
Performance at tile_size (t2, t3, t4, t5) = (8, 2, 128, 32): 1860 ms
Performance at tile_size (t2, t3, t4, t5) = (8, 2, 128, 64): 1982 ms
Performance at tile_size (t2, t3, t4, t5) = (8, 2, 128, 128): 1821 ms
Performance at tile_size (t2, t3, t4, t5) = (8, 2, 128, 256): 1907 ms
Performance at tile_size (t2, t3, t4, t5) = (8, 2, 256, 1): 1902 ms
Performance at tile_size (t2, t3, t4, t5) = (8, 2, 256, 2): 1936 ms
Performance at tile_size (t2, t3, t4, t5) = (8, 2, 256, 4): 1888 ms
Performance at tile_size (t2, t3, t4, t5) = (8, 2, 256, 8): 1896 ms
Performance at tile_size (t2, t3, t4, t5) = (8, 2, 256, 16): 1809 ms
Performance at tile_size (t2, t3, t4, t5) = (8, 2, 256, 32): 1906 ms
Performance at tile_size (t2, t3, t4, t5) = (8, 2, 256, 64): 1881 ms
Performance at tile_size (t2, t3, t4, t5) = (8, 2, 256, 128): 1738 ms
Performance at tile_size (t2, t3, t4, t5) = (8, 2, 256, 256): 1849 ms
Performance at tile_size (t2, t3, t4, t5) = (8, 4, 1, 1): 1832 ms
Performance at tile_size (t2, t3, t4, t5) = (8, 4, 1, 2): 1759 ms
Performance at tile_size (t2, t3, t4, t5) = (8, 4, 1, 4): 1828 ms
Performance at tile_size (t2, t3, t4, t5) = (8, 4, 1, 8): 1792 ms
Performance at tile_size (t2, t3, t4, t5) = (8, 4, 1, 16): 1894 ms
Performance at tile_size (t2, t3, t4, t5) = (8, 4, 1, 32): 1939 ms
Performance at tile_size (t2, t3, t4, t5) = (8, 4, 1, 64): 1771 ms
Performance at tile_size (t2, t3, t4, t5) = (8, 4, 1, 128): 1889 ms
Performance at tile_size (t2, t3, t4, t5) = (8, 4, 1, 256): 1861 ms
Performance at tile_size (t2, t3, t4, t5) = (8, 4, 2, 1): 1894 ms
Performance at tile_size (t2, t3, t4, t5) = (8, 4, 2, 2): 1782 ms
Performance at tile_size (t2, t3, t4, t5) = (8, 4, 2, 4): 1787 ms
Performance at tile_size (t2, t3, t4, t5) = (8, 4, 2, 8): 1745 ms
Performance at tile_size (t2, t3, t4, t5) = (8, 4, 2, 16): 1744 ms
Performance at tile_size (t2, t3, t4, t5) = (8, 4, 2, 32): 1865 ms
Performance at tile_size (t2, t3, t4, t5) = (8, 4, 2, 64): 1826 ms
Performance at tile_size (t2, t3, t4, t5) = (8, 4, 2, 128): 1771 ms
Performance at tile_size (t2, t3, t4, t5) = (8, 4, 2, 256): 1763 ms
Performance at tile_size (t2, t3, t4, t5) = (8, 4, 4, 1): 1807 ms
Performance at tile_size (t2, t3, t4, t5) = (8, 4, 4, 2): 1847 ms
Performance at tile_size (t2, t3, t4, t5) = (8, 4, 4, 4): 1880 ms
Performance at tile_size (t2, t3, t4, t5) = (8, 4, 4, 8): 1859 ms
Performance at tile_size (t2, t3, t4, t5) = (8, 4, 4, 16): 1885 ms
Performance at tile_size (t2, t3, t4, t5) = (8, 4, 4, 32): 1830 ms
Performance at tile_size (t2, t3, t4, t5) = (8, 4, 4, 64): 1759 ms
Performance at tile_size (t2, t3, t4, t5) = (8, 4, 4, 128): 1779 ms
Performance at tile_size (t2, t3, t4, t5) = (8, 4, 4, 256): 1871 ms
Performance at tile_size (t2, t3, t4, t5) = (8, 4, 8, 1): 1808 ms
Performance at tile_size (t2, t3, t4, t5) = (8, 4, 8, 2): 1776 ms
Performance at tile_size (t2, t3, t4, t5) = (8, 4, 8, 4): 1854 ms
Performance at tile_size (t2, t3, t4, t5) = (8, 4, 8, 8): 1877 ms
Performance at tile_size (t2, t3, t4, t5) = (8, 4, 8, 16): 1865 ms
Performance at tile_size (t2, t3, t4, t5) = (8, 4, 8, 32): 1951 ms
Performance at tile_size (t2, t3, t4, t5) = (8, 4, 8, 64): 1909 ms
Performance at tile_size (t2, t3, t4, t5) = (8, 4, 8, 128): 1819 ms
Performance at tile_size (t2, t3, t4, t5) = (8, 4, 8, 256): 1912 ms
Performance at tile_size (t2, t3, t4, t5) = (8, 4, 16, 1): 1812 ms
Performance at tile_size (t2, t3, t4, t5) = (8, 4, 16, 2): 1866 ms
Performance at tile_size (t2, t3, t4, t5) = (8, 4, 16, 4): 1874 ms
Performance at tile_size (t2, t3, t4, t5) = (8, 4, 16, 8): 1804 ms
Performance at tile_size (t2, t3, t4, t5) = (8, 4, 16, 16): 1820 ms
Performance at tile_size (t2, t3, t4, t5) = (8, 4, 16, 32): 1799 ms
Performance at tile_size (t2, t3, t4, t5) = (8, 4, 16, 64): 1841 ms
Performance at tile_size (t2, t3, t4, t5) = (8, 4, 16, 128): 1716 ms
Performance at tile_size (t2, t3, t4, t5) = (8, 4, 16, 256): 1759 ms
Performance at tile_size (t2, t3, t4, t5) = (8, 4, 32, 1): 1861 ms
Performance at tile_size (t2, t3, t4, t5) = (8, 4, 32, 2): 1919 ms
Performance at tile_size (t2, t3, t4, t5) = (8, 4, 32, 4): 1813 ms
Performance at tile_size (t2, t3, t4, t5) = (8, 4, 32, 8): 1805 ms
Performance at tile_size (t2, t3, t4, t5) = (8, 4, 32, 16): 1838 ms
Performance at tile_size (t2, t3, t4, t5) = (8, 4, 32, 32): 1818 ms
Performance at tile_size (t2, t3, t4, t5) = (8, 4, 32, 64): 1893 ms
Performance at tile_size (t2, t3, t4, t5) = (8, 4, 32, 128): 1800 ms
Performance at tile_size (t2, t3, t4, t5) = (8, 4, 32, 256): 1869 ms
Performance at tile_size (t2, t3, t4, t5) = (8, 4, 64, 1): 1874 ms
Performance at tile_size (t2, t3, t4, t5) = (8, 4, 64, 2): 1872 ms
Performance at tile_size (t2, t3, t4, t5) = (8, 4, 64, 4): 1894 ms
Performance at tile_size (t2, t3, t4, t5) = (8, 4, 64, 8): 1915 ms
Performance at tile_size (t2, t3, t4, t5) = (8, 4, 64, 16): 1801 ms
Performance at tile_size (t2, t3, t4, t5) = (8, 4, 64, 32): 1770 ms
Performance at tile_size (t2, t3, t4, t5) = (8, 4, 64, 64): 1830 ms
Performance at tile_size (t2, t3, t4, t5) = (8, 4, 64, 128): 1919 ms
Performance at tile_size (t2, t3, t4, t5) = (8, 4, 64, 256): 1839 ms
Performance at tile_size (t2, t3, t4, t5) = (8, 4, 128, 1): 1887 ms
Performance at tile_size (t2, t3, t4, t5) = (8, 4, 128, 2): 1878 ms
Performance at tile_size (t2, t3, t4, t5) = (8, 4, 128, 4): 1898 ms
Performance at tile_size (t2, t3, t4, t5) = (8, 4, 128, 8): 1794 ms
Performance at tile_size (t2, t3, t4, t5) = (8, 4, 128, 16): 1831 ms
Performance at tile_size (t2, t3, t4, t5) = (8, 4, 128, 32): 1862 ms
Performance at tile_size (t2, t3, t4, t5) = (8, 4, 128, 64): 1852 ms
Performance at tile_size (t2, t3, t4, t5) = (8, 4, 128, 128): 1849 ms
Performance at tile_size (t2, t3, t4, t5) = (8, 4, 128, 256): 1890 ms
Performance at tile_size (t2, t3, t4, t5) = (8, 4, 256, 1): 1904 ms
Performance at tile_size (t2, t3, t4, t5) = (8, 4, 256, 2): 1886 ms
Performance at tile_size (t2, t3, t4, t5) = (8, 4, 256, 4): 1798 ms
Performance at tile_size (t2, t3, t4, t5) = (8, 4, 256, 8): 1765 ms
Performance at tile_size (t2, t3, t4, t5) = (8, 4, 256, 16): 1901 ms
Performance at tile_size (t2, t3, t4, t5) = (8, 4, 256, 32): 1889 ms
Performance at tile_size (t2, t3, t4, t5) = (8, 4, 256, 64): 1866 ms
Performance at tile_size (t2, t3, t4, t5) = (8, 4, 256, 128): 1794 ms
Performance at tile_size (t2, t3, t4, t5) = (8, 4, 256, 256): 1819 ms
Performance at tile_size (t2, t3, t4, t5) = (8, 8, 1, 1): 1853 ms
Performance at tile_size (t2, t3, t4, t5) = (8, 8, 1, 2): 1842 ms
Performance at tile_size (t2, t3, t4, t5) = (8, 8, 1, 4): 1784 ms
Performance at tile_size (t2, t3, t4, t5) = (8, 8, 1, 8): 1833 ms
Performance at tile_size (t2, t3, t4, t5) = (8, 8, 1, 16): 1850 ms
Performance at tile_size (t2, t3, t4, t5) = (8, 8, 1, 32): 1872 ms
Performance at tile_size (t2, t3, t4, t5) = (8, 8, 1, 64): 1798 ms
Performance at tile_size (t2, t3, t4, t5) = (8, 8, 1, 128): 1791 ms
Performance at tile_size (t2, t3, t4, t5) = (8, 8, 1, 256): 1842 ms
Performance at tile_size (t2, t3, t4, t5) = (8, 8, 2, 1): 1772 ms
Performance at tile_size (t2, t3, t4, t5) = (8, 8, 2, 2): 1898 ms
Performance at tile_size (t2, t3, t4, t5) = (8, 8, 2, 4): 1861 ms
Performance at tile_size (t2, t3, t4, t5) = (8, 8, 2, 8): 1848 ms
Performance at tile_size (t2, t3, t4, t5) = (8, 8, 2, 16): 1880 ms
Performance at tile_size (t2, t3, t4, t5) = (8, 8, 2, 32): 1863 ms
Performance at tile_size (t2, t3, t4, t5) = (8, 8, 2, 64): 1885 ms
Performance at tile_size (t2, t3, t4, t5) = (8, 8, 2, 128): 1840 ms
Performance at tile_size (t2, t3, t4, t5) = (8, 8, 2, 256): 1810 ms
Performance at tile_size (t2, t3, t4, t5) = (8, 8, 4, 1): 1841 ms
Performance at tile_size (t2, t3, t4, t5) = (8, 8, 4, 2): 1748 ms
Performance at tile_size (t2, t3, t4, t5) = (8, 8, 4, 4): 1781 ms
Performance at tile_size (t2, t3, t4, t5) = (8, 8, 4, 8): 1872 ms
Performance at tile_size (t2, t3, t4, t5) = (8, 8, 4, 16): 1906 ms
Performance at tile_size (t2, t3, t4, t5) = (8, 8, 4, 32): 1806 ms
Performance at tile_size (t2, t3, t4, t5) = (8, 8, 4, 64): 1894 ms
Performance at tile_size (t2, t3, t4, t5) = (8, 8, 4, 128): 1907 ms
Performance at tile_size (t2, t3, t4, t5) = (8, 8, 4, 256): 1782 ms
Performance at tile_size (t2, t3, t4, t5) = (8, 8, 8, 1): 1771 ms
Performance at tile_size (t2, t3, t4, t5) = (8, 8, 8, 2): 1889 ms
Performance at tile_size (t2, t3, t4, t5) = (8, 8, 8, 4): 1853 ms
Performance at tile_size (t2, t3, t4, t5) = (8, 8, 8, 8): 1905 ms
Performance at tile_size (t2, t3, t4, t5) = (8, 8, 8, 16): 1794 ms
Performance at tile_size (t2, t3, t4, t5) = (8, 8, 8, 32): 1802 ms
Performance at tile_size (t2, t3, t4, t5) = (8, 8, 8, 64): 1898 ms
Performance at tile_size (t2, t3, t4, t5) = (8, 8, 8, 128): 1817 ms
Performance at tile_size (t2, t3, t4, t5) = (8, 8, 8, 256): 1923 ms
Performance at tile_size (t2, t3, t4, t5) = (8, 8, 16, 1): 1877 ms
Performance at tile_size (t2, t3, t4, t5) = (8, 8, 16, 2): 1905 ms
Performance at tile_size (t2, t3, t4, t5) = (8, 8, 16, 4): 1871 ms
Performance at tile_size (t2, t3, t4, t5) = (8, 8, 16, 8): 1775 ms
Performance at tile_size (t2, t3, t4, t5) = (8, 8, 16, 16): 1878 ms
Performance at tile_size (t2, t3, t4, t5) = (8, 8, 16, 32): 1894 ms
Performance at tile_size (t2, t3, t4, t5) = (8, 8, 16, 64): 1814 ms
Performance at tile_size (t2, t3, t4, t5) = (8, 8, 16, 128): 1733 ms
Performance at tile_size (t2, t3, t4, t5) = (8, 8, 16, 256): 1825 ms
Performance at tile_size (t2, t3, t4, t5) = (8, 8, 32, 1): 1789 ms
Performance at tile_size (t2, t3, t4, t5) = (8, 8, 32, 2): 1784 ms
Performance at tile_size (t2, t3, t4, t5) = (8, 8, 32, 4): 1891 ms
Performance at tile_size (t2, t3, t4, t5) = (8, 8, 32, 8): 1882 ms
Performance at tile_size (t2, t3, t4, t5) = (8, 8, 32, 16): 1976 ms
Performance at tile_size (t2, t3, t4, t5) = (8, 8, 32, 32): 1811 ms
Performance at tile_size (t2, t3, t4, t5) = (8, 8, 32, 64): 1716 ms
Performance at tile_size (t2, t3, t4, t5) = (8, 8, 32, 128): 1869 ms
Performance at tile_size (t2, t3, t4, t5) = (8, 8, 32, 256): 1858 ms
Performance at tile_size (t2, t3, t4, t5) = (8, 8, 64, 1): 1810 ms
Performance at tile_size (t2, t3, t4, t5) = (8, 8, 64, 2): 1783 ms
Performance at tile_size (t2, t3, t4, t5) = (8, 8, 64, 4): 1783 ms
Performance at tile_size (t2, t3, t4, t5) = (8, 8, 64, 8): 1864 ms
Performance at tile_size (t2, t3, t4, t5) = (8, 8, 64, 16): 1783 ms
Performance at tile_size (t2, t3, t4, t5) = (8, 8, 64, 32): 1893 ms
Performance at tile_size (t2, t3, t4, t5) = (8, 8, 64, 64): 1764 ms
Performance at tile_size (t2, t3, t4, t5) = (8, 8, 64, 128): 1890 ms
Performance at tile_size (t2, t3, t4, t5) = (8, 8, 64, 256): 1864 ms
Performance at tile_size (t2, t3, t4, t5) = (8, 8, 128, 1): 1848 ms
Performance at tile_size (t2, t3, t4, t5) = (8, 8, 128, 2): 1797 ms
Performance at tile_size (t2, t3, t4, t5) = (8, 8, 128, 4): 1915 ms
Performance at tile_size (t2, t3, t4, t5) = (8, 8, 128, 8): 1765 ms
Performance at tile_size (t2, t3, t4, t5) = (8, 8, 128, 16): 1883 ms
Performance at tile_size (t2, t3, t4, t5) = (8, 8, 128, 32): 1877 ms
Performance at tile_size (t2, t3, t4, t5) = (8, 8, 128, 64): 1780 ms
Performance at tile_size (t2, t3, t4, t5) = (8, 8, 128, 128): 1799 ms
Performance at tile_size (t2, t3, t4, t5) = (8, 8, 128, 256): 1813 ms
Performance at tile_size (t2, t3, t4, t5) = (8, 8, 256, 1): 1777 ms
Performance at tile_size (t2, t3, t4, t5) = (8, 8, 256, 2): 1868 ms
Performance at tile_size (t2, t3, t4, t5) = (8, 8, 256, 4): 1781 ms
Performance at tile_size (t2, t3, t4, t5) = (8, 8, 256, 8): 1804 ms
Performance at tile_size (t2, t3, t4, t5) = (8, 8, 256, 16): 1780 ms
Performance at tile_size (t2, t3, t4, t5) = (8, 8, 256, 32): 1792 ms
Performance at tile_size (t2, t3, t4, t5) = (8, 8, 256, 64): 1793 ms
Performance at tile_size (t2, t3, t4, t5) = (8, 8, 256, 128): 1760 ms
Performance at tile_size (t2, t3, t4, t5) = (8, 8, 256, 256): 1863 ms
Performance at tile_size (t2, t3, t4, t5) = (8, 16, 1, 1): 1844 ms
Performance at tile_size (t2, t3, t4, t5) = (8, 16, 1, 2): 1800 ms
Performance at tile_size (t2, t3, t4, t5) = (8, 16, 1, 4): 1842 ms
Performance at tile_size (t2, t3, t4, t5) = (8, 16, 1, 8): 1781 ms
Performance at tile_size (t2, t3, t4, t5) = (8, 16, 1, 16): 1812 ms
Performance at tile_size (t2, t3, t4, t5) = (8, 16, 1, 32): 1751 ms
Performance at tile_size (t2, t3, t4, t5) = (8, 16, 1, 64): 1930 ms
Performance at tile_size (t2, t3, t4, t5) = (8, 16, 1, 128): 1801 ms
Performance at tile_size (t2, t3, t4, t5) = (8, 16, 1, 256): 1763 ms
Performance at tile_size (t2, t3, t4, t5) = (8, 16, 2, 1): 1798 ms
Performance at tile_size (t2, t3, t4, t5) = (8, 16, 2, 2): 1780 ms
Performance at tile_size (t2, t3, t4, t5) = (8, 16, 2, 4): 1769 ms
Performance at tile_size (t2, t3, t4, t5) = (8, 16, 2, 8): 1902 ms
Performance at tile_size (t2, t3, t4, t5) = (8, 16, 2, 16): 1862 ms
Performance at tile_size (t2, t3, t4, t5) = (8, 16, 2, 32): 1857 ms
Performance at tile_size (t2, t3, t4, t5) = (8, 16, 2, 64): 1864 ms
Performance at tile_size (t2, t3, t4, t5) = (8, 16, 2, 128): 1845 ms
Performance at tile_size (t2, t3, t4, t5) = (8, 16, 2, 256): 1802 ms
Performance at tile_size (t2, t3, t4, t5) = (8, 16, 4, 1): 1811 ms
Performance at tile_size (t2, t3, t4, t5) = (8, 16, 4, 2): 1773 ms
Performance at tile_size (t2, t3, t4, t5) = (8, 16, 4, 4): 1835 ms
Performance at tile_size (t2, t3, t4, t5) = (8, 16, 4, 8): 1796 ms
Performance at tile_size (t2, t3, t4, t5) = (8, 16, 4, 16): 1908 ms
Performance at tile_size (t2, t3, t4, t5) = (8, 16, 4, 32): 1844 ms
Performance at tile_size (t2, t3, t4, t5) = (8, 16, 4, 64): 1773 ms
Performance at tile_size (t2, t3, t4, t5) = (8, 16, 4, 128): 1841 ms
Performance at tile_size (t2, t3, t4, t5) = (8, 16, 4, 256): 1774 ms
Performance at tile_size (t2, t3, t4, t5) = (8, 16, 8, 1): 1827 ms
Performance at tile_size (t2, t3, t4, t5) = (8, 16, 8, 2): 1887 ms
Performance at tile_size (t2, t3, t4, t5) = (8, 16, 8, 4): 1807 ms
Performance at tile_size (t2, t3, t4, t5) = (8, 16, 8, 8): 1907 ms
Performance at tile_size (t2, t3, t4, t5) = (8, 16, 8, 16): 1810 ms
Performance at tile_size (t2, t3, t4, t5) = (8, 16, 8, 32): 1828 ms
Performance at tile_size (t2, t3, t4, t5) = (8, 16, 8, 64): 1809 ms
Performance at tile_size (t2, t3, t4, t5) = (8, 16, 8, 128): 1828 ms
Performance at tile_size (t2, t3, t4, t5) = (8, 16, 8, 256): 1801 ms
Performance at tile_size (t2, t3, t4, t5) = (8, 16, 16, 1): 1809 ms
Performance at tile_size (t2, t3, t4, t5) = (8, 16, 16, 2): 1769 ms
Performance at tile_size (t2, t3, t4, t5) = (8, 16, 16, 4): 1784 ms
Performance at tile_size (t2, t3, t4, t5) = (8, 16, 16, 8): 1881 ms
Performance at tile_size (t2, t3, t4, t5) = (8, 16, 16, 16): 1784 ms
Performance at tile_size (t2, t3, t4, t5) = (8, 16, 16, 32): 1866 ms
Performance at tile_size (t2, t3, t4, t5) = (8, 16, 16, 64): 1818 ms
Performance at tile_size (t2, t3, t4, t5) = (8, 16, 16, 128): 1831 ms
Performance at tile_size (t2, t3, t4, t5) = (8, 16, 16, 256): 1834 ms
Performance at tile_size (t2, t3, t4, t5) = (8, 16, 32, 1): 1778 ms
Performance at tile_size (t2, t3, t4, t5) = (8, 16, 32, 2): 1884 ms
Performance at tile_size (t2, t3, t4, t5) = (8, 16, 32, 4): 1852 ms
Performance at tile_size (t2, t3, t4, t5) = (8, 16, 32, 8): 1783 ms
Performance at tile_size (t2, t3, t4, t5) = (8, 16, 32, 16): 1818 ms
Performance at tile_size (t2, t3, t4, t5) = (8, 16, 32, 32): 1819 ms
Performance at tile_size (t2, t3, t4, t5) = (8, 16, 32, 64): 1888 ms
Performance at tile_size (t2, t3, t4, t5) = (8, 16, 32, 128): 1881 ms
Performance at tile_size (t2, t3, t4, t5) = (8, 16, 32, 256): 1845 ms
Performance at tile_size (t2, t3, t4, t5) = (8, 16, 64, 1): 1785 ms
Performance at tile_size (t2, t3, t4, t5) = (8, 16, 64, 2): 1810 ms
Performance at tile_size (t2, t3, t4, t5) = (8, 16, 64, 4): 1897 ms
Performance at tile_size (t2, t3, t4, t5) = (8, 16, 64, 8): 1848 ms
Performance at tile_size (t2, t3, t4, t5) = (8, 16, 64, 16): 1791 ms
Performance at tile_size (t2, t3, t4, t5) = (8, 16, 64, 32): 1865 ms
Performance at tile_size (t2, t3, t4, t5) = (8, 16, 64, 64): 1902 ms
Performance at tile_size (t2, t3, t4, t5) = (8, 16, 64, 128): 1787 ms
Performance at tile_size (t2, t3, t4, t5) = (8, 16, 64, 256): 1881 ms
Performance at tile_size (t2, t3, t4, t5) = (8, 16, 128, 1): 1863 ms
Performance at tile_size (t2, t3, t4, t5) = (8, 16, 128, 2): 1887 ms
Performance at tile_size (t2, t3, t4, t5) = (8, 16, 128, 4): 1894 ms
Performance at tile_size (t2, t3, t4, t5) = (8, 16, 128, 8): 1770 ms
Performance at tile_size (t2, t3, t4, t5) = (8, 16, 128, 16): 1765 ms
Performance at tile_size (t2, t3, t4, t5) = (8, 16, 128, 32): 1872 ms
Performance at tile_size (t2, t3, t4, t5) = (8, 16, 128, 64): 1903 ms
Performance at tile_size (t2, t3, t4, t5) = (8, 16, 128, 128): 1792 ms
Performance at tile_size (t2, t3, t4, t5) = (8, 16, 128, 256): 1875 ms
Performance at tile_size (t2, t3, t4, t5) = (8, 16, 256, 1): 1867 ms
Performance at tile_size (t2, t3, t4, t5) = (8, 16, 256, 2): 1857 ms
Performance at tile_size (t2, t3, t4, t5) = (8, 16, 256, 4): 1778 ms
Performance at tile_size (t2, t3, t4, t5) = (8, 16, 256, 8): 1807 ms
Performance at tile_size (t2, t3, t4, t5) = (8, 16, 256, 16): 1797 ms
Performance at tile_size (t2, t3, t4, t5) = (8, 16, 256, 32): 1823 ms
Performance at tile_size (t2, t3, t4, t5) = (8, 16, 256, 64): 1937 ms
Performance at tile_size (t2, t3, t4, t5) = (8, 16, 256, 128): 1782 ms
Performance at tile_size (t2, t3, t4, t5) = (8, 16, 256, 256): 1767 ms
Performance at tile_size (t2, t3, t4, t5) = (8, 32, 1, 1): 1762 ms
Performance at tile_size (t2, t3, t4, t5) = (8, 32, 1, 2): 1894 ms
Performance at tile_size (t2, t3, t4, t5) = (8, 32, 1, 4): 1766 ms
Performance at tile_size (t2, t3, t4, t5) = (8, 32, 1, 8): 1903 ms
Performance at tile_size (t2, t3, t4, t5) = (8, 32, 1, 16): 1783 ms
Performance at tile_size (t2, t3, t4, t5) = (8, 32, 1, 32): 1887 ms
Performance at tile_size (t2, t3, t4, t5) = (8, 32, 1, 64): 1911 ms
Performance at tile_size (t2, t3, t4, t5) = (8, 32, 1, 128): 1793 ms
Performance at tile_size (t2, t3, t4, t5) = (8, 32, 1, 256): 1758 ms
Performance at tile_size (t2, t3, t4, t5) = (8, 32, 2, 1): 1849 ms
Performance at tile_size (t2, t3, t4, t5) = (8, 32, 2, 2): 1845 ms
Performance at tile_size (t2, t3, t4, t5) = (8, 32, 2, 4): 1840 ms
Performance at tile_size (t2, t3, t4, t5) = (8, 32, 2, 8): 1870 ms
Performance at tile_size (t2, t3, t4, t5) = (8, 32, 2, 16): 1771 ms
Performance at tile_size (t2, t3, t4, t5) = (8, 32, 2, 32): 1873 ms
Performance at tile_size (t2, t3, t4, t5) = (8, 32, 2, 64): 1820 ms
Performance at tile_size (t2, t3, t4, t5) = (8, 32, 2, 128): 1906 ms
Performance at tile_size (t2, t3, t4, t5) = (8, 32, 2, 256): 1901 ms
Performance at tile_size (t2, t3, t4, t5) = (8, 32, 4, 1): 1815 ms
Performance at tile_size (t2, t3, t4, t5) = (8, 32, 4, 2): 1847 ms
Performance at tile_size (t2, t3, t4, t5) = (8, 32, 4, 4): 1888 ms
Performance at tile_size (t2, t3, t4, t5) = (8, 32, 4, 8): 1895 ms
Performance at tile_size (t2, t3, t4, t5) = (8, 32, 4, 16): 1782 ms
Performance at tile_size (t2, t3, t4, t5) = (8, 32, 4, 32): 1929 ms
Performance at tile_size (t2, t3, t4, t5) = (8, 32, 4, 64): 1862 ms
Performance at tile_size (t2, t3, t4, t5) = (8, 32, 4, 128): 1892 ms
Performance at tile_size (t2, t3, t4, t5) = (8, 32, 4, 256): 1895 ms
Performance at tile_size (t2, t3, t4, t5) = (8, 32, 8, 1): 1787 ms
Performance at tile_size (t2, t3, t4, t5) = (8, 32, 8, 2): 1828 ms
Performance at tile_size (t2, t3, t4, t5) = (8, 32, 8, 4): 1830 ms
Performance at tile_size (t2, t3, t4, t5) = (8, 32, 8, 8): 1765 ms
Performance at tile_size (t2, t3, t4, t5) = (8, 32, 8, 16): 1939 ms
Performance at tile_size (t2, t3, t4, t5) = (8, 32, 8, 32): 1776 ms
Performance at tile_size (t2, t3, t4, t5) = (8, 32, 8, 64): 1796 ms
Performance at tile_size (t2, t3, t4, t5) = (8, 32, 8, 128): 1786 ms
Performance at tile_size (t2, t3, t4, t5) = (8, 32, 8, 256): 1817 ms
Performance at tile_size (t2, t3, t4, t5) = (8, 32, 16, 1): 1797 ms
Performance at tile_size (t2, t3, t4, t5) = (8, 32, 16, 2): 1879 ms
Performance at tile_size (t2, t3, t4, t5) = (8, 32, 16, 4): 1821 ms
Performance at tile_size (t2, t3, t4, t5) = (8, 32, 16, 8): 1856 ms
Performance at tile_size (t2, t3, t4, t5) = (8, 32, 16, 16): 1784 ms
Performance at tile_size (t2, t3, t4, t5) = (8, 32, 16, 32): 1815 ms
Performance at tile_size (t2, t3, t4, t5) = (8, 32, 16, 64): 1806 ms
Performance at tile_size (t2, t3, t4, t5) = (8, 32, 16, 128): 1772 ms
Performance at tile_size (t2, t3, t4, t5) = (8, 32, 16, 256): 1852 ms
Performance at tile_size (t2, t3, t4, t5) = (8, 32, 32, 1): 1853 ms
Performance at tile_size (t2, t3, t4, t5) = (8, 32, 32, 2): 1879 ms
Performance at tile_size (t2, t3, t4, t5) = (8, 32, 32, 4): 1767 ms
Performance at tile_size (t2, t3, t4, t5) = (8, 32, 32, 8): 1791 ms
Performance at tile_size (t2, t3, t4, t5) = (8, 32, 32, 16): 1781 ms
Performance at tile_size (t2, t3, t4, t5) = (8, 32, 32, 32): 1858 ms
Performance at tile_size (t2, t3, t4, t5) = (8, 32, 32, 64): 1797 ms
Performance at tile_size (t2, t3, t4, t5) = (8, 32, 32, 128): 1800 ms
Performance at tile_size (t2, t3, t4, t5) = (8, 32, 32, 256): 1847 ms
Performance at tile_size (t2, t3, t4, t5) = (8, 32, 64, 1): 1868 ms
Performance at tile_size (t2, t3, t4, t5) = (8, 32, 64, 2): 1961 ms
Performance at tile_size (t2, t3, t4, t5) = (8, 32, 64, 4): 1904 ms
Performance at tile_size (t2, t3, t4, t5) = (8, 32, 64, 8): 1858 ms
Performance at tile_size (t2, t3, t4, t5) = (8, 32, 64, 16): 1774 ms
Performance at tile_size (t2, t3, t4, t5) = (8, 32, 64, 32): 1812 ms
Performance at tile_size (t2, t3, t4, t5) = (8, 32, 64, 64): 1794 ms
Performance at tile_size (t2, t3, t4, t5) = (8, 32, 64, 128): 1861 ms
Performance at tile_size (t2, t3, t4, t5) = (8, 32, 64, 256): 1749 ms
Performance at tile_size (t2, t3, t4, t5) = (8, 32, 128, 1): 1776 ms
Performance at tile_size (t2, t3, t4, t5) = (8, 32, 128, 2): 1868 ms
Performance at tile_size (t2, t3, t4, t5) = (8, 32, 128, 4): 1754 ms
Performance at tile_size (t2, t3, t4, t5) = (8, 32, 128, 8): 1772 ms
Performance at tile_size (t2, t3, t4, t5) = (8, 32, 128, 16): 1810 ms
Performance at tile_size (t2, t3, t4, t5) = (8, 32, 128, 32): 1888 ms
Performance at tile_size (t2, t3, t4, t5) = (8, 32, 128, 64): 1862 ms
Performance at tile_size (t2, t3, t4, t5) = (8, 32, 128, 128): 1868 ms
Performance at tile_size (t2, t3, t4, t5) = (8, 32, 128, 256): 1806 ms
Performance at tile_size (t2, t3, t4, t5) = (8, 32, 256, 1): 1801 ms
Performance at tile_size (t2, t3, t4, t5) = (8, 32, 256, 2): 1773 ms
Performance at tile_size (t2, t3, t4, t5) = (8, 32, 256, 4): 1863 ms
Performance at tile_size (t2, t3, t4, t5) = (8, 32, 256, 8): 1792 ms
Performance at tile_size (t2, t3, t4, t5) = (8, 32, 256, 16): 1933 ms
Performance at tile_size (t2, t3, t4, t5) = (8, 32, 256, 32): 1821 ms
Performance at tile_size (t2, t3, t4, t5) = (8, 32, 256, 64): 1888 ms
Performance at tile_size (t2, t3, t4, t5) = (8, 32, 256, 128): 1882 ms
Performance at tile_size (t2, t3, t4, t5) = (8, 32, 256, 256): 1844 ms
Performance at tile_size (t2, t3, t4, t5) = (8, 64, 1, 1): 1755 ms
Performance at tile_size (t2, t3, t4, t5) = (8, 64, 1, 2): 1964 ms
Performance at tile_size (t2, t3, t4, t5) = (8, 64, 1, 4): 1861 ms
Performance at tile_size (t2, t3, t4, t5) = (8, 64, 1, 8): 1887 ms
Performance at tile_size (t2, t3, t4, t5) = (8, 64, 1, 16): 1800 ms
Performance at tile_size (t2, t3, t4, t5) = (8, 64, 1, 32): 1874 ms
Performance at tile_size (t2, t3, t4, t5) = (8, 64, 1, 64): 1899 ms
Performance at tile_size (t2, t3, t4, t5) = (8, 64, 1, 128): 1846 ms
Performance at tile_size (t2, t3, t4, t5) = (8, 64, 1, 256): 1874 ms
Performance at tile_size (t2, t3, t4, t5) = (8, 64, 2, 1): 1816 ms
Performance at tile_size (t2, t3, t4, t5) = (8, 64, 2, 2): 1805 ms
Performance at tile_size (t2, t3, t4, t5) = (8, 64, 2, 4): 1742 ms
Performance at tile_size (t2, t3, t4, t5) = (8, 64, 2, 8): 1900 ms
Performance at tile_size (t2, t3, t4, t5) = (8, 64, 2, 16): 1842 ms
Performance at tile_size (t2, t3, t4, t5) = (8, 64, 2, 32): 1797 ms
Performance at tile_size (t2, t3, t4, t5) = (8, 64, 2, 64): 1844 ms
Performance at tile_size (t2, t3, t4, t5) = (8, 64, 2, 128): 1778 ms
Performance at tile_size (t2, t3, t4, t5) = (8, 64, 2, 256): 1884 ms
Performance at tile_size (t2, t3, t4, t5) = (8, 64, 4, 1): 1883 ms
Performance at tile_size (t2, t3, t4, t5) = (8, 64, 4, 2): 1878 ms
Performance at tile_size (t2, t3, t4, t5) = (8, 64, 4, 4): 1853 ms
Performance at tile_size (t2, t3, t4, t5) = (8, 64, 4, 8): 1825 ms
Performance at tile_size (t2, t3, t4, t5) = (8, 64, 4, 16): 1829 ms
Performance at tile_size (t2, t3, t4, t5) = (8, 64, 4, 32): 1823 ms
Performance at tile_size (t2, t3, t4, t5) = (8, 64, 4, 64): 1784 ms
Performance at tile_size (t2, t3, t4, t5) = (8, 64, 4, 128): 1846 ms
Performance at tile_size (t2, t3, t4, t5) = (8, 64, 4, 256): 1866 ms
Performance at tile_size (t2, t3, t4, t5) = (8, 64, 8, 1): 1831 ms
Performance at tile_size (t2, t3, t4, t5) = (8, 64, 8, 2): 1832 ms
Performance at tile_size (t2, t3, t4, t5) = (8, 64, 8, 4): 1837 ms
Performance at tile_size (t2, t3, t4, t5) = (8, 64, 8, 8): 1811 ms
Performance at tile_size (t2, t3, t4, t5) = (8, 64, 8, 16): 1798 ms
Performance at tile_size (t2, t3, t4, t5) = (8, 64, 8, 32): 1862 ms
Performance at tile_size (t2, t3, t4, t5) = (8, 64, 8, 64): 1843 ms
Performance at tile_size (t2, t3, t4, t5) = (8, 64, 8, 128): 1776 ms
Performance at tile_size (t2, t3, t4, t5) = (8, 64, 8, 256): 1847 ms
Performance at tile_size (t2, t3, t4, t5) = (8, 64, 16, 1): 1853 ms
Performance at tile_size (t2, t3, t4, t5) = (8, 64, 16, 2): 1889 ms
Performance at tile_size (t2, t3, t4, t5) = (8, 64, 16, 4): 1883 ms
Performance at tile_size (t2, t3, t4, t5) = (8, 64, 16, 8): 1853 ms
Performance at tile_size (t2, t3, t4, t5) = (8, 64, 16, 16): 1778 ms
Performance at tile_size (t2, t3, t4, t5) = (8, 64, 16, 32): 1811 ms
Performance at tile_size (t2, t3, t4, t5) = (8, 64, 16, 64): 1861 ms
Performance at tile_size (t2, t3, t4, t5) = (8, 64, 16, 128): 1768 ms
Performance at tile_size (t2, t3, t4, t5) = (8, 64, 16, 256): 1855 ms
Performance at tile_size (t2, t3, t4, t5) = (8, 64, 32, 1): 1823 ms
Performance at tile_size (t2, t3, t4, t5) = (8, 64, 32, 2): 1781 ms
Performance at tile_size (t2, t3, t4, t5) = (8, 64, 32, 4): 1834 ms
Performance at tile_size (t2, t3, t4, t5) = (8, 64, 32, 8): 1818 ms
Performance at tile_size (t2, t3, t4, t5) = (8, 64, 32, 16): 1835 ms
Performance at tile_size (t2, t3, t4, t5) = (8, 64, 32, 32): 1881 ms
Performance at tile_size (t2, t3, t4, t5) = (8, 64, 32, 64): 1877 ms
Performance at tile_size (t2, t3, t4, t5) = (8, 64, 32, 128): 1871 ms
Performance at tile_size (t2, t3, t4, t5) = (8, 64, 32, 256): 1880 ms
Performance at tile_size (t2, t3, t4, t5) = (8, 64, 64, 1): 1852 ms
Performance at tile_size (t2, t3, t4, t5) = (8, 64, 64, 2): 1777 ms
Performance at tile_size (t2, t3, t4, t5) = (8, 64, 64, 4): 1899 ms
Performance at tile_size (t2, t3, t4, t5) = (8, 64, 64, 8): 1829 ms
Performance at tile_size (t2, t3, t4, t5) = (8, 64, 64, 16): 1806 ms
Performance at tile_size (t2, t3, t4, t5) = (8, 64, 64, 32): 1809 ms
Performance at tile_size (t2, t3, t4, t5) = (8, 64, 64, 64): 1883 ms
Performance at tile_size (t2, t3, t4, t5) = (8, 64, 64, 128): 1797 ms
Performance at tile_size (t2, t3, t4, t5) = (8, 64, 64, 256): 1774 ms
Performance at tile_size (t2, t3, t4, t5) = (8, 64, 128, 1): 1792 ms
Performance at tile_size (t2, t3, t4, t5) = (8, 64, 128, 2): 1794 ms
Performance at tile_size (t2, t3, t4, t5) = (8, 64, 128, 4): 1790 ms
Performance at tile_size (t2, t3, t4, t5) = (8, 64, 128, 8): 1804 ms
Performance at tile_size (t2, t3, t4, t5) = (8, 64, 128, 16): 1761 ms
Performance at tile_size (t2, t3, t4, t5) = (8, 64, 128, 32): 1800 ms
Performance at tile_size (t2, t3, t4, t5) = (8, 64, 128, 64): 1856 ms
Performance at tile_size (t2, t3, t4, t5) = (8, 64, 128, 128): 1897 ms
Performance at tile_size (t2, t3, t4, t5) = (8, 64, 128, 256): 1737 ms
Performance at tile_size (t2, t3, t4, t5) = (8, 64, 256, 1): 1841 ms
Performance at tile_size (t2, t3, t4, t5) = (8, 64, 256, 2): 1880 ms
Performance at tile_size (t2, t3, t4, t5) = (8, 64, 256, 4): 1853 ms
Performance at tile_size (t2, t3, t4, t5) = (8, 64, 256, 8): 1856 ms
Performance at tile_size (t2, t3, t4, t5) = (8, 64, 256, 16): 1723 ms
Performance at tile_size (t2, t3, t4, t5) = (8, 64, 256, 32): 1850 ms
Performance at tile_size (t2, t3, t4, t5) = (8, 64, 256, 64): 1850 ms
Performance at tile_size (t2, t3, t4, t5) = (8, 64, 256, 128): 1811 ms
Performance at tile_size (t2, t3, t4, t5) = (8, 64, 256, 256): 1859 ms
Performance at tile_size (t2, t3, t4, t5) = (8, 128, 1, 1): 1811 ms
Performance at tile_size (t2, t3, t4, t5) = (8, 128, 1, 2): 1830 ms
Performance at tile_size (t2, t3, t4, t5) = (8, 128, 1, 4): 1777 ms
Performance at tile_size (t2, t3, t4, t5) = (8, 128, 1, 8): 1781 ms
Performance at tile_size (t2, t3, t4, t5) = (8, 128, 1, 16): 1819 ms
Performance at tile_size (t2, t3, t4, t5) = (8, 128, 1, 32): 1784 ms
Performance at tile_size (t2, t3, t4, t5) = (8, 128, 1, 64): 1862 ms
Performance at tile_size (t2, t3, t4, t5) = (8, 128, 1, 128): 1880 ms
Performance at tile_size (t2, t3, t4, t5) = (8, 128, 1, 256): 1756 ms
Performance at tile_size (t2, t3, t4, t5) = (8, 128, 2, 1): 1800 ms
Performance at tile_size (t2, t3, t4, t5) = (8, 128, 2, 2): 1778 ms
Performance at tile_size (t2, t3, t4, t5) = (8, 128, 2, 4): 1833 ms
Performance at tile_size (t2, t3, t4, t5) = (8, 128, 2, 8): 1846 ms
Performance at tile_size (t2, t3, t4, t5) = (8, 128, 2, 16): 1841 ms
Performance at tile_size (t2, t3, t4, t5) = (8, 128, 2, 32): 1782 ms
Performance at tile_size (t2, t3, t4, t5) = (8, 128, 2, 64): 1868 ms
Performance at tile_size (t2, t3, t4, t5) = (8, 128, 2, 128): 1879 ms
Performance at tile_size (t2, t3, t4, t5) = (8, 128, 2, 256): 1802 ms
Performance at tile_size (t2, t3, t4, t5) = (8, 128, 4, 1): 1767 ms
Performance at tile_size (t2, t3, t4, t5) = (8, 128, 4, 2): 1852 ms
Performance at tile_size (t2, t3, t4, t5) = (8, 128, 4, 4): 1780 ms
Performance at tile_size (t2, t3, t4, t5) = (8, 128, 4, 8): 1772 ms
Performance at tile_size (t2, t3, t4, t5) = (8, 128, 4, 16): 1855 ms
Performance at tile_size (t2, t3, t4, t5) = (8, 128, 4, 32): 1795 ms
Performance at tile_size (t2, t3, t4, t5) = (8, 128, 4, 64): 1804 ms
Performance at tile_size (t2, t3, t4, t5) = (8, 128, 4, 128): 1745 ms
Performance at tile_size (t2, t3, t4, t5) = (8, 128, 4, 256): 1790 ms
Performance at tile_size (t2, t3, t4, t5) = (8, 128, 8, 1): 1844 ms
Performance at tile_size (t2, t3, t4, t5) = (8, 128, 8, 2): 1784 ms
Performance at tile_size (t2, t3, t4, t5) = (8, 128, 8, 4): 1892 ms
Performance at tile_size (t2, t3, t4, t5) = (8, 128, 8, 8): 1744 ms
Performance at tile_size (t2, t3, t4, t5) = (8, 128, 8, 16): 1891 ms
Performance at tile_size (t2, t3, t4, t5) = (8, 128, 8, 32): 1842 ms
Performance at tile_size (t2, t3, t4, t5) = (8, 128, 8, 64): 1777 ms
Performance at tile_size (t2, t3, t4, t5) = (8, 128, 8, 128): 1859 ms
Performance at tile_size (t2, t3, t4, t5) = (8, 128, 8, 256): 1845 ms
Performance at tile_size (t2, t3, t4, t5) = (8, 128, 16, 1): 1871 ms
Performance at tile_size (t2, t3, t4, t5) = (8, 128, 16, 2): 1801 ms
Performance at tile_size (t2, t3, t4, t5) = (8, 128, 16, 4): 1833 ms
Performance at tile_size (t2, t3, t4, t5) = (8, 128, 16, 8): 1903 ms
Performance at tile_size (t2, t3, t4, t5) = (8, 128, 16, 16): 1796 ms
Performance at tile_size (t2, t3, t4, t5) = (8, 128, 16, 32): 1815 ms
Performance at tile_size (t2, t3, t4, t5) = (8, 128, 16, 64): 1876 ms
Performance at tile_size (t2, t3, t4, t5) = (8, 128, 16, 128): 1826 ms
Performance at tile_size (t2, t3, t4, t5) = (8, 128, 16, 256): 1790 ms
Performance at tile_size (t2, t3, t4, t5) = (8, 128, 32, 1): 1800 ms
Performance at tile_size (t2, t3, t4, t5) = (8, 128, 32, 2): 1822 ms
Performance at tile_size (t2, t3, t4, t5) = (8, 128, 32, 4): 1786 ms
Performance at tile_size (t2, t3, t4, t5) = (8, 128, 32, 8): 1790 ms
Performance at tile_size (t2, t3, t4, t5) = (8, 128, 32, 16): 1780 ms
Performance at tile_size (t2, t3, t4, t5) = (8, 128, 32, 32): 1785 ms
Performance at tile_size (t2, t3, t4, t5) = (8, 128, 32, 64): 1799 ms
Performance at tile_size (t2, t3, t4, t5) = (8, 128, 32, 128): 1802 ms
Performance at tile_size (t2, t3, t4, t5) = (8, 128, 32, 256): 1783 ms
Performance at tile_size (t2, t3, t4, t5) = (8, 128, 64, 1): 1858 ms
Performance at tile_size (t2, t3, t4, t5) = (8, 128, 64, 2): 1786 ms
Performance at tile_size (t2, t3, t4, t5) = (8, 128, 64, 4): 1740 ms
Performance at tile_size (t2, t3, t4, t5) = (8, 128, 64, 8): 1820 ms
Performance at tile_size (t2, t3, t4, t5) = (8, 128, 64, 16): 1783 ms
Performance at tile_size (t2, t3, t4, t5) = (8, 128, 64, 32): 1846 ms
Performance at tile_size (t2, t3, t4, t5) = (8, 128, 64, 64): 1873 ms
Performance at tile_size (t2, t3, t4, t5) = (8, 128, 64, 128): 1796 ms
Performance at tile_size (t2, t3, t4, t5) = (8, 128, 64, 256): 1869 ms
Performance at tile_size (t2, t3, t4, t5) = (8, 128, 128, 1): 1816 ms
Performance at tile_size (t2, t3, t4, t5) = (8, 128, 128, 2): 1873 ms
Performance at tile_size (t2, t3, t4, t5) = (8, 128, 128, 4): 1854 ms
Performance at tile_size (t2, t3, t4, t5) = (8, 128, 128, 8): 1788 ms
Performance at tile_size (t2, t3, t4, t5) = (8, 128, 128, 16): 1814 ms
Performance at tile_size (t2, t3, t4, t5) = (8, 128, 128, 32): 1711 ms
Performance at tile_size (t2, t3, t4, t5) = (8, 128, 128, 64): 1832 ms
Performance at tile_size (t2, t3, t4, t5) = (8, 128, 128, 128): 1784 ms
Performance at tile_size (t2, t3, t4, t5) = (8, 128, 128, 256): 1877 ms
Performance at tile_size (t2, t3, t4, t5) = (8, 128, 256, 1): 1779 ms
Performance at tile_size (t2, t3, t4, t5) = (8, 128, 256, 2): 1823 ms
Performance at tile_size (t2, t3, t4, t5) = (8, 128, 256, 4): 1787 ms
Performance at tile_size (t2, t3, t4, t5) = (8, 128, 256, 8): 1850 ms
Performance at tile_size (t2, t3, t4, t5) = (8, 128, 256, 16): 1777 ms
Performance at tile_size (t2, t3, t4, t5) = (8, 128, 256, 32): 1807 ms
Performance at tile_size (t2, t3, t4, t5) = (8, 128, 256, 64): 1794 ms
Performance at tile_size (t2, t3, t4, t5) = (8, 128, 256, 128): 1848 ms
Performance at tile_size (t2, t3, t4, t5) = (8, 128, 256, 256): 1783 ms
Performance at tile_size (t2, t3, t4, t5) = (8, 256, 1, 1): 1854 ms
Performance at tile_size (t2, t3, t4, t5) = (8, 256, 1, 2): 1807 ms
Performance at tile_size (t2, t3, t4, t5) = (8, 256, 1, 4): 1785 ms
Performance at tile_size (t2, t3, t4, t5) = (8, 256, 1, 8): 1817 ms
Performance at tile_size (t2, t3, t4, t5) = (8, 256, 1, 16): 1807 ms
Performance at tile_size (t2, t3, t4, t5) = (8, 256, 1, 32): 1788 ms
Performance at tile_size (t2, t3, t4, t5) = (8, 256, 1, 64): 1889 ms
Performance at tile_size (t2, t3, t4, t5) = (8, 256, 1, 128): 1761 ms
Performance at tile_size (t2, t3, t4, t5) = (8, 256, 1, 256): 1785 ms
Performance at tile_size (t2, t3, t4, t5) = (8, 256, 2, 1): 1779 ms
Performance at tile_size (t2, t3, t4, t5) = (8, 256, 2, 2): 1786 ms
Performance at tile_size (t2, t3, t4, t5) = (8, 256, 2, 4): 1782 ms
Performance at tile_size (t2, t3, t4, t5) = (8, 256, 2, 8): 1787 ms
Performance at tile_size (t2, t3, t4, t5) = (8, 256, 2, 16): 1798 ms
Performance at tile_size (t2, t3, t4, t5) = (8, 256, 2, 32): 1824 ms
Performance at tile_size (t2, t3, t4, t5) = (8, 256, 2, 64): 1774 ms
Performance at tile_size (t2, t3, t4, t5) = (8, 256, 2, 128): 1859 ms
Performance at tile_size (t2, t3, t4, t5) = (8, 256, 2, 256): 1780 ms
Performance at tile_size (t2, t3, t4, t5) = (8, 256, 4, 1): 1787 ms
Performance at tile_size (t2, t3, t4, t5) = (8, 256, 4, 2): 1781 ms
Performance at tile_size (t2, t3, t4, t5) = (8, 256, 4, 4): 1757 ms
Performance at tile_size (t2, t3, t4, t5) = (8, 256, 4, 8): 1755 ms
Performance at tile_size (t2, t3, t4, t5) = (8, 256, 4, 16): 1789 ms
Performance at tile_size (t2, t3, t4, t5) = (8, 256, 4, 32): 1797 ms
Performance at tile_size (t2, t3, t4, t5) = (8, 256, 4, 64): 1775 ms
Performance at tile_size (t2, t3, t4, t5) = (8, 256, 4, 128): 1790 ms
Performance at tile_size (t2, t3, t4, t5) = (8, 256, 4, 256): 1817 ms
Performance at tile_size (t2, t3, t4, t5) = (8, 256, 8, 1): 1778 ms
Performance at tile_size (t2, t3, t4, t5) = (8, 256, 8, 2): 1782 ms
Performance at tile_size (t2, t3, t4, t5) = (8, 256, 8, 4): 1779 ms
Performance at tile_size (t2, t3, t4, t5) = (8, 256, 8, 8): 1858 ms
Performance at tile_size (t2, t3, t4, t5) = (8, 256, 8, 16): 1808 ms
Performance at tile_size (t2, t3, t4, t5) = (8, 256, 8, 32): 1782 ms
Performance at tile_size (t2, t3, t4, t5) = (8, 256, 8, 64): 1815 ms
Performance at tile_size (t2, t3, t4, t5) = (8, 256, 8, 128): 1767 ms
Performance at tile_size (t2, t3, t4, t5) = (8, 256, 8, 256): 1798 ms
Performance at tile_size (t2, t3, t4, t5) = (8, 256, 16, 1): 1844 ms
Performance at tile_size (t2, t3, t4, t5) = (8, 256, 16, 2): 1774 ms
Performance at tile_size (t2, t3, t4, t5) = (8, 256, 16, 4): 1803 ms
Performance at tile_size (t2, t3, t4, t5) = (8, 256, 16, 8): 1782 ms
Performance at tile_size (t2, t3, t4, t5) = (8, 256, 16, 16): 1800 ms
Performance at tile_size (t2, t3, t4, t5) = (8, 256, 16, 32): 1788 ms
Performance at tile_size (t2, t3, t4, t5) = (8, 256, 16, 64): 1798 ms
Performance at tile_size (t2, t3, t4, t5) = (8, 256, 16, 128): 1794 ms
Performance at tile_size (t2, t3, t4, t5) = (8, 256, 16, 256): 1730 ms
Performance at tile_size (t2, t3, t4, t5) = (8, 256, 32, 1): 1774 ms
Performance at tile_size (t2, t3, t4, t5) = (8, 256, 32, 2): 1781 ms
Performance at tile_size (t2, t3, t4, t5) = (8, 256, 32, 4): 1825 ms
Performance at tile_size (t2, t3, t4, t5) = (8, 256, 32, 8): 1829 ms
Performance at tile_size (t2, t3, t4, t5) = (8, 256, 32, 16): 1889 ms
Performance at tile_size (t2, t3, t4, t5) = (8, 256, 32, 32): 1870 ms
Performance at tile_size (t2, t3, t4, t5) = (8, 256, 32, 64): 1851 ms
Performance at tile_size (t2, t3, t4, t5) = (8, 256, 32, 128): 1904 ms
Performance at tile_size (t2, t3, t4, t5) = (8, 256, 32, 256): 1766 ms
Performance at tile_size (t2, t3, t4, t5) = (8, 256, 64, 1): 1902 ms
Performance at tile_size (t2, t3, t4, t5) = (8, 256, 64, 2): 1791 ms
Performance at tile_size (t2, t3, t4, t5) = (8, 256, 64, 4): 1879 ms
Performance at tile_size (t2, t3, t4, t5) = (8, 256, 64, 8): 1781 ms
Performance at tile_size (t2, t3, t4, t5) = (8, 256, 64, 16): 1796 ms
Performance at tile_size (t2, t3, t4, t5) = (8, 256, 64, 32): 1908 ms
Performance at tile_size (t2, t3, t4, t5) = (8, 256, 64, 64): 1817 ms
Performance at tile_size (t2, t3, t4, t5) = (8, 256, 64, 128): 1814 ms
Performance at tile_size (t2, t3, t4, t5) = (8, 256, 64, 256): 1851 ms
Performance at tile_size (t2, t3, t4, t5) = (8, 256, 128, 1): 1822 ms
Performance at tile_size (t2, t3, t4, t5) = (8, 256, 128, 2): 1803 ms
Performance at tile_size (t2, t3, t4, t5) = (8, 256, 128, 4): 1816 ms
Performance at tile_size (t2, t3, t4, t5) = (8, 256, 128, 8): 1797 ms
Performance at tile_size (t2, t3, t4, t5) = (8, 256, 128, 16): 1800 ms
Performance at tile_size (t2, t3, t4, t5) = (8, 256, 128, 32): 1788 ms
Performance at tile_size (t2, t3, t4, t5) = (8, 256, 128, 64): 1760 ms
Performance at tile_size (t2, t3, t4, t5) = (8, 256, 128, 128): 1809 ms
Performance at tile_size (t2, t3, t4, t5) = (8, 256, 128, 256): 1734 ms
Performance at tile_size (t2, t3, t4, t5) = (8, 256, 256, 1): 1778 ms
Performance at tile_size (t2, t3, t4, t5) = (8, 256, 256, 2): 1774 ms
Performance at tile_size (t2, t3, t4, t5) = (8, 256, 256, 4): 1799 ms
Performance at tile_size (t2, t3, t4, t5) = (8, 256, 256, 8): 1880 ms
Performance at tile_size (t2, t3, t4, t5) = (8, 256, 256, 16): 1806 ms
Performance at tile_size (t2, t3, t4, t5) = (8, 256, 256, 32): 1802 ms
Performance at tile_size (t2, t3, t4, t5) = (8, 256, 256, 64): 1784 ms
Performance at tile_size (t2, t3, t4, t5) = (8, 256, 256, 128): 1717 ms
Performance at tile_size (t2, t3, t4, t5) = (8, 256, 256, 256): 1811 ms
Performance at tile_size (t2, t3, t4, t5) = (16, 1, 1, 1): 1742 ms
Performance at tile_size (t2, t3, t4, t5) = (16, 1, 1, 2): 1773 ms
Performance at tile_size (t2, t3, t4, t5) = (16, 1, 1, 4): 1791 ms
Performance at tile_size (t2, t3, t4, t5) = (16, 1, 1, 8): 1741 ms
Performance at tile_size (t2, t3, t4, t5) = (16, 1, 1, 16): 1834 ms
Performance at tile_size (t2, t3, t4, t5) = (16, 1, 1, 32): 1863 ms
Performance at tile_size (t2, t3, t4, t5) = (16, 1, 1, 64): 1800 ms
Performance at tile_size (t2, t3, t4, t5) = (16, 1, 1, 128): 1845 ms
Performance at tile_size (t2, t3, t4, t5) = (16, 1, 1, 256): 1737 ms
Performance at tile_size (t2, t3, t4, t5) = (16, 1, 2, 1): 1772 ms
Performance at tile_size (t2, t3, t4, t5) = (16, 1, 2, 2): 1726 ms
Performance at tile_size (t2, t3, t4, t5) = (16, 1, 2, 4): 1793 ms
Performance at tile_size (t2, t3, t4, t5) = (16, 1, 2, 8): 1793 ms
Performance at tile_size (t2, t3, t4, t5) = (16, 1, 2, 16): 1834 ms
Performance at tile_size (t2, t3, t4, t5) = (16, 1, 2, 32): 1784 ms
Performance at tile_size (t2, t3, t4, t5) = (16, 1, 2, 64): 1795 ms
Performance at tile_size (t2, t3, t4, t5) = (16, 1, 2, 128): 1806 ms
Performance at tile_size (t2, t3, t4, t5) = (16, 1, 2, 256): 1882 ms
Performance at tile_size (t2, t3, t4, t5) = (16, 1, 4, 1): 1782 ms
Performance at tile_size (t2, t3, t4, t5) = (16, 1, 4, 2): 1844 ms
Performance at tile_size (t2, t3, t4, t5) = (16, 1, 4, 4): 1847 ms
Performance at tile_size (t2, t3, t4, t5) = (16, 1, 4, 8): 1790 ms
Performance at tile_size (t2, t3, t4, t5) = (16, 1, 4, 16): 1807 ms
Performance at tile_size (t2, t3, t4, t5) = (16, 1, 4, 32): 1800 ms
Performance at tile_size (t2, t3, t4, t5) = (16, 1, 4, 64): 1802 ms
Performance at tile_size (t2, t3, t4, t5) = (16, 1, 4, 128): 1760 ms
Performance at tile_size (t2, t3, t4, t5) = (16, 1, 4, 256): 1778 ms
Performance at tile_size (t2, t3, t4, t5) = (16, 1, 8, 1): 1807 ms
Performance at tile_size (t2, t3, t4, t5) = (16, 1, 8, 2): 1768 ms
Performance at tile_size (t2, t3, t4, t5) = (16, 1, 8, 4): 1776 ms
Performance at tile_size (t2, t3, t4, t5) = (16, 1, 8, 8): 1853 ms
Performance at tile_size (t2, t3, t4, t5) = (16, 1, 8, 16): 1797 ms
Performance at tile_size (t2, t3, t4, t5) = (16, 1, 8, 32): 1796 ms
Performance at tile_size (t2, t3, t4, t5) = (16, 1, 8, 64): 1714 ms
Performance at tile_size (t2, t3, t4, t5) = (16, 1, 8, 128): 1793 ms
Performance at tile_size (t2, t3, t4, t5) = (16, 1, 8, 256): 1824 ms
Performance at tile_size (t2, t3, t4, t5) = (16, 1, 16, 1): 1813 ms
Performance at tile_size (t2, t3, t4, t5) = (16, 1, 16, 2): 1778 ms
Performance at tile_size (t2, t3, t4, t5) = (16, 1, 16, 4): 1791 ms
Performance at tile_size (t2, t3, t4, t5) = (16, 1, 16, 8): 1800 ms
Performance at tile_size (t2, t3, t4, t5) = (16, 1, 16, 16): 1824 ms
Performance at tile_size (t2, t3, t4, t5) = (16, 1, 16, 32): 1927 ms
Performance at tile_size (t2, t3, t4, t5) = (16, 1, 16, 64): 1809 ms
Performance at tile_size (t2, t3, t4, t5) = (16, 1, 16, 128): 1835 ms
Performance at tile_size (t2, t3, t4, t5) = (16, 1, 16, 256): 1785 ms
Performance at tile_size (t2, t3, t4, t5) = (16, 1, 32, 1): 1863 ms
Performance at tile_size (t2, t3, t4, t5) = (16, 1, 32, 2): 1790 ms
Performance at tile_size (t2, t3, t4, t5) = (16, 1, 32, 4): 1785 ms
Performance at tile_size (t2, t3, t4, t5) = (16, 1, 32, 8): 1819 ms
Performance at tile_size (t2, t3, t4, t5) = (16, 1, 32, 16): 1870 ms
Performance at tile_size (t2, t3, t4, t5) = (16, 1, 32, 32): 1818 ms
Performance at tile_size (t2, t3, t4, t5) = (16, 1, 32, 64): 1895 ms
Performance at tile_size (t2, t3, t4, t5) = (16, 1, 32, 128): 1822 ms
Performance at tile_size (t2, t3, t4, t5) = (16, 1, 32, 256): 1826 ms
Performance at tile_size (t2, t3, t4, t5) = (16, 1, 64, 1): 1843 ms
Performance at tile_size (t2, t3, t4, t5) = (16, 1, 64, 2): 1792 ms
Performance at tile_size (t2, t3, t4, t5) = (16, 1, 64, 4): 1769 ms
Performance at tile_size (t2, t3, t4, t5) = (16, 1, 64, 8): 1804 ms
Performance at tile_size (t2, t3, t4, t5) = (16, 1, 64, 16): 1824 ms
Performance at tile_size (t2, t3, t4, t5) = (16, 1, 64, 32): 1854 ms
Performance at tile_size (t2, t3, t4, t5) = (16, 1, 64, 64): 1778 ms
Performance at tile_size (t2, t3, t4, t5) = (16, 1, 64, 128): 1790 ms
Performance at tile_size (t2, t3, t4, t5) = (16, 1, 64, 256): 1835 ms
Performance at tile_size (t2, t3, t4, t5) = (16, 1, 128, 1): 1784 ms
Performance at tile_size (t2, t3, t4, t5) = (16, 1, 128, 2): 1859 ms
Performance at tile_size (t2, t3, t4, t5) = (16, 1, 128, 4): 1813 ms
Performance at tile_size (t2, t3, t4, t5) = (16, 1, 128, 8): 1790 ms
Performance at tile_size (t2, t3, t4, t5) = (16, 1, 128, 16): 1744 ms
Performance at tile_size (t2, t3, t4, t5) = (16, 1, 128, 32): 1810 ms
Performance at tile_size (t2, t3, t4, t5) = (16, 1, 128, 64): 1799 ms
Performance at tile_size (t2, t3, t4, t5) = (16, 1, 128, 128): 1787 ms
Performance at tile_size (t2, t3, t4, t5) = (16, 1, 128, 256): 1792 ms
Performance at tile_size (t2, t3, t4, t5) = (16, 1, 256, 1): 1857 ms
Performance at tile_size (t2, t3, t4, t5) = (16, 1, 256, 2): 1884 ms
Performance at tile_size (t2, t3, t4, t5) = (16, 1, 256, 4): 1887 ms
Performance at tile_size (t2, t3, t4, t5) = (16, 1, 256, 8): 1783 ms
Performance at tile_size (t2, t3, t4, t5) = (16, 1, 256, 16): 1722 ms
Performance at tile_size (t2, t3, t4, t5) = (16, 1, 256, 32): 1869 ms
Performance at tile_size (t2, t3, t4, t5) = (16, 1, 256, 64): 1782 ms
Performance at tile_size (t2, t3, t4, t5) = (16, 1, 256, 128): 1914 ms
Performance at tile_size (t2, t3, t4, t5) = (16, 1, 256, 256): 1868 ms
Performance at tile_size (t2, t3, t4, t5) = (16, 2, 1, 1): 1845 ms
Performance at tile_size (t2, t3, t4, t5) = (16, 2, 1, 2): 1846 ms
Performance at tile_size (t2, t3, t4, t5) = (16, 2, 1, 4): 1869 ms
Performance at tile_size (t2, t3, t4, t5) = (16, 2, 1, 8): 1810 ms
Performance at tile_size (t2, t3, t4, t5) = (16, 2, 1, 16): 1796 ms
Performance at tile_size (t2, t3, t4, t5) = (16, 2, 1, 32): 1849 ms
Performance at tile_size (t2, t3, t4, t5) = (16, 2, 1, 64): 1810 ms
Performance at tile_size (t2, t3, t4, t5) = (16, 2, 1, 128): 1782 ms
Performance at tile_size (t2, t3, t4, t5) = (16, 2, 1, 256): 1817 ms
Performance at tile_size (t2, t3, t4, t5) = (16, 2, 2, 1): 1798 ms
Performance at tile_size (t2, t3, t4, t5) = (16, 2, 2, 2): 1803 ms
Performance at tile_size (t2, t3, t4, t5) = (16, 2, 2, 4): 1908 ms
Performance at tile_size (t2, t3, t4, t5) = (16, 2, 2, 8): 1817 ms
Performance at tile_size (t2, t3, t4, t5) = (16, 2, 2, 16): 1811 ms
Performance at tile_size (t2, t3, t4, t5) = (16, 2, 2, 32): 1887 ms
Performance at tile_size (t2, t3, t4, t5) = (16, 2, 2, 64): 1927 ms
Performance at tile_size (t2, t3, t4, t5) = (16, 2, 2, 128): 1895 ms
Performance at tile_size (t2, t3, t4, t5) = (16, 2, 2, 256): 1788 ms
Performance at tile_size (t2, t3, t4, t5) = (16, 2, 4, 1): 1820 ms
Performance at tile_size (t2, t3, t4, t5) = (16, 2, 4, 2): 1758 ms
Performance at tile_size (t2, t3, t4, t5) = (16, 2, 4, 4): 1831 ms
Performance at tile_size (t2, t3, t4, t5) = (16, 2, 4, 8): 1861 ms
Performance at tile_size (t2, t3, t4, t5) = (16, 2, 4, 16): 1881 ms
Performance at tile_size (t2, t3, t4, t5) = (16, 2, 4, 32): 1807 ms
Performance at tile_size (t2, t3, t4, t5) = (16, 2, 4, 64): 1809 ms
Performance at tile_size (t2, t3, t4, t5) = (16, 2, 4, 128): 1819 ms
Performance at tile_size (t2, t3, t4, t5) = (16, 2, 4, 256): 1867 ms
Performance at tile_size (t2, t3, t4, t5) = (16, 2, 8, 1): 1811 ms
Performance at tile_size (t2, t3, t4, t5) = (16, 2, 8, 2): 1837 ms
Performance at tile_size (t2, t3, t4, t5) = (16, 2, 8, 4): 1845 ms
Performance at tile_size (t2, t3, t4, t5) = (16, 2, 8, 8): 1783 ms
Performance at tile_size (t2, t3, t4, t5) = (16, 2, 8, 16): 1859 ms
Performance at tile_size (t2, t3, t4, t5) = (16, 2, 8, 32): 1927 ms
Performance at tile_size (t2, t3, t4, t5) = (16, 2, 8, 64): 1920 ms
Performance at tile_size (t2, t3, t4, t5) = (16, 2, 8, 128): 1963 ms
Performance at tile_size (t2, t3, t4, t5) = (16, 2, 8, 256): 1846 ms
Performance at tile_size (t2, t3, t4, t5) = (16, 2, 16, 1): 1820 ms
Performance at tile_size (t2, t3, t4, t5) = (16, 2, 16, 2): 1882 ms
Performance at tile_size (t2, t3, t4, t5) = (16, 2, 16, 4): 1764 ms
Performance at tile_size (t2, t3, t4, t5) = (16, 2, 16, 8): 1901 ms
Performance at tile_size (t2, t3, t4, t5) = (16, 2, 16, 16): 1806 ms
Performance at tile_size (t2, t3, t4, t5) = (16, 2, 16, 32): 1858 ms
Performance at tile_size (t2, t3, t4, t5) = (16, 2, 16, 64): 1786 ms
Performance at tile_size (t2, t3, t4, t5) = (16, 2, 16, 128): 1917 ms
Performance at tile_size (t2, t3, t4, t5) = (16, 2, 16, 256): 1941 ms
Performance at tile_size (t2, t3, t4, t5) = (16, 2, 32, 1): 1783 ms
Performance at tile_size (t2, t3, t4, t5) = (16, 2, 32, 2): 1793 ms
Performance at tile_size (t2, t3, t4, t5) = (16, 2, 32, 4): 1780 ms
Performance at tile_size (t2, t3, t4, t5) = (16, 2, 32, 8): 1856 ms
Performance at tile_size (t2, t3, t4, t5) = (16, 2, 32, 16): 1814 ms
Performance at tile_size (t2, t3, t4, t5) = (16, 2, 32, 32): 1853 ms
Performance at tile_size (t2, t3, t4, t5) = (16, 2, 32, 64): 1927 ms
Performance at tile_size (t2, t3, t4, t5) = (16, 2, 32, 128): 1841 ms
Performance at tile_size (t2, t3, t4, t5) = (16, 2, 32, 256): 1765 ms
Performance at tile_size (t2, t3, t4, t5) = (16, 2, 64, 1): 1803 ms
Performance at tile_size (t2, t3, t4, t5) = (16, 2, 64, 2): 1823 ms
Performance at tile_size (t2, t3, t4, t5) = (16, 2, 64, 4): 1903 ms
Performance at tile_size (t2, t3, t4, t5) = (16, 2, 64, 8): 1799 ms
Performance at tile_size (t2, t3, t4, t5) = (16, 2, 64, 16): 1790 ms
Performance at tile_size (t2, t3, t4, t5) = (16, 2, 64, 32): 1896 ms
Performance at tile_size (t2, t3, t4, t5) = (16, 2, 64, 64): 1790 ms
Performance at tile_size (t2, t3, t4, t5) = (16, 2, 64, 128): 1783 ms
Performance at tile_size (t2, t3, t4, t5) = (16, 2, 64, 256): 1792 ms
Performance at tile_size (t2, t3, t4, t5) = (16, 2, 128, 1): 1862 ms
Performance at tile_size (t2, t3, t4, t5) = (16, 2, 128, 2): 1903 ms
Performance at tile_size (t2, t3, t4, t5) = (16, 2, 128, 4): 1854 ms
Performance at tile_size (t2, t3, t4, t5) = (16, 2, 128, 8): 1850 ms
Performance at tile_size (t2, t3, t4, t5) = (16, 2, 128, 16): 1910 ms
Performance at tile_size (t2, t3, t4, t5) = (16, 2, 128, 32): 1868 ms
Performance at tile_size (t2, t3, t4, t5) = (16, 2, 128, 64): 1775 ms
Performance at tile_size (t2, t3, t4, t5) = (16, 2, 128, 128): 1833 ms
Performance at tile_size (t2, t3, t4, t5) = (16, 2, 128, 256): 1802 ms
Performance at tile_size (t2, t3, t4, t5) = (16, 2, 256, 1): 1793 ms
Performance at tile_size (t2, t3, t4, t5) = (16, 2, 256, 2): 1818 ms
Performance at tile_size (t2, t3, t4, t5) = (16, 2, 256, 4): 1850 ms
Performance at tile_size (t2, t3, t4, t5) = (16, 2, 256, 8): 1810 ms
Performance at tile_size (t2, t3, t4, t5) = (16, 2, 256, 16): 1830 ms
Performance at tile_size (t2, t3, t4, t5) = (16, 2, 256, 32): 1905 ms
Performance at tile_size (t2, t3, t4, t5) = (16, 2, 256, 64): 1913 ms
Performance at tile_size (t2, t3, t4, t5) = (16, 2, 256, 128): 1836 ms
Performance at tile_size (t2, t3, t4, t5) = (16, 2, 256, 256): 1805 ms
Performance at tile_size (t2, t3, t4, t5) = (16, 4, 1, 1): 1846 ms
Performance at tile_size (t2, t3, t4, t5) = (16, 4, 1, 2): 1790 ms
Performance at tile_size (t2, t3, t4, t5) = (16, 4, 1, 4): 1774 ms
Performance at tile_size (t2, t3, t4, t5) = (16, 4, 1, 8): 1839 ms
Performance at tile_size (t2, t3, t4, t5) = (16, 4, 1, 16): 1909 ms
Performance at tile_size (t2, t3, t4, t5) = (16, 4, 1, 32): 1793 ms
Performance at tile_size (t2, t3, t4, t5) = (16, 4, 1, 64): 1919 ms
Performance at tile_size (t2, t3, t4, t5) = (16, 4, 1, 128): 1845 ms
Performance at tile_size (t2, t3, t4, t5) = (16, 4, 1, 256): 1796 ms
Performance at tile_size (t2, t3, t4, t5) = (16, 4, 2, 1): 1833 ms
Performance at tile_size (t2, t3, t4, t5) = (16, 4, 2, 2): 1875 ms
Performance at tile_size (t2, t3, t4, t5) = (16, 4, 2, 4): 1774 ms
Performance at tile_size (t2, t3, t4, t5) = (16, 4, 2, 8): 1847 ms
Performance at tile_size (t2, t3, t4, t5) = (16, 4, 2, 16): 1848 ms
Performance at tile_size (t2, t3, t4, t5) = (16, 4, 2, 32): 1810 ms
Performance at tile_size (t2, t3, t4, t5) = (16, 4, 2, 64): 1866 ms
Performance at tile_size (t2, t3, t4, t5) = (16, 4, 2, 128): 1802 ms
Performance at tile_size (t2, t3, t4, t5) = (16, 4, 2, 256): 1795 ms
Performance at tile_size (t2, t3, t4, t5) = (16, 4, 4, 1): 1800 ms
Performance at tile_size (t2, t3, t4, t5) = (16, 4, 4, 2): 1813 ms
Performance at tile_size (t2, t3, t4, t5) = (16, 4, 4, 4): 1851 ms
Performance at tile_size (t2, t3, t4, t5) = (16, 4, 4, 8): 1779 ms
Performance at tile_size (t2, t3, t4, t5) = (16, 4, 4, 16): 1777 ms
Performance at tile_size (t2, t3, t4, t5) = (16, 4, 4, 32): 1879 ms
Performance at tile_size (t2, t3, t4, t5) = (16, 4, 4, 64): 1789 ms
Performance at tile_size (t2, t3, t4, t5) = (16, 4, 4, 128): 1811 ms
Performance at tile_size (t2, t3, t4, t5) = (16, 4, 4, 256): 1792 ms
Performance at tile_size (t2, t3, t4, t5) = (16, 4, 8, 1): 1821 ms
Performance at tile_size (t2, t3, t4, t5) = (16, 4, 8, 2): 1877 ms
Performance at tile_size (t2, t3, t4, t5) = (16, 4, 8, 4): 1815 ms
Performance at tile_size (t2, t3, t4, t5) = (16, 4, 8, 8): 1777 ms
Performance at tile_size (t2, t3, t4, t5) = (16, 4, 8, 16): 1798 ms
Performance at tile_size (t2, t3, t4, t5) = (16, 4, 8, 32): 1850 ms
Performance at tile_size (t2, t3, t4, t5) = (16, 4, 8, 64): 1840 ms
Performance at tile_size (t2, t3, t4, t5) = (16, 4, 8, 128): 1798 ms
Performance at tile_size (t2, t3, t4, t5) = (16, 4, 8, 256): 1752 ms
Performance at tile_size (t2, t3, t4, t5) = (16, 4, 16, 1): 1931 ms
Performance at tile_size (t2, t3, t4, t5) = (16, 4, 16, 2): 1852 ms
Performance at tile_size (t2, t3, t4, t5) = (16, 4, 16, 4): 1811 ms
Performance at tile_size (t2, t3, t4, t5) = (16, 4, 16, 8): 1909 ms
Performance at tile_size (t2, t3, t4, t5) = (16, 4, 16, 16): 1885 ms
Performance at tile_size (t2, t3, t4, t5) = (16, 4, 16, 32): 1974 ms
Performance at tile_size (t2, t3, t4, t5) = (16, 4, 16, 64): 1821 ms
Performance at tile_size (t2, t3, t4, t5) = (16, 4, 16, 128): 1800 ms
Performance at tile_size (t2, t3, t4, t5) = (16, 4, 16, 256): 1809 ms
Performance at tile_size (t2, t3, t4, t5) = (16, 4, 32, 1): 1779 ms
Performance at tile_size (t2, t3, t4, t5) = (16, 4, 32, 2): 1717 ms
Performance at tile_size (t2, t3, t4, t5) = (16, 4, 32, 4): 1839 ms
Performance at tile_size (t2, t3, t4, t5) = (16, 4, 32, 8): 1889 ms
Performance at tile_size (t2, t3, t4, t5) = (16, 4, 32, 16): 1713 ms
Performance at tile_size (t2, t3, t4, t5) = (16, 4, 32, 32): 1875 ms
Performance at tile_size (t2, t3, t4, t5) = (16, 4, 32, 64): 1891 ms
Performance at tile_size (t2, t3, t4, t5) = (16, 4, 32, 128): 1861 ms
Performance at tile_size (t2, t3, t4, t5) = (16, 4, 32, 256): 1862 ms
Performance at tile_size (t2, t3, t4, t5) = (16, 4, 64, 1): 1789 ms
Performance at tile_size (t2, t3, t4, t5) = (16, 4, 64, 2): 1787 ms
Performance at tile_size (t2, t3, t4, t5) = (16, 4, 64, 4): 1787 ms
Performance at tile_size (t2, t3, t4, t5) = (16, 4, 64, 8): 1788 ms
Performance at tile_size (t2, t3, t4, t5) = (16, 4, 64, 16): 1813 ms
Performance at tile_size (t2, t3, t4, t5) = (16, 4, 64, 32): 1861 ms
Performance at tile_size (t2, t3, t4, t5) = (16, 4, 64, 64): 1827 ms
Performance at tile_size (t2, t3, t4, t5) = (16, 4, 64, 128): 1833 ms
Performance at tile_size (t2, t3, t4, t5) = (16, 4, 64, 256): 1861 ms
Performance at tile_size (t2, t3, t4, t5) = (16, 4, 128, 1): 1878 ms
Performance at tile_size (t2, t3, t4, t5) = (16, 4, 128, 2): 1839 ms
Performance at tile_size (t2, t3, t4, t5) = (16, 4, 128, 4): 1851 ms
Performance at tile_size (t2, t3, t4, t5) = (16, 4, 128, 8): 1852 ms
Performance at tile_size (t2, t3, t4, t5) = (16, 4, 128, 16): 1901 ms
Performance at tile_size (t2, t3, t4, t5) = (16, 4, 128, 32): 1846 ms
Performance at tile_size (t2, t3, t4, t5) = (16, 4, 128, 64): 1794 ms
Performance at tile_size (t2, t3, t4, t5) = (16, 4, 128, 128): 1817 ms
Performance at tile_size (t2, t3, t4, t5) = (16, 4, 128, 256): 1867 ms
Performance at tile_size (t2, t3, t4, t5) = (16, 4, 256, 1): 1779 ms
Performance at tile_size (t2, t3, t4, t5) = (16, 4, 256, 2): 1766 ms
Performance at tile_size (t2, t3, t4, t5) = (16, 4, 256, 4): 1844 ms
Performance at tile_size (t2, t3, t4, t5) = (16, 4, 256, 8): 1835 ms
Performance at tile_size (t2, t3, t4, t5) = (16, 4, 256, 16): 1877 ms
Performance at tile_size (t2, t3, t4, t5) = (16, 4, 256, 32): 1787 ms
Performance at tile_size (t2, t3, t4, t5) = (16, 4, 256, 64): 1858 ms
Performance at tile_size (t2, t3, t4, t5) = (16, 4, 256, 128): 1851 ms
Performance at tile_size (t2, t3, t4, t5) = (16, 4, 256, 256): 1850 ms
Performance at tile_size (t2, t3, t4, t5) = (16, 8, 1, 1): 1808 ms
Performance at tile_size (t2, t3, t4, t5) = (16, 8, 1, 2): 1825 ms
Performance at tile_size (t2, t3, t4, t5) = (16, 8, 1, 4): 1839 ms
Performance at tile_size (t2, t3, t4, t5) = (16, 8, 1, 8): 1778 ms
Performance at tile_size (t2, t3, t4, t5) = (16, 8, 1, 16): 1797 ms
Performance at tile_size (t2, t3, t4, t5) = (16, 8, 1, 32): 1832 ms
Performance at tile_size (t2, t3, t4, t5) = (16, 8, 1, 64): 1783 ms
Performance at tile_size (t2, t3, t4, t5) = (16, 8, 1, 128): 1906 ms
Performance at tile_size (t2, t3, t4, t5) = (16, 8, 1, 256): 1819 ms
Performance at tile_size (t2, t3, t4, t5) = (16, 8, 2, 1): 1796 ms
Performance at tile_size (t2, t3, t4, t5) = (16, 8, 2, 2): 1896 ms
Performance at tile_size (t2, t3, t4, t5) = (16, 8, 2, 4): 1828 ms
Performance at tile_size (t2, t3, t4, t5) = (16, 8, 2, 8): 1876 ms
Performance at tile_size (t2, t3, t4, t5) = (16, 8, 2, 16): 1821 ms
Performance at tile_size (t2, t3, t4, t5) = (16, 8, 2, 32): 1770 ms
Performance at tile_size (t2, t3, t4, t5) = (16, 8, 2, 64): 1864 ms
Performance at tile_size (t2, t3, t4, t5) = (16, 8, 2, 128): 1741 ms
Performance at tile_size (t2, t3, t4, t5) = (16, 8, 2, 256): 1852 ms
Performance at tile_size (t2, t3, t4, t5) = (16, 8, 4, 1): 1778 ms
Performance at tile_size (t2, t3, t4, t5) = (16, 8, 4, 2): 1757 ms
Performance at tile_size (t2, t3, t4, t5) = (16, 8, 4, 4): 1776 ms
Performance at tile_size (t2, t3, t4, t5) = (16, 8, 4, 8): 1816 ms
Performance at tile_size (t2, t3, t4, t5) = (16, 8, 4, 16): 1856 ms
Performance at tile_size (t2, t3, t4, t5) = (16, 8, 4, 32): 1812 ms
Performance at tile_size (t2, t3, t4, t5) = (16, 8, 4, 64): 1815 ms
Performance at tile_size (t2, t3, t4, t5) = (16, 8, 4, 128): 1924 ms
Performance at tile_size (t2, t3, t4, t5) = (16, 8, 4, 256): 1811 ms
Performance at tile_size (t2, t3, t4, t5) = (16, 8, 8, 1): 1782 ms
Performance at tile_size (t2, t3, t4, t5) = (16, 8, 8, 2): 1857 ms
Performance at tile_size (t2, t3, t4, t5) = (16, 8, 8, 4): 1858 ms
Performance at tile_size (t2, t3, t4, t5) = (16, 8, 8, 8): 1874 ms
Performance at tile_size (t2, t3, t4, t5) = (16, 8, 8, 16): 1893 ms
Performance at tile_size (t2, t3, t4, t5) = (16, 8, 8, 32): 1910 ms
Performance at tile_size (t2, t3, t4, t5) = (16, 8, 8, 64): 1883 ms
Performance at tile_size (t2, t3, t4, t5) = (16, 8, 8, 128): 1889 ms
Performance at tile_size (t2, t3, t4, t5) = (16, 8, 8, 256): 1781 ms
Performance at tile_size (t2, t3, t4, t5) = (16, 8, 16, 1): 1815 ms
Performance at tile_size (t2, t3, t4, t5) = (16, 8, 16, 2): 1828 ms
Performance at tile_size (t2, t3, t4, t5) = (16, 8, 16, 4): 1765 ms
Performance at tile_size (t2, t3, t4, t5) = (16, 8, 16, 8): 1802 ms
Performance at tile_size (t2, t3, t4, t5) = (16, 8, 16, 16): 1863 ms
Performance at tile_size (t2, t3, t4, t5) = (16, 8, 16, 32): 1777 ms
Performance at tile_size (t2, t3, t4, t5) = (16, 8, 16, 64): 1841 ms
Performance at tile_size (t2, t3, t4, t5) = (16, 8, 16, 128): 1855 ms
Performance at tile_size (t2, t3, t4, t5) = (16, 8, 16, 256): 1769 ms
Performance at tile_size (t2, t3, t4, t5) = (16, 8, 32, 1): 1769 ms
Performance at tile_size (t2, t3, t4, t5) = (16, 8, 32, 2): 1845 ms
Performance at tile_size (t2, t3, t4, t5) = (16, 8, 32, 4): 1791 ms
Performance at tile_size (t2, t3, t4, t5) = (16, 8, 32, 8): 1841 ms
Performance at tile_size (t2, t3, t4, t5) = (16, 8, 32, 16): 1839 ms
Performance at tile_size (t2, t3, t4, t5) = (16, 8, 32, 32): 1757 ms
Performance at tile_size (t2, t3, t4, t5) = (16, 8, 32, 64): 1879 ms
Performance at tile_size (t2, t3, t4, t5) = (16, 8, 32, 128): 1896 ms
Performance at tile_size (t2, t3, t4, t5) = (16, 8, 32, 256): 1829 ms
Performance at tile_size (t2, t3, t4, t5) = (16, 8, 64, 1): 1909 ms
Performance at tile_size (t2, t3, t4, t5) = (16, 8, 64, 2): 1826 ms
Performance at tile_size (t2, t3, t4, t5) = (16, 8, 64, 4): 1858 ms
Performance at tile_size (t2, t3, t4, t5) = (16, 8, 64, 8): 1867 ms
Performance at tile_size (t2, t3, t4, t5) = (16, 8, 64, 16): 1771 ms
Performance at tile_size (t2, t3, t4, t5) = (16, 8, 64, 32): 1825 ms
Performance at tile_size (t2, t3, t4, t5) = (16, 8, 64, 64): 1764 ms
Performance at tile_size (t2, t3, t4, t5) = (16, 8, 64, 128): 1781 ms
Performance at tile_size (t2, t3, t4, t5) = (16, 8, 64, 256): 1738 ms
Performance at tile_size (t2, t3, t4, t5) = (16, 8, 128, 1): 1979 ms
Performance at tile_size (t2, t3, t4, t5) = (16, 8, 128, 2): 1905 ms
Performance at tile_size (t2, t3, t4, t5) = (16, 8, 128, 4): 1893 ms
Performance at tile_size (t2, t3, t4, t5) = (16, 8, 128, 8): 1759 ms
Performance at tile_size (t2, t3, t4, t5) = (16, 8, 128, 16): 1790 ms
Performance at tile_size (t2, t3, t4, t5) = (16, 8, 128, 32): 1801 ms
Performance at tile_size (t2, t3, t4, t5) = (16, 8, 128, 64): 1805 ms
Performance at tile_size (t2, t3, t4, t5) = (16, 8, 128, 128): 1779 ms
Performance at tile_size (t2, t3, t4, t5) = (16, 8, 128, 256): 1780 ms
Performance at tile_size (t2, t3, t4, t5) = (16, 8, 256, 1): 1896 ms
Performance at tile_size (t2, t3, t4, t5) = (16, 8, 256, 2): 1784 ms
Performance at tile_size (t2, t3, t4, t5) = (16, 8, 256, 4): 1886 ms
Performance at tile_size (t2, t3, t4, t5) = (16, 8, 256, 8): 1823 ms
Performance at tile_size (t2, t3, t4, t5) = (16, 8, 256, 16): 1779 ms
Performance at tile_size (t2, t3, t4, t5) = (16, 8, 256, 32): 1868 ms
Performance at tile_size (t2, t3, t4, t5) = (16, 8, 256, 64): 1963 ms
Performance at tile_size (t2, t3, t4, t5) = (16, 8, 256, 128): 1808 ms
Performance at tile_size (t2, t3, t4, t5) = (16, 8, 256, 256): 1828 ms
Performance at tile_size (t2, t3, t4, t5) = (16, 16, 1, 1): 1781 ms
Performance at tile_size (t2, t3, t4, t5) = (16, 16, 1, 2): 1893 ms
Performance at tile_size (t2, t3, t4, t5) = (16, 16, 1, 4): 1911 ms
Performance at tile_size (t2, t3, t4, t5) = (16, 16, 1, 8): 1779 ms
Performance at tile_size (t2, t3, t4, t5) = (16, 16, 1, 16): 1793 ms
Performance at tile_size (t2, t3, t4, t5) = (16, 16, 1, 32): 1864 ms
Performance at tile_size (t2, t3, t4, t5) = (16, 16, 1, 64): 1870 ms
Performance at tile_size (t2, t3, t4, t5) = (16, 16, 1, 128): 1799 ms
Performance at tile_size (t2, t3, t4, t5) = (16, 16, 1, 256): 1894 ms
Performance at tile_size (t2, t3, t4, t5) = (16, 16, 2, 1): 1899 ms
Performance at tile_size (t2, t3, t4, t5) = (16, 16, 2, 2): 1830 ms
Performance at tile_size (t2, t3, t4, t5) = (16, 16, 2, 4): 1803 ms
Performance at tile_size (t2, t3, t4, t5) = (16, 16, 2, 8): 1882 ms
Performance at tile_size (t2, t3, t4, t5) = (16, 16, 2, 16): 1783 ms
Performance at tile_size (t2, t3, t4, t5) = (16, 16, 2, 32): 1791 ms
Performance at tile_size (t2, t3, t4, t5) = (16, 16, 2, 64): 1937 ms
Performance at tile_size (t2, t3, t4, t5) = (16, 16, 2, 128): 1810 ms
Performance at tile_size (t2, t3, t4, t5) = (16, 16, 2, 256): 1701 ms
Performance at tile_size (t2, t3, t4, t5) = (16, 16, 4, 1): 1838 ms
Performance at tile_size (t2, t3, t4, t5) = (16, 16, 4, 2): 1798 ms
Performance at tile_size (t2, t3, t4, t5) = (16, 16, 4, 4): 1837 ms
Performance at tile_size (t2, t3, t4, t5) = (16, 16, 4, 8): 1913 ms
Performance at tile_size (t2, t3, t4, t5) = (16, 16, 4, 16): 1826 ms
Performance at tile_size (t2, t3, t4, t5) = (16, 16, 4, 32): 1877 ms
Performance at tile_size (t2, t3, t4, t5) = (16, 16, 4, 64): 1818 ms
Performance at tile_size (t2, t3, t4, t5) = (16, 16, 4, 128): 1915 ms
Performance at tile_size (t2, t3, t4, t5) = (16, 16, 4, 256): 1877 ms
Performance at tile_size (t2, t3, t4, t5) = (16, 16, 8, 1): 1907 ms
Performance at tile_size (t2, t3, t4, t5) = (16, 16, 8, 2): 1882 ms
Performance at tile_size (t2, t3, t4, t5) = (16, 16, 8, 4): 1793 ms
Performance at tile_size (t2, t3, t4, t5) = (16, 16, 8, 8): 1917 ms
Performance at tile_size (t2, t3, t4, t5) = (16, 16, 8, 16): 1785 ms
Performance at tile_size (t2, t3, t4, t5) = (16, 16, 8, 32): 1855 ms
Performance at tile_size (t2, t3, t4, t5) = (16, 16, 8, 64): 1773 ms
Performance at tile_size (t2, t3, t4, t5) = (16, 16, 8, 128): 1787 ms
Performance at tile_size (t2, t3, t4, t5) = (16, 16, 8, 256): 1816 ms
Performance at tile_size (t2, t3, t4, t5) = (16, 16, 16, 1): 1848 ms
Performance at tile_size (t2, t3, t4, t5) = (16, 16, 16, 2): 1792 ms
Performance at tile_size (t2, t3, t4, t5) = (16, 16, 16, 4): 1808 ms
Performance at tile_size (t2, t3, t4, t5) = (16, 16, 16, 8): 1931 ms
Performance at tile_size (t2, t3, t4, t5) = (16, 16, 16, 16): 1883 ms
Performance at tile_size (t2, t3, t4, t5) = (16, 16, 16, 32): 1884 ms
Performance at tile_size (t2, t3, t4, t5) = (16, 16, 16, 64): 1906 ms
Performance at tile_size (t2, t3, t4, t5) = (16, 16, 16, 128): 1901 ms
Performance at tile_size (t2, t3, t4, t5) = (16, 16, 16, 256): 1893 ms
Performance at tile_size (t2, t3, t4, t5) = (16, 16, 32, 1): 1741 ms
Performance at tile_size (t2, t3, t4, t5) = (16, 16, 32, 2): 1828 ms
Performance at tile_size (t2, t3, t4, t5) = (16, 16, 32, 4): 1843 ms
Performance at tile_size (t2, t3, t4, t5) = (16, 16, 32, 8): 1838 ms
Performance at tile_size (t2, t3, t4, t5) = (16, 16, 32, 16): 1827 ms
Performance at tile_size (t2, t3, t4, t5) = (16, 16, 32, 32): 1870 ms
Performance at tile_size (t2, t3, t4, t5) = (16, 16, 32, 64): 1859 ms
Performance at tile_size (t2, t3, t4, t5) = (16, 16, 32, 128): 1792 ms
Performance at tile_size (t2, t3, t4, t5) = (16, 16, 32, 256): 1774 ms
Performance at tile_size (t2, t3, t4, t5) = (16, 16, 64, 1): 1755 ms
Performance at tile_size (t2, t3, t4, t5) = (16, 16, 64, 2): 1811 ms
Performance at tile_size (t2, t3, t4, t5) = (16, 16, 64, 4): 1869 ms
Performance at tile_size (t2, t3, t4, t5) = (16, 16, 64, 8): 1909 ms
Performance at tile_size (t2, t3, t4, t5) = (16, 16, 64, 16): 1812 ms
Performance at tile_size (t2, t3, t4, t5) = (16, 16, 64, 32): 1866 ms
Performance at tile_size (t2, t3, t4, t5) = (16, 16, 64, 64): 1764 ms
Performance at tile_size (t2, t3, t4, t5) = (16, 16, 64, 128): 1835 ms
Performance at tile_size (t2, t3, t4, t5) = (16, 16, 64, 256): 1776 ms
Performance at tile_size (t2, t3, t4, t5) = (16, 16, 128, 1): 1843 ms
Performance at tile_size (t2, t3, t4, t5) = (16, 16, 128, 2): 1793 ms
Performance at tile_size (t2, t3, t4, t5) = (16, 16, 128, 4): 1732 ms
Performance at tile_size (t2, t3, t4, t5) = (16, 16, 128, 8): 1766 ms
Performance at tile_size (t2, t3, t4, t5) = (16, 16, 128, 16): 1747 ms
Performance at tile_size (t2, t3, t4, t5) = (16, 16, 128, 32): 1777 ms
Performance at tile_size (t2, t3, t4, t5) = (16, 16, 128, 64): 1894 ms
Performance at tile_size (t2, t3, t4, t5) = (16, 16, 128, 128): 1834 ms
Performance at tile_size (t2, t3, t4, t5) = (16, 16, 128, 256): 1864 ms
Performance at tile_size (t2, t3, t4, t5) = (16, 16, 256, 1): 1787 ms
Performance at tile_size (t2, t3, t4, t5) = (16, 16, 256, 2): 1801 ms
Performance at tile_size (t2, t3, t4, t5) = (16, 16, 256, 4): 1918 ms
Performance at tile_size (t2, t3, t4, t5) = (16, 16, 256, 8): 1805 ms
Performance at tile_size (t2, t3, t4, t5) = (16, 16, 256, 16): 1790 ms
Performance at tile_size (t2, t3, t4, t5) = (16, 16, 256, 32): 1777 ms
Performance at tile_size (t2, t3, t4, t5) = (16, 16, 256, 64): 1823 ms
Performance at tile_size (t2, t3, t4, t5) = (16, 16, 256, 128): 1887 ms
Performance at tile_size (t2, t3, t4, t5) = (16, 16, 256, 256): 1840 ms
Performance at tile_size (t2, t3, t4, t5) = (16, 32, 1, 1): 1809 ms
Performance at tile_size (t2, t3, t4, t5) = (16, 32, 1, 2): 1834 ms
Performance at tile_size (t2, t3, t4, t5) = (16, 32, 1, 4): 1908 ms
Performance at tile_size (t2, t3, t4, t5) = (16, 32, 1, 8): 1926 ms
Performance at tile_size (t2, t3, t4, t5) = (16, 32, 1, 16): 1850 ms
Performance at tile_size (t2, t3, t4, t5) = (16, 32, 1, 32): 1876 ms
Performance at tile_size (t2, t3, t4, t5) = (16, 32, 1, 64): 1899 ms
Performance at tile_size (t2, t3, t4, t5) = (16, 32, 1, 128): 1742 ms
Performance at tile_size (t2, t3, t4, t5) = (16, 32, 1, 256): 1809 ms
Performance at tile_size (t2, t3, t4, t5) = (16, 32, 2, 1): 1874 ms
Performance at tile_size (t2, t3, t4, t5) = (16, 32, 2, 2): 1940 ms
Performance at tile_size (t2, t3, t4, t5) = (16, 32, 2, 4): 1863 ms
Performance at tile_size (t2, t3, t4, t5) = (16, 32, 2, 8): 1805 ms
Performance at tile_size (t2, t3, t4, t5) = (16, 32, 2, 16): 1803 ms
Performance at tile_size (t2, t3, t4, t5) = (16, 32, 2, 32): 1806 ms
Performance at tile_size (t2, t3, t4, t5) = (16, 32, 2, 64): 1748 ms
Performance at tile_size (t2, t3, t4, t5) = (16, 32, 2, 128): 1818 ms
Performance at tile_size (t2, t3, t4, t5) = (16, 32, 2, 256): 1965 ms
Performance at tile_size (t2, t3, t4, t5) = (16, 32, 4, 1): 1801 ms
Performance at tile_size (t2, t3, t4, t5) = (16, 32, 4, 2): 1795 ms
Performance at tile_size (t2, t3, t4, t5) = (16, 32, 4, 4): 1858 ms
Performance at tile_size (t2, t3, t4, t5) = (16, 32, 4, 8): 1796 ms
Performance at tile_size (t2, t3, t4, t5) = (16, 32, 4, 16): 1905 ms
Performance at tile_size (t2, t3, t4, t5) = (16, 32, 4, 32): 1813 ms
Performance at tile_size (t2, t3, t4, t5) = (16, 32, 4, 64): 1789 ms
Performance at tile_size (t2, t3, t4, t5) = (16, 32, 4, 128): 1841 ms
Performance at tile_size (t2, t3, t4, t5) = (16, 32, 4, 256): 1798 ms
Performance at tile_size (t2, t3, t4, t5) = (16, 32, 8, 1): 1824 ms
Performance at tile_size (t2, t3, t4, t5) = (16, 32, 8, 2): 1860 ms
Performance at tile_size (t2, t3, t4, t5) = (16, 32, 8, 4): 1910 ms
Performance at tile_size (t2, t3, t4, t5) = (16, 32, 8, 8): 1881 ms
Performance at tile_size (t2, t3, t4, t5) = (16, 32, 8, 16): 1799 ms
Performance at tile_size (t2, t3, t4, t5) = (16, 32, 8, 32): 1792 ms
Performance at tile_size (t2, t3, t4, t5) = (16, 32, 8, 64): 1899 ms
Performance at tile_size (t2, t3, t4, t5) = (16, 32, 8, 128): 1861 ms
Performance at tile_size (t2, t3, t4, t5) = (16, 32, 8, 256): 1876 ms
Performance at tile_size (t2, t3, t4, t5) = (16, 32, 16, 1): 1791 ms
Performance at tile_size (t2, t3, t4, t5) = (16, 32, 16, 2): 1774 ms
Performance at tile_size (t2, t3, t4, t5) = (16, 32, 16, 4): 1843 ms
Performance at tile_size (t2, t3, t4, t5) = (16, 32, 16, 8): 1846 ms
Performance at tile_size (t2, t3, t4, t5) = (16, 32, 16, 16): 1861 ms
Performance at tile_size (t2, t3, t4, t5) = (16, 32, 16, 32): 1857 ms
Performance at tile_size (t2, t3, t4, t5) = (16, 32, 16, 64): 1902 ms
Performance at tile_size (t2, t3, t4, t5) = (16, 32, 16, 128): 1847 ms
Performance at tile_size (t2, t3, t4, t5) = (16, 32, 16, 256): 1869 ms
Performance at tile_size (t2, t3, t4, t5) = (16, 32, 32, 1): 1801 ms
Performance at tile_size (t2, t3, t4, t5) = (16, 32, 32, 2): 1816 ms
Performance at tile_size (t2, t3, t4, t5) = (16, 32, 32, 4): 1874 ms
Performance at tile_size (t2, t3, t4, t5) = (16, 32, 32, 8): 1867 ms
Performance at tile_size (t2, t3, t4, t5) = (16, 32, 32, 16): 1807 ms
Performance at tile_size (t2, t3, t4, t5) = (16, 32, 32, 32): 1860 ms
Performance at tile_size (t2, t3, t4, t5) = (16, 32, 32, 64): 1839 ms
Performance at tile_size (t2, t3, t4, t5) = (16, 32, 32, 128): 1848 ms
Performance at tile_size (t2, t3, t4, t5) = (16, 32, 32, 256): 1778 ms
Performance at tile_size (t2, t3, t4, t5) = (16, 32, 64, 1): 1769 ms
Performance at tile_size (t2, t3, t4, t5) = (16, 32, 64, 2): 1903 ms
Performance at tile_size (t2, t3, t4, t5) = (16, 32, 64, 4): 1917 ms
Performance at tile_size (t2, t3, t4, t5) = (16, 32, 64, 8): 1855 ms
Performance at tile_size (t2, t3, t4, t5) = (16, 32, 64, 16): 1836 ms
Performance at tile_size (t2, t3, t4, t5) = (16, 32, 64, 32): 1902 ms
Performance at tile_size (t2, t3, t4, t5) = (16, 32, 64, 64): 1789 ms
Performance at tile_size (t2, t3, t4, t5) = (16, 32, 64, 128): 1820 ms
Performance at tile_size (t2, t3, t4, t5) = (16, 32, 64, 256): 1848 ms
Performance at tile_size (t2, t3, t4, t5) = (16, 32, 128, 1): 1814 ms
Performance at tile_size (t2, t3, t4, t5) = (16, 32, 128, 2): 1902 ms
Performance at tile_size (t2, t3, t4, t5) = (16, 32, 128, 4): 1774 ms
Performance at tile_size (t2, t3, t4, t5) = (16, 32, 128, 8): 1788 ms
Performance at tile_size (t2, t3, t4, t5) = (16, 32, 128, 16): 1869 ms
Performance at tile_size (t2, t3, t4, t5) = (16, 32, 128, 32): 1848 ms
Performance at tile_size (t2, t3, t4, t5) = (16, 32, 128, 64): 1783 ms
Performance at tile_size (t2, t3, t4, t5) = (16, 32, 128, 128): 1785 ms
Performance at tile_size (t2, t3, t4, t5) = (16, 32, 128, 256): 1771 ms
Performance at tile_size (t2, t3, t4, t5) = (16, 32, 256, 1): 1840 ms
Performance at tile_size (t2, t3, t4, t5) = (16, 32, 256, 2): 1825 ms
Performance at tile_size (t2, t3, t4, t5) = (16, 32, 256, 4): 1805 ms
Performance at tile_size (t2, t3, t4, t5) = (16, 32, 256, 8): 1767 ms
Performance at tile_size (t2, t3, t4, t5) = (16, 32, 256, 16): 1842 ms
Performance at tile_size (t2, t3, t4, t5) = (16, 32, 256, 32): 1832 ms
Performance at tile_size (t2, t3, t4, t5) = (16, 32, 256, 64): 1955 ms
Performance at tile_size (t2, t3, t4, t5) = (16, 32, 256, 128): 1874 ms
Performance at tile_size (t2, t3, t4, t5) = (16, 32, 256, 256): 1926 ms
Performance at tile_size (t2, t3, t4, t5) = (16, 64, 1, 1): 1832 ms
Performance at tile_size (t2, t3, t4, t5) = (16, 64, 1, 2): 1821 ms
Performance at tile_size (t2, t3, t4, t5) = (16, 64, 1, 4): 1907 ms
Performance at tile_size (t2, t3, t4, t5) = (16, 64, 1, 8): 1859 ms
Performance at tile_size (t2, t3, t4, t5) = (16, 64, 1, 16): 1815 ms
Performance at tile_size (t2, t3, t4, t5) = (16, 64, 1, 32): 1793 ms
Performance at tile_size (t2, t3, t4, t5) = (16, 64, 1, 64): 1840 ms
Performance at tile_size (t2, t3, t4, t5) = (16, 64, 1, 128): 1798 ms
Performance at tile_size (t2, t3, t4, t5) = (16, 64, 1, 256): 1843 ms
Performance at tile_size (t2, t3, t4, t5) = (16, 64, 2, 1): 1850 ms
Performance at tile_size (t2, t3, t4, t5) = (16, 64, 2, 2): 1854 ms
Performance at tile_size (t2, t3, t4, t5) = (16, 64, 2, 4): 1980 ms
Performance at tile_size (t2, t3, t4, t5) = (16, 64, 2, 8): 1870 ms
Performance at tile_size (t2, t3, t4, t5) = (16, 64, 2, 16): 1786 ms
Performance at tile_size (t2, t3, t4, t5) = (16, 64, 2, 32): 1880 ms
Performance at tile_size (t2, t3, t4, t5) = (16, 64, 2, 64): 1845 ms
Performance at tile_size (t2, t3, t4, t5) = (16, 64, 2, 128): 1834 ms
Performance at tile_size (t2, t3, t4, t5) = (16, 64, 2, 256): 1872 ms
Performance at tile_size (t2, t3, t4, t5) = (16, 64, 4, 1): 1822 ms
Performance at tile_size (t2, t3, t4, t5) = (16, 64, 4, 2): 1940 ms
Performance at tile_size (t2, t3, t4, t5) = (16, 64, 4, 4): 1793 ms
Performance at tile_size (t2, t3, t4, t5) = (16, 64, 4, 8): 1825 ms
Performance at tile_size (t2, t3, t4, t5) = (16, 64, 4, 16): 1793 ms
Performance at tile_size (t2, t3, t4, t5) = (16, 64, 4, 32): 1757 ms
Performance at tile_size (t2, t3, t4, t5) = (16, 64, 4, 64): 1866 ms
Performance at tile_size (t2, t3, t4, t5) = (16, 64, 4, 128): 1851 ms
Performance at tile_size (t2, t3, t4, t5) = (16, 64, 4, 256): 1867 ms
Performance at tile_size (t2, t3, t4, t5) = (16, 64, 8, 1): 1781 ms
Performance at tile_size (t2, t3, t4, t5) = (16, 64, 8, 2): 1841 ms
Performance at tile_size (t2, t3, t4, t5) = (16, 64, 8, 4): 1791 ms
Performance at tile_size (t2, t3, t4, t5) = (16, 64, 8, 8): 1802 ms
Performance at tile_size (t2, t3, t4, t5) = (16, 64, 8, 16): 1830 ms
Performance at tile_size (t2, t3, t4, t5) = (16, 64, 8, 32): 1862 ms
Performance at tile_size (t2, t3, t4, t5) = (16, 64, 8, 64): 1793 ms
Performance at tile_size (t2, t3, t4, t5) = (16, 64, 8, 128): 1881 ms
Performance at tile_size (t2, t3, t4, t5) = (16, 64, 8, 256): 1857 ms
Performance at tile_size (t2, t3, t4, t5) = (16, 64, 16, 1): 1801 ms
Performance at tile_size (t2, t3, t4, t5) = (16, 64, 16, 2): 1872 ms
Performance at tile_size (t2, t3, t4, t5) = (16, 64, 16, 4): 1786 ms
Performance at tile_size (t2, t3, t4, t5) = (16, 64, 16, 8): 1772 ms
Performance at tile_size (t2, t3, t4, t5) = (16, 64, 16, 16): 1879 ms
Performance at tile_size (t2, t3, t4, t5) = (16, 64, 16, 32): 1882 ms
Performance at tile_size (t2, t3, t4, t5) = (16, 64, 16, 64): 1783 ms
Performance at tile_size (t2, t3, t4, t5) = (16, 64, 16, 128): 1809 ms
Performance at tile_size (t2, t3, t4, t5) = (16, 64, 16, 256): 1852 ms
Performance at tile_size (t2, t3, t4, t5) = (16, 64, 32, 1): 1934 ms
Performance at tile_size (t2, t3, t4, t5) = (16, 64, 32, 2): 1778 ms
Performance at tile_size (t2, t3, t4, t5) = (16, 64, 32, 4): 1899 ms
Performance at tile_size (t2, t3, t4, t5) = (16, 64, 32, 8): 1869 ms
Performance at tile_size (t2, t3, t4, t5) = (16, 64, 32, 16): 1790 ms
Performance at tile_size (t2, t3, t4, t5) = (16, 64, 32, 32): 1778 ms
Performance at tile_size (t2, t3, t4, t5) = (16, 64, 32, 64): 1788 ms
Performance at tile_size (t2, t3, t4, t5) = (16, 64, 32, 128): 1854 ms
Performance at tile_size (t2, t3, t4, t5) = (16, 64, 32, 256): 1916 ms
Performance at tile_size (t2, t3, t4, t5) = (16, 64, 64, 1): 1892 ms
Performance at tile_size (t2, t3, t4, t5) = (16, 64, 64, 2): 1801 ms
Performance at tile_size (t2, t3, t4, t5) = (16, 64, 64, 4): 1827 ms
Performance at tile_size (t2, t3, t4, t5) = (16, 64, 64, 8): 1895 ms
Performance at tile_size (t2, t3, t4, t5) = (16, 64, 64, 16): 1904 ms
Performance at tile_size (t2, t3, t4, t5) = (16, 64, 64, 32): 1802 ms
Performance at tile_size (t2, t3, t4, t5) = (16, 64, 64, 64): 1823 ms
Performance at tile_size (t2, t3, t4, t5) = (16, 64, 64, 128): 1865 ms
Performance at tile_size (t2, t3, t4, t5) = (16, 64, 64, 256): 1817 ms
Performance at tile_size (t2, t3, t4, t5) = (16, 64, 128, 1): 1837 ms
Performance at tile_size (t2, t3, t4, t5) = (16, 64, 128, 2): 1817 ms
Performance at tile_size (t2, t3, t4, t5) = (16, 64, 128, 4): 1819 ms
Performance at tile_size (t2, t3, t4, t5) = (16, 64, 128, 8): 1921 ms
Performance at tile_size (t2, t3, t4, t5) = (16, 64, 128, 16): 1850 ms
Performance at tile_size (t2, t3, t4, t5) = (16, 64, 128, 32): 1850 ms
Performance at tile_size (t2, t3, t4, t5) = (16, 64, 128, 64): 1840 ms
Performance at tile_size (t2, t3, t4, t5) = (16, 64, 128, 128): 1889 ms
Performance at tile_size (t2, t3, t4, t5) = (16, 64, 128, 256): 1914 ms
Performance at tile_size (t2, t3, t4, t5) = (16, 64, 256, 1): 1799 ms
Performance at tile_size (t2, t3, t4, t5) = (16, 64, 256, 2): 1870 ms
Performance at tile_size (t2, t3, t4, t5) = (16, 64, 256, 4): 1795 ms
Performance at tile_size (t2, t3, t4, t5) = (16, 64, 256, 8): 1785 ms
Performance at tile_size (t2, t3, t4, t5) = (16, 64, 256, 16): 1898 ms
Performance at tile_size (t2, t3, t4, t5) = (16, 64, 256, 32): 1764 ms
Performance at tile_size (t2, t3, t4, t5) = (16, 64, 256, 64): 1793 ms
Performance at tile_size (t2, t3, t4, t5) = (16, 64, 256, 128): 1884 ms
Performance at tile_size (t2, t3, t4, t5) = (16, 64, 256, 256): 1868 ms
Performance at tile_size (t2, t3, t4, t5) = (16, 128, 1, 1): 1797 ms
Performance at tile_size (t2, t3, t4, t5) = (16, 128, 1, 2): 1838 ms
Performance at tile_size (t2, t3, t4, t5) = (16, 128, 1, 4): 1857 ms
Performance at tile_size (t2, t3, t4, t5) = (16, 128, 1, 8): 1855 ms
Performance at tile_size (t2, t3, t4, t5) = (16, 128, 1, 16): 1852 ms
Performance at tile_size (t2, t3, t4, t5) = (16, 128, 1, 32): 1797 ms
Performance at tile_size (t2, t3, t4, t5) = (16, 128, 1, 64): 1849 ms
Performance at tile_size (t2, t3, t4, t5) = (16, 128, 1, 128): 1856 ms
Performance at tile_size (t2, t3, t4, t5) = (16, 128, 1, 256): 1834 ms
Performance at tile_size (t2, t3, t4, t5) = (16, 128, 2, 1): 1781 ms
Performance at tile_size (t2, t3, t4, t5) = (16, 128, 2, 2): 1889 ms
Performance at tile_size (t2, t3, t4, t5) = (16, 128, 2, 4): 1816 ms
Performance at tile_size (t2, t3, t4, t5) = (16, 128, 2, 8): 1891 ms
Performance at tile_size (t2, t3, t4, t5) = (16, 128, 2, 16): 1968 ms
Performance at tile_size (t2, t3, t4, t5) = (16, 128, 2, 32): 1871 ms
Performance at tile_size (t2, t3, t4, t5) = (16, 128, 2, 64): 1860 ms
Performance at tile_size (t2, t3, t4, t5) = (16, 128, 2, 128): 1804 ms
Performance at tile_size (t2, t3, t4, t5) = (16, 128, 2, 256): 1877 ms
Performance at tile_size (t2, t3, t4, t5) = (16, 128, 4, 1): 1821 ms
Performance at tile_size (t2, t3, t4, t5) = (16, 128, 4, 2): 1781 ms
Performance at tile_size (t2, t3, t4, t5) = (16, 128, 4, 4): 1940 ms
Performance at tile_size (t2, t3, t4, t5) = (16, 128, 4, 8): 1862 ms
Performance at tile_size (t2, t3, t4, t5) = (16, 128, 4, 16): 1795 ms
Performance at tile_size (t2, t3, t4, t5) = (16, 128, 4, 32): 1895 ms
Performance at tile_size (t2, t3, t4, t5) = (16, 128, 4, 64): 1859 ms
Performance at tile_size (t2, t3, t4, t5) = (16, 128, 4, 128): 1766 ms
Performance at tile_size (t2, t3, t4, t5) = (16, 128, 4, 256): 1856 ms
Performance at tile_size (t2, t3, t4, t5) = (16, 128, 8, 1): 1784 ms
Performance at tile_size (t2, t3, t4, t5) = (16, 128, 8, 2): 1878 ms
Performance at tile_size (t2, t3, t4, t5) = (16, 128, 8, 4): 1803 ms
Performance at tile_size (t2, t3, t4, t5) = (16, 128, 8, 8): 1830 ms
Performance at tile_size (t2, t3, t4, t5) = (16, 128, 8, 16): 1787 ms
Performance at tile_size (t2, t3, t4, t5) = (16, 128, 8, 32): 1909 ms
Performance at tile_size (t2, t3, t4, t5) = (16, 128, 8, 64): 1884 ms
Performance at tile_size (t2, t3, t4, t5) = (16, 128, 8, 128): 1920 ms
Performance at tile_size (t2, t3, t4, t5) = (16, 128, 8, 256): 1814 ms
Performance at tile_size (t2, t3, t4, t5) = (16, 128, 16, 1): 1885 ms
Performance at tile_size (t2, t3, t4, t5) = (16, 128, 16, 2): 1794 ms
Performance at tile_size (t2, t3, t4, t5) = (16, 128, 16, 4): 1791 ms
Performance at tile_size (t2, t3, t4, t5) = (16, 128, 16, 8): 1808 ms
Performance at tile_size (t2, t3, t4, t5) = (16, 128, 16, 16): 1837 ms
Performance at tile_size (t2, t3, t4, t5) = (16, 128, 16, 32): 1841 ms
Performance at tile_size (t2, t3, t4, t5) = (16, 128, 16, 64): 1753 ms
Performance at tile_size (t2, t3, t4, t5) = (16, 128, 16, 128): 1926 ms
Performance at tile_size (t2, t3, t4, t5) = (16, 128, 16, 256): 1940 ms
Performance at tile_size (t2, t3, t4, t5) = (16, 128, 32, 1): 1924 ms
Performance at tile_size (t2, t3, t4, t5) = (16, 128, 32, 2): 1881 ms
Performance at tile_size (t2, t3, t4, t5) = (16, 128, 32, 4): 1898 ms
Performance at tile_size (t2, t3, t4, t5) = (16, 128, 32, 8): 1798 ms
Performance at tile_size (t2, t3, t4, t5) = (16, 128, 32, 16): 1814 ms
Performance at tile_size (t2, t3, t4, t5) = (16, 128, 32, 32): 1826 ms
Performance at tile_size (t2, t3, t4, t5) = (16, 128, 32, 64): 1829 ms
Performance at tile_size (t2, t3, t4, t5) = (16, 128, 32, 128): 1802 ms
Performance at tile_size (t2, t3, t4, t5) = (16, 128, 32, 256): 1961 ms
Performance at tile_size (t2, t3, t4, t5) = (16, 128, 64, 1): 1847 ms
Performance at tile_size (t2, t3, t4, t5) = (16, 128, 64, 2): 1825 ms
Performance at tile_size (t2, t3, t4, t5) = (16, 128, 64, 4): 1800 ms
Performance at tile_size (t2, t3, t4, t5) = (16, 128, 64, 8): 1850 ms
Performance at tile_size (t2, t3, t4, t5) = (16, 128, 64, 16): 1810 ms
Performance at tile_size (t2, t3, t4, t5) = (16, 128, 64, 32): 1885 ms
Performance at tile_size (t2, t3, t4, t5) = (16, 128, 64, 64): 1794 ms
Performance at tile_size (t2, t3, t4, t5) = (16, 128, 64, 128): 1797 ms
Performance at tile_size (t2, t3, t4, t5) = (16, 128, 64, 256): 1849 ms
Performance at tile_size (t2, t3, t4, t5) = (16, 128, 128, 1): 1830 ms
Performance at tile_size (t2, t3, t4, t5) = (16, 128, 128, 2): 1817 ms
Performance at tile_size (t2, t3, t4, t5) = (16, 128, 128, 4): 1912 ms
Performance at tile_size (t2, t3, t4, t5) = (16, 128, 128, 8): 1874 ms
Performance at tile_size (t2, t3, t4, t5) = (16, 128, 128, 16): 1795 ms
Performance at tile_size (t2, t3, t4, t5) = (16, 128, 128, 32): 1836 ms
Performance at tile_size (t2, t3, t4, t5) = (16, 128, 128, 64): 1936 ms
Performance at tile_size (t2, t3, t4, t5) = (16, 128, 128, 128): 1914 ms
Performance at tile_size (t2, t3, t4, t5) = (16, 128, 128, 256): 1828 ms
Performance at tile_size (t2, t3, t4, t5) = (16, 128, 256, 1): 1863 ms
Performance at tile_size (t2, t3, t4, t5) = (16, 128, 256, 2): 1872 ms
Performance at tile_size (t2, t3, t4, t5) = (16, 128, 256, 4): 1776 ms
Performance at tile_size (t2, t3, t4, t5) = (16, 128, 256, 8): 1799 ms
Performance at tile_size (t2, t3, t4, t5) = (16, 128, 256, 16): 1776 ms
Performance at tile_size (t2, t3, t4, t5) = (16, 128, 256, 32): 1846 ms
Performance at tile_size (t2, t3, t4, t5) = (16, 128, 256, 64): 1840 ms
Performance at tile_size (t2, t3, t4, t5) = (16, 128, 256, 128): 1876 ms
Performance at tile_size (t2, t3, t4, t5) = (16, 128, 256, 256): 1871 ms
Performance at tile_size (t2, t3, t4, t5) = (16, 256, 1, 1): 1835 ms
Performance at tile_size (t2, t3, t4, t5) = (16, 256, 1, 2): 1844 ms
Performance at tile_size (t2, t3, t4, t5) = (16, 256, 1, 4): 1760 ms
Performance at tile_size (t2, t3, t4, t5) = (16, 256, 1, 8): 1845 ms
Performance at tile_size (t2, t3, t4, t5) = (16, 256, 1, 16): 1796 ms
Performance at tile_size (t2, t3, t4, t5) = (16, 256, 1, 32): 1858 ms
Performance at tile_size (t2, t3, t4, t5) = (16, 256, 1, 64): 1788 ms
Performance at tile_size (t2, t3, t4, t5) = (16, 256, 1, 128): 1791 ms
Performance at tile_size (t2, t3, t4, t5) = (16, 256, 1, 256): 1745 ms
Performance at tile_size (t2, t3, t4, t5) = (16, 256, 2, 1): 1790 ms
Performance at tile_size (t2, t3, t4, t5) = (16, 256, 2, 2): 1792 ms
Performance at tile_size (t2, t3, t4, t5) = (16, 256, 2, 4): 1840 ms
Performance at tile_size (t2, t3, t4, t5) = (16, 256, 2, 8): 1904 ms
Performance at tile_size (t2, t3, t4, t5) = (16, 256, 2, 16): 1770 ms
Performance at tile_size (t2, t3, t4, t5) = (16, 256, 2, 32): 1863 ms
Performance at tile_size (t2, t3, t4, t5) = (16, 256, 2, 64): 1794 ms
Performance at tile_size (t2, t3, t4, t5) = (16, 256, 2, 128): 1892 ms
Performance at tile_size (t2, t3, t4, t5) = (16, 256, 2, 256): 1882 ms
Performance at tile_size (t2, t3, t4, t5) = (16, 256, 4, 1): 1839 ms
Performance at tile_size (t2, t3, t4, t5) = (16, 256, 4, 2): 1846 ms
Performance at tile_size (t2, t3, t4, t5) = (16, 256, 4, 4): 1815 ms
Performance at tile_size (t2, t3, t4, t5) = (16, 256, 4, 8): 1860 ms
Performance at tile_size (t2, t3, t4, t5) = (16, 256, 4, 16): 1851 ms
Performance at tile_size (t2, t3, t4, t5) = (16, 256, 4, 32): 1804 ms
Performance at tile_size (t2, t3, t4, t5) = (16, 256, 4, 64): 1855 ms
Performance at tile_size (t2, t3, t4, t5) = (16, 256, 4, 128): 1801 ms
Performance at tile_size (t2, t3, t4, t5) = (16, 256, 4, 256): 1878 ms
Performance at tile_size (t2, t3, t4, t5) = (16, 256, 8, 1): 1923 ms
Performance at tile_size (t2, t3, t4, t5) = (16, 256, 8, 2): 1818 ms
Performance at tile_size (t2, t3, t4, t5) = (16, 256, 8, 4): 1826 ms
Performance at tile_size (t2, t3, t4, t5) = (16, 256, 8, 8): 1734 ms
Performance at tile_size (t2, t3, t4, t5) = (16, 256, 8, 16): 1845 ms
Performance at tile_size (t2, t3, t4, t5) = (16, 256, 8, 32): 1786 ms
Performance at tile_size (t2, t3, t4, t5) = (16, 256, 8, 64): 1802 ms
Performance at tile_size (t2, t3, t4, t5) = (16, 256, 8, 128): 1777 ms
Performance at tile_size (t2, t3, t4, t5) = (16, 256, 8, 256): 1777 ms
Performance at tile_size (t2, t3, t4, t5) = (16, 256, 16, 1): 1864 ms
Performance at tile_size (t2, t3, t4, t5) = (16, 256, 16, 2): 1869 ms
Performance at tile_size (t2, t3, t4, t5) = (16, 256, 16, 4): 1947 ms
Performance at tile_size (t2, t3, t4, t5) = (16, 256, 16, 8): 1897 ms
Performance at tile_size (t2, t3, t4, t5) = (16, 256, 16, 16): 1857 ms
Performance at tile_size (t2, t3, t4, t5) = (16, 256, 16, 32): 1914 ms
Performance at tile_size (t2, t3, t4, t5) = (16, 256, 16, 64): 1844 ms
Performance at tile_size (t2, t3, t4, t5) = (16, 256, 16, 128): 1779 ms
Performance at tile_size (t2, t3, t4, t5) = (16, 256, 16, 256): 1841 ms
Performance at tile_size (t2, t3, t4, t5) = (16, 256, 32, 1): 1852 ms
Performance at tile_size (t2, t3, t4, t5) = (16, 256, 32, 2): 1831 ms
Performance at tile_size (t2, t3, t4, t5) = (16, 256, 32, 4): 1765 ms
Performance at tile_size (t2, t3, t4, t5) = (16, 256, 32, 8): 1876 ms
Performance at tile_size (t2, t3, t4, t5) = (16, 256, 32, 16): 1853 ms
Performance at tile_size (t2, t3, t4, t5) = (16, 256, 32, 32): 1842 ms
Performance at tile_size (t2, t3, t4, t5) = (16, 256, 32, 64): 1878 ms
Performance at tile_size (t2, t3, t4, t5) = (16, 256, 32, 128): 1785 ms
Performance at tile_size (t2, t3, t4, t5) = (16, 256, 32, 256): 1848 ms
Performance at tile_size (t2, t3, t4, t5) = (16, 256, 64, 1): 1778 ms
Performance at tile_size (t2, t3, t4, t5) = (16, 256, 64, 2): 1769 ms
Performance at tile_size (t2, t3, t4, t5) = (16, 256, 64, 4): 1891 ms
Performance at tile_size (t2, t3, t4, t5) = (16, 256, 64, 8): 1822 ms
Performance at tile_size (t2, t3, t4, t5) = (16, 256, 64, 16): 1784 ms
Performance at tile_size (t2, t3, t4, t5) = (16, 256, 64, 32): 1915 ms
Performance at tile_size (t2, t3, t4, t5) = (16, 256, 64, 64): 1930 ms
Performance at tile_size (t2, t3, t4, t5) = (16, 256, 64, 128): 1782 ms
Performance at tile_size (t2, t3, t4, t5) = (16, 256, 64, 256): 1802 ms
Performance at tile_size (t2, t3, t4, t5) = (16, 256, 128, 1): 1826 ms
Performance at tile_size (t2, t3, t4, t5) = (16, 256, 128, 2): 1824 ms
Performance at tile_size (t2, t3, t4, t5) = (16, 256, 128, 4): 1847 ms
Performance at tile_size (t2, t3, t4, t5) = (16, 256, 128, 8): 1894 ms
Performance at tile_size (t2, t3, t4, t5) = (16, 256, 128, 16): 1826 ms
Performance at tile_size (t2, t3, t4, t5) = (16, 256, 128, 32): 1868 ms
Performance at tile_size (t2, t3, t4, t5) = (16, 256, 128, 64): 1901 ms
Performance at tile_size (t2, t3, t4, t5) = (16, 256, 128, 128): 1787 ms
Performance at tile_size (t2, t3, t4, t5) = (16, 256, 128, 256): 1884 ms
Performance at tile_size (t2, t3, t4, t5) = (16, 256, 256, 1): 1823 ms
Performance at tile_size (t2, t3, t4, t5) = (16, 256, 256, 2): 1829 ms
Performance at tile_size (t2, t3, t4, t5) = (16, 256, 256, 4): 1885 ms
Performance at tile_size (t2, t3, t4, t5) = (16, 256, 256, 8): 1826 ms
Performance at tile_size (t2, t3, t4, t5) = (16, 256, 256, 16): 1844 ms
Performance at tile_size (t2, t3, t4, t5) = (16, 256, 256, 32): 1908 ms
Performance at tile_size (t2, t3, t4, t5) = (16, 256, 256, 64): 1867 ms
Performance at tile_size (t2, t3, t4, t5) = (16, 256, 256, 128): 1860 ms
Performance at tile_size (t2, t3, t4, t5) = (16, 256, 256, 256): 1900 ms
Performance at tile_size (t2, t3, t4, t5) = (32, 1, 1, 1): 1876 ms
Performance at tile_size (t2, t3, t4, t5) = (32, 1, 1, 2): 1920 ms
Performance at tile_size (t2, t3, t4, t5) = (32, 1, 1, 4): 1834 ms
Performance at tile_size (t2, t3, t4, t5) = (32, 1, 1, 8): 1718 ms
Performance at tile_size (t2, t3, t4, t5) = (32, 1, 1, 16): 1819 ms
Performance at tile_size (t2, t3, t4, t5) = (32, 1, 1, 32): 1789 ms
Performance at tile_size (t2, t3, t4, t5) = (32, 1, 1, 64): 1917 ms
Performance at tile_size (t2, t3, t4, t5) = (32, 1, 1, 128): 1890 ms
Performance at tile_size (t2, t3, t4, t5) = (32, 1, 1, 256): 1765 ms
Performance at tile_size (t2, t3, t4, t5) = (32, 1, 2, 1): 1839 ms
Performance at tile_size (t2, t3, t4, t5) = (32, 1, 2, 2): 1919 ms
Performance at tile_size (t2, t3, t4, t5) = (32, 1, 2, 4): 1789 ms
Performance at tile_size (t2, t3, t4, t5) = (32, 1, 2, 8): 1791 ms
Performance at tile_size (t2, t3, t4, t5) = (32, 1, 2, 16): 1802 ms
Performance at tile_size (t2, t3, t4, t5) = (32, 1, 2, 32): 1863 ms
Performance at tile_size (t2, t3, t4, t5) = (32, 1, 2, 64): 1781 ms
Performance at tile_size (t2, t3, t4, t5) = (32, 1, 2, 128): 1859 ms
Performance at tile_size (t2, t3, t4, t5) = (32, 1, 2, 256): 1911 ms
Performance at tile_size (t2, t3, t4, t5) = (32, 1, 4, 1): 1847 ms
Performance at tile_size (t2, t3, t4, t5) = (32, 1, 4, 2): 1835 ms
Performance at tile_size (t2, t3, t4, t5) = (32, 1, 4, 4): 1784 ms
Performance at tile_size (t2, t3, t4, t5) = (32, 1, 4, 8): 1874 ms
Performance at tile_size (t2, t3, t4, t5) = (32, 1, 4, 16): 1841 ms
Performance at tile_size (t2, t3, t4, t5) = (32, 1, 4, 32): 1916 ms
Performance at tile_size (t2, t3, t4, t5) = (32, 1, 4, 64): 1793 ms
Performance at tile_size (t2, t3, t4, t5) = (32, 1, 4, 128): 1844 ms
Performance at tile_size (t2, t3, t4, t5) = (32, 1, 4, 256): 1786 ms
Performance at tile_size (t2, t3, t4, t5) = (32, 1, 8, 1): 1809 ms
Performance at tile_size (t2, t3, t4, t5) = (32, 1, 8, 2): 1831 ms
Performance at tile_size (t2, t3, t4, t5) = (32, 1, 8, 4): 1841 ms
Performance at tile_size (t2, t3, t4, t5) = (32, 1, 8, 8): 1821 ms
Performance at tile_size (t2, t3, t4, t5) = (32, 1, 8, 16): 1774 ms
Performance at tile_size (t2, t3, t4, t5) = (32, 1, 8, 32): 1828 ms
Performance at tile_size (t2, t3, t4, t5) = (32, 1, 8, 64): 1856 ms
Performance at tile_size (t2, t3, t4, t5) = (32, 1, 8, 128): 1777 ms
Performance at tile_size (t2, t3, t4, t5) = (32, 1, 8, 256): 1843 ms
Performance at tile_size (t2, t3, t4, t5) = (32, 1, 16, 1): 1778 ms
Performance at tile_size (t2, t3, t4, t5) = (32, 1, 16, 2): 1799 ms
Performance at tile_size (t2, t3, t4, t5) = (32, 1, 16, 4): 1786 ms
Performance at tile_size (t2, t3, t4, t5) = (32, 1, 16, 8): 1887 ms
Performance at tile_size (t2, t3, t4, t5) = (32, 1, 16, 16): 1924 ms
Performance at tile_size (t2, t3, t4, t5) = (32, 1, 16, 32): 1891 ms
Performance at tile_size (t2, t3, t4, t5) = (32, 1, 16, 64): 1858 ms
Performance at tile_size (t2, t3, t4, t5) = (32, 1, 16, 128): 1900 ms
Performance at tile_size (t2, t3, t4, t5) = (32, 1, 16, 256): 1916 ms
Performance at tile_size (t2, t3, t4, t5) = (32, 1, 32, 1): 1849 ms
Performance at tile_size (t2, t3, t4, t5) = (32, 1, 32, 2): 1891 ms
Performance at tile_size (t2, t3, t4, t5) = (32, 1, 32, 4): 1832 ms
Performance at tile_size (t2, t3, t4, t5) = (32, 1, 32, 8): 1800 ms
Performance at tile_size (t2, t3, t4, t5) = (32, 1, 32, 16): 1788 ms
Performance at tile_size (t2, t3, t4, t5) = (32, 1, 32, 32): 1854 ms
Performance at tile_size (t2, t3, t4, t5) = (32, 1, 32, 64): 1858 ms
Performance at tile_size (t2, t3, t4, t5) = (32, 1, 32, 128): 1911 ms
Performance at tile_size (t2, t3, t4, t5) = (32, 1, 32, 256): 1826 ms
Performance at tile_size (t2, t3, t4, t5) = (32, 1, 64, 1): 1795 ms
Performance at tile_size (t2, t3, t4, t5) = (32, 1, 64, 2): 1769 ms
Performance at tile_size (t2, t3, t4, t5) = (32, 1, 64, 4): 1771 ms
Performance at tile_size (t2, t3, t4, t5) = (32, 1, 64, 8): 1970 ms
Performance at tile_size (t2, t3, t4, t5) = (32, 1, 64, 16): 1882 ms
Performance at tile_size (t2, t3, t4, t5) = (32, 1, 64, 32): 1859 ms
Performance at tile_size (t2, t3, t4, t5) = (32, 1, 64, 64): 1913 ms
Performance at tile_size (t2, t3, t4, t5) = (32, 1, 64, 128): 1830 ms
Performance at tile_size (t2, t3, t4, t5) = (32, 1, 64, 256): 1952 ms
Performance at tile_size (t2, t3, t4, t5) = (32, 1, 128, 1): 1796 ms
Performance at tile_size (t2, t3, t4, t5) = (32, 1, 128, 2): 1841 ms
Performance at tile_size (t2, t3, t4, t5) = (32, 1, 128, 4): 1891 ms
Performance at tile_size (t2, t3, t4, t5) = (32, 1, 128, 8): 1901 ms
Performance at tile_size (t2, t3, t4, t5) = (32, 1, 128, 16): 1868 ms
Performance at tile_size (t2, t3, t4, t5) = (32, 1, 128, 32): 1880 ms
Performance at tile_size (t2, t3, t4, t5) = (32, 1, 128, 64): 1810 ms
Performance at tile_size (t2, t3, t4, t5) = (32, 1, 128, 128): 1809 ms
Performance at tile_size (t2, t3, t4, t5) = (32, 1, 128, 256): 1909 ms
Performance at tile_size (t2, t3, t4, t5) = (32, 1, 256, 1): 1776 ms
Performance at tile_size (t2, t3, t4, t5) = (32, 1, 256, 2): 1811 ms
Performance at tile_size (t2, t3, t4, t5) = (32, 1, 256, 4): 1767 ms
Performance at tile_size (t2, t3, t4, t5) = (32, 1, 256, 8): 1955 ms
Performance at tile_size (t2, t3, t4, t5) = (32, 1, 256, 16): 1846 ms
Performance at tile_size (t2, t3, t4, t5) = (32, 1, 256, 32): 1890 ms
Performance at tile_size (t2, t3, t4, t5) = (32, 1, 256, 64): 1873 ms
Performance at tile_size (t2, t3, t4, t5) = (32, 1, 256, 128): 1873 ms
Performance at tile_size (t2, t3, t4, t5) = (32, 1, 256, 256): 1893 ms
Performance at tile_size (t2, t3, t4, t5) = (32, 2, 1, 1): 1882 ms
Performance at tile_size (t2, t3, t4, t5) = (32, 2, 1, 2): 1884 ms
Performance at tile_size (t2, t3, t4, t5) = (32, 2, 1, 4): 1797 ms
Performance at tile_size (t2, t3, t4, t5) = (32, 2, 1, 8): 1903 ms
Performance at tile_size (t2, t3, t4, t5) = (32, 2, 1, 16): 1843 ms
Performance at tile_size (t2, t3, t4, t5) = (32, 2, 1, 32): 1816 ms
Performance at tile_size (t2, t3, t4, t5) = (32, 2, 1, 64): 1764 ms
Performance at tile_size (t2, t3, t4, t5) = (32, 2, 1, 128): 1797 ms
Performance at tile_size (t2, t3, t4, t5) = (32, 2, 1, 256): 1935 ms
Performance at tile_size (t2, t3, t4, t5) = (32, 2, 2, 1): 1799 ms
Performance at tile_size (t2, t3, t4, t5) = (32, 2, 2, 2): 1895 ms
Performance at tile_size (t2, t3, t4, t5) = (32, 2, 2, 4): 1880 ms
Performance at tile_size (t2, t3, t4, t5) = (32, 2, 2, 8): 1885 ms
Performance at tile_size (t2, t3, t4, t5) = (32, 2, 2, 16): 1863 ms
Performance at tile_size (t2, t3, t4, t5) = (32, 2, 2, 32): 1888 ms
Performance at tile_size (t2, t3, t4, t5) = (32, 2, 2, 64): 1850 ms
Performance at tile_size (t2, t3, t4, t5) = (32, 2, 2, 128): 1775 ms
Performance at tile_size (t2, t3, t4, t5) = (32, 2, 2, 256): 1790 ms
Performance at tile_size (t2, t3, t4, t5) = (32, 2, 4, 1): 1789 ms
Performance at tile_size (t2, t3, t4, t5) = (32, 2, 4, 2): 1792 ms
Performance at tile_size (t2, t3, t4, t5) = (32, 2, 4, 4): 1783 ms
Performance at tile_size (t2, t3, t4, t5) = (32, 2, 4, 8): 1768 ms
Performance at tile_size (t2, t3, t4, t5) = (32, 2, 4, 16): 1883 ms
Performance at tile_size (t2, t3, t4, t5) = (32, 2, 4, 32): 1852 ms
Performance at tile_size (t2, t3, t4, t5) = (32, 2, 4, 64): 1759 ms
Performance at tile_size (t2, t3, t4, t5) = (32, 2, 4, 128): 1791 ms
Performance at tile_size (t2, t3, t4, t5) = (32, 2, 4, 256): 1827 ms
Performance at tile_size (t2, t3, t4, t5) = (32, 2, 8, 1): 1913 ms
Performance at tile_size (t2, t3, t4, t5) = (32, 2, 8, 2): 1774 ms
Performance at tile_size (t2, t3, t4, t5) = (32, 2, 8, 4): 1863 ms
Performance at tile_size (t2, t3, t4, t5) = (32, 2, 8, 8): 1816 ms
Performance at tile_size (t2, t3, t4, t5) = (32, 2, 8, 16): 1782 ms
Performance at tile_size (t2, t3, t4, t5) = (32, 2, 8, 32): 1911 ms
Performance at tile_size (t2, t3, t4, t5) = (32, 2, 8, 64): 1887 ms
Performance at tile_size (t2, t3, t4, t5) = (32, 2, 8, 128): 1838 ms
Performance at tile_size (t2, t3, t4, t5) = (32, 2, 8, 256): 1828 ms
Performance at tile_size (t2, t3, t4, t5) = (32, 2, 16, 1): 1869 ms
Performance at tile_size (t2, t3, t4, t5) = (32, 2, 16, 2): 1900 ms
Performance at tile_size (t2, t3, t4, t5) = (32, 2, 16, 4): 1864 ms
Performance at tile_size (t2, t3, t4, t5) = (32, 2, 16, 8): 1824 ms
Performance at tile_size (t2, t3, t4, t5) = (32, 2, 16, 16): 1844 ms
Performance at tile_size (t2, t3, t4, t5) = (32, 2, 16, 32): 1797 ms
Performance at tile_size (t2, t3, t4, t5) = (32, 2, 16, 64): 1802 ms
Performance at tile_size (t2, t3, t4, t5) = (32, 2, 16, 128): 1789 ms
Performance at tile_size (t2, t3, t4, t5) = (32, 2, 16, 256): 1800 ms
Performance at tile_size (t2, t3, t4, t5) = (32, 2, 32, 1): 1858 ms
Performance at tile_size (t2, t3, t4, t5) = (32, 2, 32, 2): 1779 ms
Performance at tile_size (t2, t3, t4, t5) = (32, 2, 32, 4): 1902 ms
Performance at tile_size (t2, t3, t4, t5) = (32, 2, 32, 8): 1789 ms
Performance at tile_size (t2, t3, t4, t5) = (32, 2, 32, 16): 1891 ms
Performance at tile_size (t2, t3, t4, t5) = (32, 2, 32, 32): 1783 ms
Performance at tile_size (t2, t3, t4, t5) = (32, 2, 32, 64): 1884 ms
Performance at tile_size (t2, t3, t4, t5) = (32, 2, 32, 128): 1883 ms
Performance at tile_size (t2, t3, t4, t5) = (32, 2, 32, 256): 1843 ms
Performance at tile_size (t2, t3, t4, t5) = (32, 2, 64, 1): 1819 ms
Performance at tile_size (t2, t3, t4, t5) = (32, 2, 64, 2): 1886 ms
Performance at tile_size (t2, t3, t4, t5) = (32, 2, 64, 4): 1903 ms
Performance at tile_size (t2, t3, t4, t5) = (32, 2, 64, 8): 1888 ms
Performance at tile_size (t2, t3, t4, t5) = (32, 2, 64, 16): 1881 ms
Performance at tile_size (t2, t3, t4, t5) = (32, 2, 64, 32): 1850 ms
Performance at tile_size (t2, t3, t4, t5) = (32, 2, 64, 64): 1857 ms
Performance at tile_size (t2, t3, t4, t5) = (32, 2, 64, 128): 1853 ms
Performance at tile_size (t2, t3, t4, t5) = (32, 2, 64, 256): 1871 ms
Performance at tile_size (t2, t3, t4, t5) = (32, 2, 128, 1): 1852 ms
Performance at tile_size (t2, t3, t4, t5) = (32, 2, 128, 2): 1769 ms
Performance at tile_size (t2, t3, t4, t5) = (32, 2, 128, 4): 1826 ms
Performance at tile_size (t2, t3, t4, t5) = (32, 2, 128, 8): 1922 ms
Performance at tile_size (t2, t3, t4, t5) = (32, 2, 128, 16): 1840 ms
Performance at tile_size (t2, t3, t4, t5) = (32, 2, 128, 32): 1908 ms
Performance at tile_size (t2, t3, t4, t5) = (32, 2, 128, 64): 1897 ms
Performance at tile_size (t2, t3, t4, t5) = (32, 2, 128, 128): 1771 ms
Performance at tile_size (t2, t3, t4, t5) = (32, 2, 128, 256): 1895 ms
Performance at tile_size (t2, t3, t4, t5) = (32, 2, 256, 1): 1691 ms
Performance at tile_size (t2, t3, t4, t5) = (32, 2, 256, 2): 1800 ms
Performance at tile_size (t2, t3, t4, t5) = (32, 2, 256, 4): 1791 ms
Performance at tile_size (t2, t3, t4, t5) = (32, 2, 256, 8): 1872 ms
Performance at tile_size (t2, t3, t4, t5) = (32, 2, 256, 16): 1900 ms
Performance at tile_size (t2, t3, t4, t5) = (32, 2, 256, 32): 1880 ms
Performance at tile_size (t2, t3, t4, t5) = (32, 2, 256, 64): 1791 ms
Performance at tile_size (t2, t3, t4, t5) = (32, 2, 256, 128): 1888 ms
Performance at tile_size (t2, t3, t4, t5) = (32, 2, 256, 256): 1853 ms
Performance at tile_size (t2, t3, t4, t5) = (32, 4, 1, 1): 1895 ms
Performance at tile_size (t2, t3, t4, t5) = (32, 4, 1, 2): 1812 ms
Performance at tile_size (t2, t3, t4, t5) = (32, 4, 1, 4): 1875 ms
Performance at tile_size (t2, t3, t4, t5) = (32, 4, 1, 8): 1825 ms
Performance at tile_size (t2, t3, t4, t5) = (32, 4, 1, 16): 1892 ms
Performance at tile_size (t2, t3, t4, t5) = (32, 4, 1, 32): 1787 ms
Performance at tile_size (t2, t3, t4, t5) = (32, 4, 1, 64): 1805 ms
Performance at tile_size (t2, t3, t4, t5) = (32, 4, 1, 128): 1870 ms
Performance at tile_size (t2, t3, t4, t5) = (32, 4, 1, 256): 1862 ms
Performance at tile_size (t2, t3, t4, t5) = (32, 4, 2, 1): 1903 ms
Performance at tile_size (t2, t3, t4, t5) = (32, 4, 2, 2): 1894 ms
Performance at tile_size (t2, t3, t4, t5) = (32, 4, 2, 4): 1893 ms
Performance at tile_size (t2, t3, t4, t5) = (32, 4, 2, 8): 1890 ms
Performance at tile_size (t2, t3, t4, t5) = (32, 4, 2, 16): 1949 ms
Performance at tile_size (t2, t3, t4, t5) = (32, 4, 2, 32): 1918 ms
Performance at tile_size (t2, t3, t4, t5) = (32, 4, 2, 64): 1879 ms
Performance at tile_size (t2, t3, t4, t5) = (32, 4, 2, 128): 1854 ms
Performance at tile_size (t2, t3, t4, t5) = (32, 4, 2, 256): 1843 ms
Performance at tile_size (t2, t3, t4, t5) = (32, 4, 4, 1): 1827 ms
Performance at tile_size (t2, t3, t4, t5) = (32, 4, 4, 2): 1788 ms
Performance at tile_size (t2, t3, t4, t5) = (32, 4, 4, 4): 1882 ms
Performance at tile_size (t2, t3, t4, t5) = (32, 4, 4, 8): 1814 ms
Performance at tile_size (t2, t3, t4, t5) = (32, 4, 4, 16): 1892 ms
Performance at tile_size (t2, t3, t4, t5) = (32, 4, 4, 32): 1823 ms
Performance at tile_size (t2, t3, t4, t5) = (32, 4, 4, 64): 1826 ms
Performance at tile_size (t2, t3, t4, t5) = (32, 4, 4, 128): 1731 ms
Performance at tile_size (t2, t3, t4, t5) = (32, 4, 4, 256): 1819 ms
Performance at tile_size (t2, t3, t4, t5) = (32, 4, 8, 1): 1854 ms
Performance at tile_size (t2, t3, t4, t5) = (32, 4, 8, 2): 1812 ms
Performance at tile_size (t2, t3, t4, t5) = (32, 4, 8, 4): 1773 ms
Performance at tile_size (t2, t3, t4, t5) = (32, 4, 8, 8): 1854 ms
Performance at tile_size (t2, t3, t4, t5) = (32, 4, 8, 16): 1769 ms
Performance at tile_size (t2, t3, t4, t5) = (32, 4, 8, 32): 1788 ms
Performance at tile_size (t2, t3, t4, t5) = (32, 4, 8, 64): 1795 ms
Performance at tile_size (t2, t3, t4, t5) = (32, 4, 8, 128): 1791 ms
Performance at tile_size (t2, t3, t4, t5) = (32, 4, 8, 256): 1822 ms
Performance at tile_size (t2, t3, t4, t5) = (32, 4, 16, 1): 1791 ms
Performance at tile_size (t2, t3, t4, t5) = (32, 4, 16, 2): 1800 ms
Performance at tile_size (t2, t3, t4, t5) = (32, 4, 16, 4): 1801 ms
Performance at tile_size (t2, t3, t4, t5) = (32, 4, 16, 8): 1794 ms
Performance at tile_size (t2, t3, t4, t5) = (32, 4, 16, 16): 1820 ms
Performance at tile_size (t2, t3, t4, t5) = (32, 4, 16, 32): 1791 ms
Performance at tile_size (t2, t3, t4, t5) = (32, 4, 16, 64): 1795 ms
Performance at tile_size (t2, t3, t4, t5) = (32, 4, 16, 128): 1830 ms
Performance at tile_size (t2, t3, t4, t5) = (32, 4, 16, 256): 1811 ms
Performance at tile_size (t2, t3, t4, t5) = (32, 4, 32, 1): 1734 ms
Performance at tile_size (t2, t3, t4, t5) = (32, 4, 32, 2): 1791 ms
Performance at tile_size (t2, t3, t4, t5) = (32, 4, 32, 4): 1844 ms
Performance at tile_size (t2, t3, t4, t5) = (32, 4, 32, 8): 1788 ms
Performance at tile_size (t2, t3, t4, t5) = (32, 4, 32, 16): 1768 ms
Performance at tile_size (t2, t3, t4, t5) = (32, 4, 32, 32): 1909 ms
Performance at tile_size (t2, t3, t4, t5) = (32, 4, 32, 64): 1799 ms
Performance at tile_size (t2, t3, t4, t5) = (32, 4, 32, 128): 1877 ms
Performance at tile_size (t2, t3, t4, t5) = (32, 4, 32, 256): 1884 ms
Performance at tile_size (t2, t3, t4, t5) = (32, 4, 64, 1): 1787 ms
Performance at tile_size (t2, t3, t4, t5) = (32, 4, 64, 2): 1776 ms
Performance at tile_size (t2, t3, t4, t5) = (32, 4, 64, 4): 1793 ms
Performance at tile_size (t2, t3, t4, t5) = (32, 4, 64, 8): 1790 ms
Performance at tile_size (t2, t3, t4, t5) = (32, 4, 64, 16): 1798 ms
Performance at tile_size (t2, t3, t4, t5) = (32, 4, 64, 32): 1806 ms
Performance at tile_size (t2, t3, t4, t5) = (32, 4, 64, 64): 1853 ms
Performance at tile_size (t2, t3, t4, t5) = (32, 4, 64, 128): 1878 ms
Performance at tile_size (t2, t3, t4, t5) = (32, 4, 64, 256): 1897 ms
Performance at tile_size (t2, t3, t4, t5) = (32, 4, 128, 1): 1787 ms
Performance at tile_size (t2, t3, t4, t5) = (32, 4, 128, 2): 1872 ms
Performance at tile_size (t2, t3, t4, t5) = (32, 4, 128, 4): 1871 ms
Performance at tile_size (t2, t3, t4, t5) = (32, 4, 128, 8): 1881 ms
Performance at tile_size (t2, t3, t4, t5) = (32, 4, 128, 16): 1865 ms
Performance at tile_size (t2, t3, t4, t5) = (32, 4, 128, 32): 1906 ms
Performance at tile_size (t2, t3, t4, t5) = (32, 4, 128, 64): 1861 ms
Performance at tile_size (t2, t3, t4, t5) = (32, 4, 128, 128): 1881 ms
Performance at tile_size (t2, t3, t4, t5) = (32, 4, 128, 256): 1850 ms
Performance at tile_size (t2, t3, t4, t5) = (32, 4, 256, 1): 1817 ms
Performance at tile_size (t2, t3, t4, t5) = (32, 4, 256, 2): 1806 ms
Performance at tile_size (t2, t3, t4, t5) = (32, 4, 256, 4): 1918 ms
Performance at tile_size (t2, t3, t4, t5) = (32, 4, 256, 8): 1787 ms
Performance at tile_size (t2, t3, t4, t5) = (32, 4, 256, 16): 1763 ms
Performance at tile_size (t2, t3, t4, t5) = (32, 4, 256, 32): 1861 ms
Performance at tile_size (t2, t3, t4, t5) = (32, 4, 256, 64): 1867 ms
Performance at tile_size (t2, t3, t4, t5) = (32, 4, 256, 128): 1889 ms
Performance at tile_size (t2, t3, t4, t5) = (32, 4, 256, 256): 1799 ms
Performance at tile_size (t2, t3, t4, t5) = (32, 8, 1, 1): 1899 ms
Performance at tile_size (t2, t3, t4, t5) = (32, 8, 1, 2): 1823 ms
Performance at tile_size (t2, t3, t4, t5) = (32, 8, 1, 4): 1886 ms
Performance at tile_size (t2, t3, t4, t5) = (32, 8, 1, 8): 1915 ms
Performance at tile_size (t2, t3, t4, t5) = (32, 8, 1, 16): 1887 ms
Performance at tile_size (t2, t3, t4, t5) = (32, 8, 1, 32): 1774 ms
Performance at tile_size (t2, t3, t4, t5) = (32, 8, 1, 64): 1912 ms
Performance at tile_size (t2, t3, t4, t5) = (32, 8, 1, 128): 1869 ms
Performance at tile_size (t2, t3, t4, t5) = (32, 8, 1, 256): 1859 ms
Performance at tile_size (t2, t3, t4, t5) = (32, 8, 2, 1): 1859 ms
Performance at tile_size (t2, t3, t4, t5) = (32, 8, 2, 2): 1841 ms
Performance at tile_size (t2, t3, t4, t5) = (32, 8, 2, 4): 1867 ms
Performance at tile_size (t2, t3, t4, t5) = (32, 8, 2, 8): 1854 ms
Performance at tile_size (t2, t3, t4, t5) = (32, 8, 2, 16): 1886 ms
Performance at tile_size (t2, t3, t4, t5) = (32, 8, 2, 32): 1779 ms
Performance at tile_size (t2, t3, t4, t5) = (32, 8, 2, 64): 1863 ms
Performance at tile_size (t2, t3, t4, t5) = (32, 8, 2, 128): 1837 ms
Performance at tile_size (t2, t3, t4, t5) = (32, 8, 2, 256): 1797 ms
Performance at tile_size (t2, t3, t4, t5) = (32, 8, 4, 1): 1802 ms
Performance at tile_size (t2, t3, t4, t5) = (32, 8, 4, 2): 1762 ms
Performance at tile_size (t2, t3, t4, t5) = (32, 8, 4, 4): 1924 ms
Performance at tile_size (t2, t3, t4, t5) = (32, 8, 4, 8): 1772 ms
Performance at tile_size (t2, t3, t4, t5) = (32, 8, 4, 16): 1884 ms
Performance at tile_size (t2, t3, t4, t5) = (32, 8, 4, 32): 1802 ms
Performance at tile_size (t2, t3, t4, t5) = (32, 8, 4, 64): 1873 ms
Performance at tile_size (t2, t3, t4, t5) = (32, 8, 4, 128): 1787 ms
Performance at tile_size (t2, t3, t4, t5) = (32, 8, 4, 256): 1795 ms
Performance at tile_size (t2, t3, t4, t5) = (32, 8, 8, 1): 1857 ms
Performance at tile_size (t2, t3, t4, t5) = (32, 8, 8, 2): 1900 ms
Performance at tile_size (t2, t3, t4, t5) = (32, 8, 8, 4): 1807 ms
Performance at tile_size (t2, t3, t4, t5) = (32, 8, 8, 8): 1853 ms
Performance at tile_size (t2, t3, t4, t5) = (32, 8, 8, 16): 1808 ms
Performance at tile_size (t2, t3, t4, t5) = (32, 8, 8, 32): 1891 ms
Performance at tile_size (t2, t3, t4, t5) = (32, 8, 8, 64): 1876 ms
Performance at tile_size (t2, t3, t4, t5) = (32, 8, 8, 128): 1874 ms
Performance at tile_size (t2, t3, t4, t5) = (32, 8, 8, 256): 1955 ms
Performance at tile_size (t2, t3, t4, t5) = (32, 8, 16, 1): 1889 ms
Performance at tile_size (t2, t3, t4, t5) = (32, 8, 16, 2): 1879 ms
Performance at tile_size (t2, t3, t4, t5) = (32, 8, 16, 4): 1857 ms
Performance at tile_size (t2, t3, t4, t5) = (32, 8, 16, 8): 1776 ms
Performance at tile_size (t2, t3, t4, t5) = (32, 8, 16, 16): 1919 ms
Performance at tile_size (t2, t3, t4, t5) = (32, 8, 16, 32): 1954 ms
Performance at tile_size (t2, t3, t4, t5) = (32, 8, 16, 64): 1944 ms
Performance at tile_size (t2, t3, t4, t5) = (32, 8, 16, 128): 1905 ms
Performance at tile_size (t2, t3, t4, t5) = (32, 8, 16, 256): 1925 ms
Performance at tile_size (t2, t3, t4, t5) = (32, 8, 32, 1): 1898 ms
Performance at tile_size (t2, t3, t4, t5) = (32, 8, 32, 2): 1942 ms
Performance at tile_size (t2, t3, t4, t5) = (32, 8, 32, 4): 1888 ms
Performance at tile_size (t2, t3, t4, t5) = (32, 8, 32, 8): 1813 ms
Performance at tile_size (t2, t3, t4, t5) = (32, 8, 32, 16): 1841 ms
Performance at tile_size (t2, t3, t4, t5) = (32, 8, 32, 32): 1783 ms
Performance at tile_size (t2, t3, t4, t5) = (32, 8, 32, 64): 1799 ms
Performance at tile_size (t2, t3, t4, t5) = (32, 8, 32, 128): 1789 ms
Performance at tile_size (t2, t3, t4, t5) = (32, 8, 32, 256): 1873 ms
Performance at tile_size (t2, t3, t4, t5) = (32, 8, 64, 1): 1815 ms
Performance at tile_size (t2, t3, t4, t5) = (32, 8, 64, 2): 1768 ms
Performance at tile_size (t2, t3, t4, t5) = (32, 8, 64, 4): 1909 ms
Performance at tile_size (t2, t3, t4, t5) = (32, 8, 64, 8): 1803 ms
Performance at tile_size (t2, t3, t4, t5) = (32, 8, 64, 16): 1861 ms
Performance at tile_size (t2, t3, t4, t5) = (32, 8, 64, 32): 1880 ms
Performance at tile_size (t2, t3, t4, t5) = (32, 8, 64, 64): 1882 ms
Performance at tile_size (t2, t3, t4, t5) = (32, 8, 64, 128): 1857 ms
Performance at tile_size (t2, t3, t4, t5) = (32, 8, 64, 256): 1776 ms
Performance at tile_size (t2, t3, t4, t5) = (32, 8, 128, 1): 1858 ms
Performance at tile_size (t2, t3, t4, t5) = (32, 8, 128, 2): 1827 ms
Performance at tile_size (t2, t3, t4, t5) = (32, 8, 128, 4): 1874 ms
Performance at tile_size (t2, t3, t4, t5) = (32, 8, 128, 8): 1896 ms
Performance at tile_size (t2, t3, t4, t5) = (32, 8, 128, 16): 1777 ms
Performance at tile_size (t2, t3, t4, t5) = (32, 8, 128, 32): 1845 ms
Performance at tile_size (t2, t3, t4, t5) = (32, 8, 128, 64): 1839 ms
Performance at tile_size (t2, t3, t4, t5) = (32, 8, 128, 128): 1826 ms
Performance at tile_size (t2, t3, t4, t5) = (32, 8, 128, 256): 1879 ms
Performance at tile_size (t2, t3, t4, t5) = (32, 8, 256, 1): 1799 ms
Performance at tile_size (t2, t3, t4, t5) = (32, 8, 256, 2): 1867 ms
Performance at tile_size (t2, t3, t4, t5) = (32, 8, 256, 4): 1888 ms
Performance at tile_size (t2, t3, t4, t5) = (32, 8, 256, 8): 1890 ms
Performance at tile_size (t2, t3, t4, t5) = (32, 8, 256, 16): 1877 ms
Performance at tile_size (t2, t3, t4, t5) = (32, 8, 256, 32): 1835 ms
Performance at tile_size (t2, t3, t4, t5) = (32, 8, 256, 64): 1790 ms
Performance at tile_size (t2, t3, t4, t5) = (32, 8, 256, 128): 1872 ms
Performance at tile_size (t2, t3, t4, t5) = (32, 8, 256, 256): 1787 ms
Performance at tile_size (t2, t3, t4, t5) = (32, 16, 1, 1): 1810 ms
Performance at tile_size (t2, t3, t4, t5) = (32, 16, 1, 2): 1873 ms
Performance at tile_size (t2, t3, t4, t5) = (32, 16, 1, 4): 1893 ms
Performance at tile_size (t2, t3, t4, t5) = (32, 16, 1, 8): 1854 ms
Performance at tile_size (t2, t3, t4, t5) = (32, 16, 1, 16): 1903 ms
Performance at tile_size (t2, t3, t4, t5) = (32, 16, 1, 32): 1794 ms
Performance at tile_size (t2, t3, t4, t5) = (32, 16, 1, 64): 1811 ms
Performance at tile_size (t2, t3, t4, t5) = (32, 16, 1, 128): 1786 ms
Performance at tile_size (t2, t3, t4, t5) = (32, 16, 1, 256): 1836 ms
Performance at tile_size (t2, t3, t4, t5) = (32, 16, 2, 1): 1893 ms
Performance at tile_size (t2, t3, t4, t5) = (32, 16, 2, 2): 1848 ms
Performance at tile_size (t2, t3, t4, t5) = (32, 16, 2, 4): 1888 ms
Performance at tile_size (t2, t3, t4, t5) = (32, 16, 2, 8): 1818 ms
Performance at tile_size (t2, t3, t4, t5) = (32, 16, 2, 16): 1906 ms
Performance at tile_size (t2, t3, t4, t5) = (32, 16, 2, 32): 1899 ms
Performance at tile_size (t2, t3, t4, t5) = (32, 16, 2, 64): 1866 ms
Performance at tile_size (t2, t3, t4, t5) = (32, 16, 2, 128): 1778 ms
Performance at tile_size (t2, t3, t4, t5) = (32, 16, 2, 256): 1840 ms
Performance at tile_size (t2, t3, t4, t5) = (32, 16, 4, 1): 1869 ms
Performance at tile_size (t2, t3, t4, t5) = (32, 16, 4, 2): 1847 ms
Performance at tile_size (t2, t3, t4, t5) = (32, 16, 4, 4): 1857 ms
Performance at tile_size (t2, t3, t4, t5) = (32, 16, 4, 8): 1788 ms
Performance at tile_size (t2, t3, t4, t5) = (32, 16, 4, 16): 1833 ms
Performance at tile_size (t2, t3, t4, t5) = (32, 16, 4, 32): 1803 ms
Performance at tile_size (t2, t3, t4, t5) = (32, 16, 4, 64): 1852 ms
Performance at tile_size (t2, t3, t4, t5) = (32, 16, 4, 128): 1809 ms
Performance at tile_size (t2, t3, t4, t5) = (32, 16, 4, 256): 1777 ms
Performance at tile_size (t2, t3, t4, t5) = (32, 16, 8, 1): 1857 ms
Performance at tile_size (t2, t3, t4, t5) = (32, 16, 8, 2): 1952 ms
Performance at tile_size (t2, t3, t4, t5) = (32, 16, 8, 4): 1951 ms
Performance at tile_size (t2, t3, t4, t5) = (32, 16, 8, 8): 1856 ms
Performance at tile_size (t2, t3, t4, t5) = (32, 16, 8, 16): 1795 ms
Performance at tile_size (t2, t3, t4, t5) = (32, 16, 8, 32): 1776 ms
Performance at tile_size (t2, t3, t4, t5) = (32, 16, 8, 64): 1901 ms
Performance at tile_size (t2, t3, t4, t5) = (32, 16, 8, 128): 1794 ms
Performance at tile_size (t2, t3, t4, t5) = (32, 16, 8, 256): 1837 ms
Performance at tile_size (t2, t3, t4, t5) = (32, 16, 16, 1): 1782 ms
Performance at tile_size (t2, t3, t4, t5) = (32, 16, 16, 2): 1817 ms
Performance at tile_size (t2, t3, t4, t5) = (32, 16, 16, 4): 1873 ms
Performance at tile_size (t2, t3, t4, t5) = (32, 16, 16, 8): 1881 ms
Performance at tile_size (t2, t3, t4, t5) = (32, 16, 16, 16): 1827 ms
Performance at tile_size (t2, t3, t4, t5) = (32, 16, 16, 32): 1863 ms
Performance at tile_size (t2, t3, t4, t5) = (32, 16, 16, 64): 1789 ms
Performance at tile_size (t2, t3, t4, t5) = (32, 16, 16, 128): 1834 ms
Performance at tile_size (t2, t3, t4, t5) = (32, 16, 16, 256): 1897 ms
Performance at tile_size (t2, t3, t4, t5) = (32, 16, 32, 1): 1776 ms
Performance at tile_size (t2, t3, t4, t5) = (32, 16, 32, 2): 1818 ms
Performance at tile_size (t2, t3, t4, t5) = (32, 16, 32, 4): 1873 ms
Performance at tile_size (t2, t3, t4, t5) = (32, 16, 32, 8): 1776 ms
Performance at tile_size (t2, t3, t4, t5) = (32, 16, 32, 16): 1821 ms
Performance at tile_size (t2, t3, t4, t5) = (32, 16, 32, 32): 1869 ms
Performance at tile_size (t2, t3, t4, t5) = (32, 16, 32, 64): 1781 ms
Performance at tile_size (t2, t3, t4, t5) = (32, 16, 32, 128): 1809 ms
Performance at tile_size (t2, t3, t4, t5) = (32, 16, 32, 256): 1768 ms
Performance at tile_size (t2, t3, t4, t5) = (32, 16, 64, 1): 1820 ms
Performance at tile_size (t2, t3, t4, t5) = (32, 16, 64, 2): 1775 ms
Performance at tile_size (t2, t3, t4, t5) = (32, 16, 64, 4): 1871 ms
Performance at tile_size (t2, t3, t4, t5) = (32, 16, 64, 8): 1852 ms
Performance at tile_size (t2, t3, t4, t5) = (32, 16, 64, 16): 1892 ms
Performance at tile_size (t2, t3, t4, t5) = (32, 16, 64, 32): 1889 ms
Performance at tile_size (t2, t3, t4, t5) = (32, 16, 64, 64): 1823 ms
Performance at tile_size (t2, t3, t4, t5) = (32, 16, 64, 128): 1827 ms
Performance at tile_size (t2, t3, t4, t5) = (32, 16, 64, 256): 1879 ms
Performance at tile_size (t2, t3, t4, t5) = (32, 16, 128, 1): 1780 ms
Performance at tile_size (t2, t3, t4, t5) = (32, 16, 128, 2): 1855 ms
Performance at tile_size (t2, t3, t4, t5) = (32, 16, 128, 4): 1779 ms
Performance at tile_size (t2, t3, t4, t5) = (32, 16, 128, 8): 1776 ms
Performance at tile_size (t2, t3, t4, t5) = (32, 16, 128, 16): 1820 ms
Performance at tile_size (t2, t3, t4, t5) = (32, 16, 128, 32): 1806 ms
Performance at tile_size (t2, t3, t4, t5) = (32, 16, 128, 64): 1880 ms
Performance at tile_size (t2, t3, t4, t5) = (32, 16, 128, 128): 1786 ms
Performance at tile_size (t2, t3, t4, t5) = (32, 16, 128, 256): 1812 ms
Performance at tile_size (t2, t3, t4, t5) = (32, 16, 256, 1): 1850 ms
Performance at tile_size (t2, t3, t4, t5) = (32, 16, 256, 2): 1807 ms
Performance at tile_size (t2, t3, t4, t5) = (32, 16, 256, 4): 1829 ms
Performance at tile_size (t2, t3, t4, t5) = (32, 16, 256, 8): 1905 ms
Performance at tile_size (t2, t3, t4, t5) = (32, 16, 256, 16): 1845 ms
Performance at tile_size (t2, t3, t4, t5) = (32, 16, 256, 32): 1894 ms
Performance at tile_size (t2, t3, t4, t5) = (32, 16, 256, 64): 1803 ms
Performance at tile_size (t2, t3, t4, t5) = (32, 16, 256, 128): 1825 ms
Performance at tile_size (t2, t3, t4, t5) = (32, 16, 256, 256): 1847 ms
Performance at tile_size (t2, t3, t4, t5) = (32, 32, 1, 1): 1843 ms
Performance at tile_size (t2, t3, t4, t5) = (32, 32, 1, 2): 1835 ms
Performance at tile_size (t2, t3, t4, t5) = (32, 32, 1, 4): 1782 ms
Performance at tile_size (t2, t3, t4, t5) = (32, 32, 1, 8): 1860 ms
Performance at tile_size (t2, t3, t4, t5) = (32, 32, 1, 16): 1790 ms
Performance at tile_size (t2, t3, t4, t5) = (32, 32, 1, 32): 1776 ms
Performance at tile_size (t2, t3, t4, t5) = (32, 32, 1, 64): 1877 ms
Performance at tile_size (t2, t3, t4, t5) = (32, 32, 1, 128): 1811 ms
Performance at tile_size (t2, t3, t4, t5) = (32, 32, 1, 256): 1759 ms
Performance at tile_size (t2, t3, t4, t5) = (32, 32, 2, 1): 1826 ms
Performance at tile_size (t2, t3, t4, t5) = (32, 32, 2, 2): 1788 ms
Performance at tile_size (t2, t3, t4, t5) = (32, 32, 2, 4): 1801 ms
Performance at tile_size (t2, t3, t4, t5) = (32, 32, 2, 8): 1818 ms
Performance at tile_size (t2, t3, t4, t5) = (32, 32, 2, 16): 1786 ms
Performance at tile_size (t2, t3, t4, t5) = (32, 32, 2, 32): 1775 ms
Performance at tile_size (t2, t3, t4, t5) = (32, 32, 2, 64): 1844 ms
Performance at tile_size (t2, t3, t4, t5) = (32, 32, 2, 128): 1790 ms
Performance at tile_size (t2, t3, t4, t5) = (32, 32, 2, 256): 1773 ms
Performance at tile_size (t2, t3, t4, t5) = (32, 32, 4, 1): 1816 ms
Performance at tile_size (t2, t3, t4, t5) = (32, 32, 4, 2): 1824 ms
Performance at tile_size (t2, t3, t4, t5) = (32, 32, 4, 4): 1806 ms
Performance at tile_size (t2, t3, t4, t5) = (32, 32, 4, 8): 1839 ms
Performance at tile_size (t2, t3, t4, t5) = (32, 32, 4, 16): 1947 ms
Performance at tile_size (t2, t3, t4, t5) = (32, 32, 4, 32): 1820 ms
Performance at tile_size (t2, t3, t4, t5) = (32, 32, 4, 64): 1847 ms
Performance at tile_size (t2, t3, t4, t5) = (32, 32, 4, 128): 1875 ms
Performance at tile_size (t2, t3, t4, t5) = (32, 32, 4, 256): 1831 ms
Performance at tile_size (t2, t3, t4, t5) = (32, 32, 8, 1): 1823 ms
Performance at tile_size (t2, t3, t4, t5) = (32, 32, 8, 2): 1815 ms
Performance at tile_size (t2, t3, t4, t5) = (32, 32, 8, 4): 1789 ms
Performance at tile_size (t2, t3, t4, t5) = (32, 32, 8, 8): 1863 ms
Performance at tile_size (t2, t3, t4, t5) = (32, 32, 8, 16): 1833 ms
Performance at tile_size (t2, t3, t4, t5) = (32, 32, 8, 32): 1880 ms
Performance at tile_size (t2, t3, t4, t5) = (32, 32, 8, 64): 1874 ms
Performance at tile_size (t2, t3, t4, t5) = (32, 32, 8, 128): 1889 ms
Performance at tile_size (t2, t3, t4, t5) = (32, 32, 8, 256): 1876 ms
Performance at tile_size (t2, t3, t4, t5) = (32, 32, 16, 1): 1865 ms
Performance at tile_size (t2, t3, t4, t5) = (32, 32, 16, 2): 1839 ms
Performance at tile_size (t2, t3, t4, t5) = (32, 32, 16, 4): 1769 ms
Performance at tile_size (t2, t3, t4, t5) = (32, 32, 16, 8): 1791 ms
Performance at tile_size (t2, t3, t4, t5) = (32, 32, 16, 16): 1781 ms
Performance at tile_size (t2, t3, t4, t5) = (32, 32, 16, 32): 1826 ms
Performance at tile_size (t2, t3, t4, t5) = (32, 32, 16, 64): 1863 ms
Performance at tile_size (t2, t3, t4, t5) = (32, 32, 16, 128): 1817 ms
Performance at tile_size (t2, t3, t4, t5) = (32, 32, 16, 256): 1892 ms
Performance at tile_size (t2, t3, t4, t5) = (32, 32, 32, 1): 1865 ms
Performance at tile_size (t2, t3, t4, t5) = (32, 32, 32, 2): 1878 ms
Performance at tile_size (t2, t3, t4, t5) = (32, 32, 32, 4): 1795 ms
Performance at tile_size (t2, t3, t4, t5) = (32, 32, 32, 8): 1782 ms
Performance at tile_size (t2, t3, t4, t5) = (32, 32, 32, 16): 1885 ms
Performance at tile_size (t2, t3, t4, t5) = (32, 32, 32, 32): 1855 ms
Performance at tile_size (t2, t3, t4, t5) = (32, 32, 32, 64): 1897 ms
Performance at tile_size (t2, t3, t4, t5) = (32, 32, 32, 128): 1860 ms
Performance at tile_size (t2, t3, t4, t5) = (32, 32, 32, 256): 1797 ms
Performance at tile_size (t2, t3, t4, t5) = (32, 32, 64, 1): 1780 ms
Performance at tile_size (t2, t3, t4, t5) = (32, 32, 64, 2): 1879 ms
Performance at tile_size (t2, t3, t4, t5) = (32, 32, 64, 4): 1873 ms
Performance at tile_size (t2, t3, t4, t5) = (32, 32, 64, 8): 1887 ms
Performance at tile_size (t2, t3, t4, t5) = (32, 32, 64, 16): 1872 ms
Performance at tile_size (t2, t3, t4, t5) = (32, 32, 64, 32): 1783 ms
Performance at tile_size (t2, t3, t4, t5) = (32, 32, 64, 64): 1748 ms
Performance at tile_size (t2, t3, t4, t5) = (32, 32, 64, 128): 1861 ms
Performance at tile_size (t2, t3, t4, t5) = (32, 32, 64, 256): 1952 ms
Performance at tile_size (t2, t3, t4, t5) = (32, 32, 128, 1): 1788 ms
Performance at tile_size (t2, t3, t4, t5) = (32, 32, 128, 2): 1878 ms
Performance at tile_size (t2, t3, t4, t5) = (32, 32, 128, 4): 1905 ms
Performance at tile_size (t2, t3, t4, t5) = (32, 32, 128, 8): 1820 ms
Performance at tile_size (t2, t3, t4, t5) = (32, 32, 128, 16): 1793 ms
Performance at tile_size (t2, t3, t4, t5) = (32, 32, 128, 32): 1847 ms
Performance at tile_size (t2, t3, t4, t5) = (32, 32, 128, 64): 1890 ms
Performance at tile_size (t2, t3, t4, t5) = (32, 32, 128, 128): 1833 ms
Performance at tile_size (t2, t3, t4, t5) = (32, 32, 128, 256): 1858 ms
Performance at tile_size (t2, t3, t4, t5) = (32, 32, 256, 1): 1904 ms
Performance at tile_size (t2, t3, t4, t5) = (32, 32, 256, 2): 1831 ms
Performance at tile_size (t2, t3, t4, t5) = (32, 32, 256, 4): 1887 ms
Performance at tile_size (t2, t3, t4, t5) = (32, 32, 256, 8): 1799 ms
Performance at tile_size (t2, t3, t4, t5) = (32, 32, 256, 16): 1942 ms
Performance at tile_size (t2, t3, t4, t5) = (32, 32, 256, 32): 1852 ms
Performance at tile_size (t2, t3, t4, t5) = (32, 32, 256, 64): 1826 ms
Performance at tile_size (t2, t3, t4, t5) = (32, 32, 256, 128): 1821 ms
Performance at tile_size (t2, t3, t4, t5) = (32, 32, 256, 256): 1862 ms
Performance at tile_size (t2, t3, t4, t5) = (32, 64, 1, 1): 1807 ms
Performance at tile_size (t2, t3, t4, t5) = (32, 64, 1, 2): 1804 ms
Performance at tile_size (t2, t3, t4, t5) = (32, 64, 1, 4): 1916 ms
Performance at tile_size (t2, t3, t4, t5) = (32, 64, 1, 8): 1834 ms
Performance at tile_size (t2, t3, t4, t5) = (32, 64, 1, 16): 1789 ms
Performance at tile_size (t2, t3, t4, t5) = (32, 64, 1, 32): 1762 ms
Performance at tile_size (t2, t3, t4, t5) = (32, 64, 1, 64): 1813 ms
Performance at tile_size (t2, t3, t4, t5) = (32, 64, 1, 128): 1799 ms
Performance at tile_size (t2, t3, t4, t5) = (32, 64, 1, 256): 1941 ms
Performance at tile_size (t2, t3, t4, t5) = (32, 64, 2, 1): 1913 ms
Performance at tile_size (t2, t3, t4, t5) = (32, 64, 2, 2): 1863 ms
Performance at tile_size (t2, t3, t4, t5) = (32, 64, 2, 4): 1879 ms
Performance at tile_size (t2, t3, t4, t5) = (32, 64, 2, 8): 1937 ms
Performance at tile_size (t2, t3, t4, t5) = (32, 64, 2, 16): 1901 ms
Performance at tile_size (t2, t3, t4, t5) = (32, 64, 2, 32): 1768 ms
Performance at tile_size (t2, t3, t4, t5) = (32, 64, 2, 64): 1846 ms
Performance at tile_size (t2, t3, t4, t5) = (32, 64, 2, 128): 1802 ms
Performance at tile_size (t2, t3, t4, t5) = (32, 64, 2, 256): 1892 ms
Performance at tile_size (t2, t3, t4, t5) = (32, 64, 4, 1): 1870 ms
Performance at tile_size (t2, t3, t4, t5) = (32, 64, 4, 2): 1867 ms
Performance at tile_size (t2, t3, t4, t5) = (32, 64, 4, 4): 1790 ms
Performance at tile_size (t2, t3, t4, t5) = (32, 64, 4, 8): 1780 ms
Performance at tile_size (t2, t3, t4, t5) = (32, 64, 4, 16): 1774 ms
Performance at tile_size (t2, t3, t4, t5) = (32, 64, 4, 32): 1829 ms
Performance at tile_size (t2, t3, t4, t5) = (32, 64, 4, 64): 1869 ms
Performance at tile_size (t2, t3, t4, t5) = (32, 64, 4, 128): 1842 ms
Performance at tile_size (t2, t3, t4, t5) = (32, 64, 4, 256): 1835 ms
Performance at tile_size (t2, t3, t4, t5) = (32, 64, 8, 1): 1881 ms
Performance at tile_size (t2, t3, t4, t5) = (32, 64, 8, 2): 1774 ms
Performance at tile_size (t2, t3, t4, t5) = (32, 64, 8, 4): 1860 ms
Performance at tile_size (t2, t3, t4, t5) = (32, 64, 8, 8): 1959 ms
Performance at tile_size (t2, t3, t4, t5) = (32, 64, 8, 16): 1780 ms
Performance at tile_size (t2, t3, t4, t5) = (32, 64, 8, 32): 1769 ms
Performance at tile_size (t2, t3, t4, t5) = (32, 64, 8, 64): 1805 ms
Performance at tile_size (t2, t3, t4, t5) = (32, 64, 8, 128): 1971 ms
Performance at tile_size (t2, t3, t4, t5) = (32, 64, 8, 256): 1823 ms
Performance at tile_size (t2, t3, t4, t5) = (32, 64, 16, 1): 1791 ms
Performance at tile_size (t2, t3, t4, t5) = (32, 64, 16, 2): 1881 ms
Performance at tile_size (t2, t3, t4, t5) = (32, 64, 16, 4): 1823 ms
Performance at tile_size (t2, t3, t4, t5) = (32, 64, 16, 8): 1738 ms
Performance at tile_size (t2, t3, t4, t5) = (32, 64, 16, 16): 1790 ms
Performance at tile_size (t2, t3, t4, t5) = (32, 64, 16, 32): 1871 ms
Performance at tile_size (t2, t3, t4, t5) = (32, 64, 16, 64): 1885 ms
Performance at tile_size (t2, t3, t4, t5) = (32, 64, 16, 128): 1852 ms
Performance at tile_size (t2, t3, t4, t5) = (32, 64, 16, 256): 1889 ms
Performance at tile_size (t2, t3, t4, t5) = (32, 64, 32, 1): 1830 ms
Performance at tile_size (t2, t3, t4, t5) = (32, 64, 32, 2): 1840 ms
Performance at tile_size (t2, t3, t4, t5) = (32, 64, 32, 4): 1832 ms
Performance at tile_size (t2, t3, t4, t5) = (32, 64, 32, 8): 1856 ms
Performance at tile_size (t2, t3, t4, t5) = (32, 64, 32, 16): 1846 ms
Performance at tile_size (t2, t3, t4, t5) = (32, 64, 32, 32): 1864 ms
Performance at tile_size (t2, t3, t4, t5) = (32, 64, 32, 64): 1879 ms
Performance at tile_size (t2, t3, t4, t5) = (32, 64, 32, 128): 1884 ms
Performance at tile_size (t2, t3, t4, t5) = (32, 64, 32, 256): 1885 ms
Performance at tile_size (t2, t3, t4, t5) = (32, 64, 64, 1): 1776 ms
Performance at tile_size (t2, t3, t4, t5) = (32, 64, 64, 2): 1802 ms
Performance at tile_size (t2, t3, t4, t5) = (32, 64, 64, 4): 1893 ms
Performance at tile_size (t2, t3, t4, t5) = (32, 64, 64, 8): 1798 ms
Performance at tile_size (t2, t3, t4, t5) = (32, 64, 64, 16): 1867 ms
Performance at tile_size (t2, t3, t4, t5) = (32, 64, 64, 32): 1760 ms
Performance at tile_size (t2, t3, t4, t5) = (32, 64, 64, 64): 1932 ms
Performance at tile_size (t2, t3, t4, t5) = (32, 64, 64, 128): 1847 ms
Performance at tile_size (t2, t3, t4, t5) = (32, 64, 64, 256): 1863 ms
Performance at tile_size (t2, t3, t4, t5) = (32, 64, 128, 1): 1868 ms
Performance at tile_size (t2, t3, t4, t5) = (32, 64, 128, 2): 1846 ms
Performance at tile_size (t2, t3, t4, t5) = (32, 64, 128, 4): 1767 ms
Performance at tile_size (t2, t3, t4, t5) = (32, 64, 128, 8): 1813 ms
Performance at tile_size (t2, t3, t4, t5) = (32, 64, 128, 16): 1837 ms
Performance at tile_size (t2, t3, t4, t5) = (32, 64, 128, 32): 1797 ms
Performance at tile_size (t2, t3, t4, t5) = (32, 64, 128, 64): 1951 ms
Performance at tile_size (t2, t3, t4, t5) = (32, 64, 128, 128): 1801 ms
Performance at tile_size (t2, t3, t4, t5) = (32, 64, 128, 256): 1856 ms
Performance at tile_size (t2, t3, t4, t5) = (32, 64, 256, 1): 1937 ms
Performance at tile_size (t2, t3, t4, t5) = (32, 64, 256, 2): 1853 ms
Performance at tile_size (t2, t3, t4, t5) = (32, 64, 256, 4): 1778 ms
Performance at tile_size (t2, t3, t4, t5) = (32, 64, 256, 8): 1854 ms
Performance at tile_size (t2, t3, t4, t5) = (32, 64, 256, 16): 1874 ms
Performance at tile_size (t2, t3, t4, t5) = (32, 64, 256, 32): 1798 ms
Performance at tile_size (t2, t3, t4, t5) = (32, 64, 256, 64): 1891 ms
Performance at tile_size (t2, t3, t4, t5) = (32, 64, 256, 128): 1720 ms
Performance at tile_size (t2, t3, t4, t5) = (32, 64, 256, 256): 1803 ms
Performance at tile_size (t2, t3, t4, t5) = (32, 128, 1, 1): 1876 ms
Performance at tile_size (t2, t3, t4, t5) = (32, 128, 1, 2): 1793 ms
Performance at tile_size (t2, t3, t4, t5) = (32, 128, 1, 4): 1840 ms
Performance at tile_size (t2, t3, t4, t5) = (32, 128, 1, 8): 1798 ms
Performance at tile_size (t2, t3, t4, t5) = (32, 128, 1, 16): 1846 ms
Performance at tile_size (t2, t3, t4, t5) = (32, 128, 1, 32): 1857 ms
Performance at tile_size (t2, t3, t4, t5) = (32, 128, 1, 64): 1813 ms
Performance at tile_size (t2, t3, t4, t5) = (32, 128, 1, 128): 1846 ms
Performance at tile_size (t2, t3, t4, t5) = (32, 128, 1, 256): 1800 ms
Performance at tile_size (t2, t3, t4, t5) = (32, 128, 2, 1): 1811 ms
Performance at tile_size (t2, t3, t4, t5) = (32, 128, 2, 2): 1889 ms
Performance at tile_size (t2, t3, t4, t5) = (32, 128, 2, 4): 1887 ms
Performance at tile_size (t2, t3, t4, t5) = (32, 128, 2, 8): 1882 ms
Performance at tile_size (t2, t3, t4, t5) = (32, 128, 2, 16): 1885 ms
Performance at tile_size (t2, t3, t4, t5) = (32, 128, 2, 32): 1842 ms
Performance at tile_size (t2, t3, t4, t5) = (32, 128, 2, 64): 1858 ms
Performance at tile_size (t2, t3, t4, t5) = (32, 128, 2, 128): 1857 ms
Performance at tile_size (t2, t3, t4, t5) = (32, 128, 2, 256): 1769 ms
Performance at tile_size (t2, t3, t4, t5) = (32, 128, 4, 1): 1760 ms
Performance at tile_size (t2, t3, t4, t5) = (32, 128, 4, 2): 1798 ms
Performance at tile_size (t2, t3, t4, t5) = (32, 128, 4, 4): 1850 ms
Performance at tile_size (t2, t3, t4, t5) = (32, 128, 4, 8): 1849 ms
Performance at tile_size (t2, t3, t4, t5) = (32, 128, 4, 16): 1918 ms
Performance at tile_size (t2, t3, t4, t5) = (32, 128, 4, 32): 1787 ms
Performance at tile_size (t2, t3, t4, t5) = (32, 128, 4, 64): 1951 ms
Performance at tile_size (t2, t3, t4, t5) = (32, 128, 4, 128): 1885 ms
Performance at tile_size (t2, t3, t4, t5) = (32, 128, 4, 256): 1939 ms
Performance at tile_size (t2, t3, t4, t5) = (32, 128, 8, 1): 1809 ms
Performance at tile_size (t2, t3, t4, t5) = (32, 128, 8, 2): 1790 ms
Performance at tile_size (t2, t3, t4, t5) = (32, 128, 8, 4): 1816 ms
Performance at tile_size (t2, t3, t4, t5) = (32, 128, 8, 8): 1866 ms
Performance at tile_size (t2, t3, t4, t5) = (32, 128, 8, 16): 1799 ms
Performance at tile_size (t2, t3, t4, t5) = (32, 128, 8, 32): 1830 ms
Performance at tile_size (t2, t3, t4, t5) = (32, 128, 8, 64): 1876 ms
Performance at tile_size (t2, t3, t4, t5) = (32, 128, 8, 128): 1795 ms
Performance at tile_size (t2, t3, t4, t5) = (32, 128, 8, 256): 1863 ms
Performance at tile_size (t2, t3, t4, t5) = (32, 128, 16, 1): 1907 ms
Performance at tile_size (t2, t3, t4, t5) = (32, 128, 16, 2): 1925 ms
Performance at tile_size (t2, t3, t4, t5) = (32, 128, 16, 4): 1895 ms
Performance at tile_size (t2, t3, t4, t5) = (32, 128, 16, 8): 1840 ms
Performance at tile_size (t2, t3, t4, t5) = (32, 128, 16, 16): 1886 ms
Performance at tile_size (t2, t3, t4, t5) = (32, 128, 16, 32): 1781 ms
Performance at tile_size (t2, t3, t4, t5) = (32, 128, 16, 64): 1924 ms
Performance at tile_size (t2, t3, t4, t5) = (32, 128, 16, 128): 1806 ms
Performance at tile_size (t2, t3, t4, t5) = (32, 128, 16, 256): 1857 ms
Performance at tile_size (t2, t3, t4, t5) = (32, 128, 32, 1): 1974 ms
Performance at tile_size (t2, t3, t4, t5) = (32, 128, 32, 2): 1816 ms
Performance at tile_size (t2, t3, t4, t5) = (32, 128, 32, 4): 1858 ms
Performance at tile_size (t2, t3, t4, t5) = (32, 128, 32, 8): 1796 ms
Performance at tile_size (t2, t3, t4, t5) = (32, 128, 32, 16): 1869 ms
Performance at tile_size (t2, t3, t4, t5) = (32, 128, 32, 32): 1779 ms
Performance at tile_size (t2, t3, t4, t5) = (32, 128, 32, 64): 1827 ms
Performance at tile_size (t2, t3, t4, t5) = (32, 128, 32, 128): 1860 ms
Performance at tile_size (t2, t3, t4, t5) = (32, 128, 32, 256): 1788 ms
Performance at tile_size (t2, t3, t4, t5) = (32, 128, 64, 1): 1864 ms
Performance at tile_size (t2, t3, t4, t5) = (32, 128, 64, 2): 1896 ms
Performance at tile_size (t2, t3, t4, t5) = (32, 128, 64, 4): 1846 ms
Performance at tile_size (t2, t3, t4, t5) = (32, 128, 64, 8): 1799 ms
Performance at tile_size (t2, t3, t4, t5) = (32, 128, 64, 16): 1771 ms
Performance at tile_size (t2, t3, t4, t5) = (32, 128, 64, 32): 1883 ms
Performance at tile_size (t2, t3, t4, t5) = (32, 128, 64, 64): 1807 ms
Performance at tile_size (t2, t3, t4, t5) = (32, 128, 64, 128): 1873 ms
Performance at tile_size (t2, t3, t4, t5) = (32, 128, 64, 256): 1835 ms
Performance at tile_size (t2, t3, t4, t5) = (32, 128, 128, 1): 1832 ms
Performance at tile_size (t2, t3, t4, t5) = (32, 128, 128, 2): 1808 ms
Performance at tile_size (t2, t3, t4, t5) = (32, 128, 128, 4): 1886 ms
Performance at tile_size (t2, t3, t4, t5) = (32, 128, 128, 8): 1790 ms
Performance at tile_size (t2, t3, t4, t5) = (32, 128, 128, 16): 1861 ms
Performance at tile_size (t2, t3, t4, t5) = (32, 128, 128, 32): 1855 ms
Performance at tile_size (t2, t3, t4, t5) = (32, 128, 128, 64): 1789 ms
Performance at tile_size (t2, t3, t4, t5) = (32, 128, 128, 128): 1876 ms
Performance at tile_size (t2, t3, t4, t5) = (32, 128, 128, 256): 1833 ms
Performance at tile_size (t2, t3, t4, t5) = (32, 128, 256, 1): 1817 ms
Performance at tile_size (t2, t3, t4, t5) = (32, 128, 256, 2): 1851 ms
Performance at tile_size (t2, t3, t4, t5) = (32, 128, 256, 4): 1875 ms
Performance at tile_size (t2, t3, t4, t5) = (32, 128, 256, 8): 1844 ms
Performance at tile_size (t2, t3, t4, t5) = (32, 128, 256, 16): 1901 ms
Performance at tile_size (t2, t3, t4, t5) = (32, 128, 256, 32): 1815 ms
Performance at tile_size (t2, t3, t4, t5) = (32, 128, 256, 64): 1801 ms
Performance at tile_size (t2, t3, t4, t5) = (32, 128, 256, 128): 1850 ms
Performance at tile_size (t2, t3, t4, t5) = (32, 128, 256, 256): 1830 ms
Performance at tile_size (t2, t3, t4, t5) = (32, 256, 1, 1): 1865 ms
Performance at tile_size (t2, t3, t4, t5) = (32, 256, 1, 2): 1854 ms
Performance at tile_size (t2, t3, t4, t5) = (32, 256, 1, 4): 1881 ms
Performance at tile_size (t2, t3, t4, t5) = (32, 256, 1, 8): 1765 ms
Performance at tile_size (t2, t3, t4, t5) = (32, 256, 1, 16): 1915 ms
Performance at tile_size (t2, t3, t4, t5) = (32, 256, 1, 32): 1794 ms
Performance at tile_size (t2, t3, t4, t5) = (32, 256, 1, 64): 1853 ms
Performance at tile_size (t2, t3, t4, t5) = (32, 256, 1, 128): 1849 ms
Performance at tile_size (t2, t3, t4, t5) = (32, 256, 1, 256): 1929 ms
Performance at tile_size (t2, t3, t4, t5) = (32, 256, 2, 1): 1811 ms
Performance at tile_size (t2, t3, t4, t5) = (32, 256, 2, 2): 1935 ms
Performance at tile_size (t2, t3, t4, t5) = (32, 256, 2, 4): 1856 ms
Performance at tile_size (t2, t3, t4, t5) = (32, 256, 2, 8): 1890 ms
Performance at tile_size (t2, t3, t4, t5) = (32, 256, 2, 16): 1900 ms
Performance at tile_size (t2, t3, t4, t5) = (32, 256, 2, 32): 1838 ms
Performance at tile_size (t2, t3, t4, t5) = (32, 256, 2, 64): 1810 ms
Performance at tile_size (t2, t3, t4, t5) = (32, 256, 2, 128): 1790 ms
Performance at tile_size (t2, t3, t4, t5) = (32, 256, 2, 256): 1829 ms
Performance at tile_size (t2, t3, t4, t5) = (32, 256, 4, 1): 1801 ms
Performance at tile_size (t2, t3, t4, t5) = (32, 256, 4, 2): 1860 ms
Performance at tile_size (t2, t3, t4, t5) = (32, 256, 4, 4): 1851 ms
Performance at tile_size (t2, t3, t4, t5) = (32, 256, 4, 8): 1812 ms
Performance at tile_size (t2, t3, t4, t5) = (32, 256, 4, 16): 1838 ms
Performance at tile_size (t2, t3, t4, t5) = (32, 256, 4, 32): 1852 ms
Performance at tile_size (t2, t3, t4, t5) = (32, 256, 4, 64): 1882 ms
Performance at tile_size (t2, t3, t4, t5) = (32, 256, 4, 128): 1956 ms
Performance at tile_size (t2, t3, t4, t5) = (32, 256, 4, 256): 1868 ms
Performance at tile_size (t2, t3, t4, t5) = (32, 256, 8, 1): 1900 ms
Performance at tile_size (t2, t3, t4, t5) = (32, 256, 8, 2): 1816 ms
Performance at tile_size (t2, t3, t4, t5) = (32, 256, 8, 4): 1791 ms
Performance at tile_size (t2, t3, t4, t5) = (32, 256, 8, 8): 1887 ms
Performance at tile_size (t2, t3, t4, t5) = (32, 256, 8, 16): 1853 ms
Performance at tile_size (t2, t3, t4, t5) = (32, 256, 8, 32): 1838 ms
Performance at tile_size (t2, t3, t4, t5) = (32, 256, 8, 64): 1825 ms
Performance at tile_size (t2, t3, t4, t5) = (32, 256, 8, 128): 1859 ms
Performance at tile_size (t2, t3, t4, t5) = (32, 256, 8, 256): 1819 ms
Performance at tile_size (t2, t3, t4, t5) = (32, 256, 16, 1): 1820 ms
Performance at tile_size (t2, t3, t4, t5) = (32, 256, 16, 2): 1829 ms
Performance at tile_size (t2, t3, t4, t5) = (32, 256, 16, 4): 1892 ms
Performance at tile_size (t2, t3, t4, t5) = (32, 256, 16, 8): 1887 ms
Performance at tile_size (t2, t3, t4, t5) = (32, 256, 16, 16): 1902 ms
Performance at tile_size (t2, t3, t4, t5) = (32, 256, 16, 32): 1931 ms
Performance at tile_size (t2, t3, t4, t5) = (32, 256, 16, 64): 1849 ms
Performance at tile_size (t2, t3, t4, t5) = (32, 256, 16, 128): 1808 ms
Performance at tile_size (t2, t3, t4, t5) = (32, 256, 16, 256): 1874 ms
Performance at tile_size (t2, t3, t4, t5) = (32, 256, 32, 1): 1799 ms
Performance at tile_size (t2, t3, t4, t5) = (32, 256, 32, 2): 1912 ms
Performance at tile_size (t2, t3, t4, t5) = (32, 256, 32, 4): 1870 ms
Performance at tile_size (t2, t3, t4, t5) = (32, 256, 32, 8): 1800 ms
Performance at tile_size (t2, t3, t4, t5) = (32, 256, 32, 16): 1850 ms
Performance at tile_size (t2, t3, t4, t5) = (32, 256, 32, 32): 1846 ms
Performance at tile_size (t2, t3, t4, t5) = (32, 256, 32, 64): 1853 ms
Performance at tile_size (t2, t3, t4, t5) = (32, 256, 32, 128): 1896 ms
Performance at tile_size (t2, t3, t4, t5) = (32, 256, 32, 256): 1862 ms
Performance at tile_size (t2, t3, t4, t5) = (32, 256, 64, 1): 1777 ms
Performance at tile_size (t2, t3, t4, t5) = (32, 256, 64, 2): 1790 ms
Performance at tile_size (t2, t3, t4, t5) = (32, 256, 64, 4): 1872 ms
Performance at tile_size (t2, t3, t4, t5) = (32, 256, 64, 8): 1788 ms
Performance at tile_size (t2, t3, t4, t5) = (32, 256, 64, 16): 1917 ms
Performance at tile_size (t2, t3, t4, t5) = (32, 256, 64, 32): 1867 ms
Performance at tile_size (t2, t3, t4, t5) = (32, 256, 64, 64): 1847 ms
Performance at tile_size (t2, t3, t4, t5) = (32, 256, 64, 128): 1825 ms
Performance at tile_size (t2, t3, t4, t5) = (32, 256, 64, 256): 1850 ms
Performance at tile_size (t2, t3, t4, t5) = (32, 256, 128, 1): 1820 ms
Performance at tile_size (t2, t3, t4, t5) = (32, 256, 128, 2): 1771 ms
Performance at tile_size (t2, t3, t4, t5) = (32, 256, 128, 4): 1917 ms
Performance at tile_size (t2, t3, t4, t5) = (32, 256, 128, 8): 1873 ms
Performance at tile_size (t2, t3, t4, t5) = (32, 256, 128, 16): 1765 ms
Performance at tile_size (t2, t3, t4, t5) = (32, 256, 128, 32): 1778 ms
Performance at tile_size (t2, t3, t4, t5) = (32, 256, 128, 64): 1882 ms
Performance at tile_size (t2, t3, t4, t5) = (32, 256, 128, 128): 1795 ms
Performance at tile_size (t2, t3, t4, t5) = (32, 256, 128, 256): 1854 ms
Performance at tile_size (t2, t3, t4, t5) = (32, 256, 256, 1): 1790 ms
Performance at tile_size (t2, t3, t4, t5) = (32, 256, 256, 2): 1907 ms
Performance at tile_size (t2, t3, t4, t5) = (32, 256, 256, 4): 1872 ms
Performance at tile_size (t2, t3, t4, t5) = (32, 256, 256, 8): 1815 ms
Performance at tile_size (t2, t3, t4, t5) = (32, 256, 256, 16): 1823 ms
Performance at tile_size (t2, t3, t4, t5) = (32, 256, 256, 32): 1845 ms
Performance at tile_size (t2, t3, t4, t5) = (32, 256, 256, 64): 1893 ms
Performance at tile_size (t2, t3, t4, t5) = (32, 256, 256, 128): 1892 ms
Performance at tile_size (t2, t3, t4, t5) = (32, 256, 256, 256): 1876 ms
Performance at tile_size (t2, t3, t4, t5) = (64, 1, 1, 1): 1888 ms
Performance at tile_size (t2, t3, t4, t5) = (64, 1, 1, 2): 1791 ms
Performance at tile_size (t2, t3, t4, t5) = (64, 1, 1, 4): 1824 ms
Performance at tile_size (t2, t3, t4, t5) = (64, 1, 1, 8): 1834 ms
Performance at tile_size (t2, t3, t4, t5) = (64, 1, 1, 16): 1909 ms
Performance at tile_size (t2, t3, t4, t5) = (64, 1, 1, 32): 1775 ms
Performance at tile_size (t2, t3, t4, t5) = (64, 1, 1, 64): 1841 ms
Performance at tile_size (t2, t3, t4, t5) = (64, 1, 1, 128): 1779 ms
Performance at tile_size (t2, t3, t4, t5) = (64, 1, 1, 256): 1865 ms
Performance at tile_size (t2, t3, t4, t5) = (64, 1, 2, 1): 1923 ms
Performance at tile_size (t2, t3, t4, t5) = (64, 1, 2, 2): 1874 ms
Performance at tile_size (t2, t3, t4, t5) = (64, 1, 2, 4): 1837 ms
Performance at tile_size (t2, t3, t4, t5) = (64, 1, 2, 8): 1887 ms
Performance at tile_size (t2, t3, t4, t5) = (64, 1, 2, 16): 1818 ms
Performance at tile_size (t2, t3, t4, t5) = (64, 1, 2, 32): 1899 ms
Performance at tile_size (t2, t3, t4, t5) = (64, 1, 2, 64): 1917 ms
Performance at tile_size (t2, t3, t4, t5) = (64, 1, 2, 128): 1890 ms
Performance at tile_size (t2, t3, t4, t5) = (64, 1, 2, 256): 1780 ms
Performance at tile_size (t2, t3, t4, t5) = (64, 1, 4, 1): 1842 ms
Performance at tile_size (t2, t3, t4, t5) = (64, 1, 4, 2): 1780 ms
Performance at tile_size (t2, t3, t4, t5) = (64, 1, 4, 4): 1818 ms
Performance at tile_size (t2, t3, t4, t5) = (64, 1, 4, 8): 1811 ms
Performance at tile_size (t2, t3, t4, t5) = (64, 1, 4, 16): 1869 ms
Performance at tile_size (t2, t3, t4, t5) = (64, 1, 4, 32): 1784 ms
Performance at tile_size (t2, t3, t4, t5) = (64, 1, 4, 64): 1857 ms
Performance at tile_size (t2, t3, t4, t5) = (64, 1, 4, 128): 1851 ms
Performance at tile_size (t2, t3, t4, t5) = (64, 1, 4, 256): 1769 ms
Performance at tile_size (t2, t3, t4, t5) = (64, 1, 8, 1): 1866 ms
Performance at tile_size (t2, t3, t4, t5) = (64, 1, 8, 2): 1792 ms
Performance at tile_size (t2, t3, t4, t5) = (64, 1, 8, 4): 1872 ms
Performance at tile_size (t2, t3, t4, t5) = (64, 1, 8, 8): 1874 ms
Performance at tile_size (t2, t3, t4, t5) = (64, 1, 8, 16): 1849 ms
Performance at tile_size (t2, t3, t4, t5) = (64, 1, 8, 32): 1893 ms
Performance at tile_size (t2, t3, t4, t5) = (64, 1, 8, 64): 1810 ms
Performance at tile_size (t2, t3, t4, t5) = (64, 1, 8, 128): 1769 ms
Performance at tile_size (t2, t3, t4, t5) = (64, 1, 8, 256): 1790 ms
Performance at tile_size (t2, t3, t4, t5) = (64, 1, 16, 1): 1773 ms
Performance at tile_size (t2, t3, t4, t5) = (64, 1, 16, 2): 1888 ms
Performance at tile_size (t2, t3, t4, t5) = (64, 1, 16, 4): 1834 ms
Performance at tile_size (t2, t3, t4, t5) = (64, 1, 16, 8): 1890 ms
Performance at tile_size (t2, t3, t4, t5) = (64, 1, 16, 16): 1825 ms
Performance at tile_size (t2, t3, t4, t5) = (64, 1, 16, 32): 1796 ms
Performance at tile_size (t2, t3, t4, t5) = (64, 1, 16, 64): 1851 ms
Performance at tile_size (t2, t3, t4, t5) = (64, 1, 16, 128): 1768 ms
Performance at tile_size (t2, t3, t4, t5) = (64, 1, 16, 256): 1767 ms
Performance at tile_size (t2, t3, t4, t5) = (64, 1, 32, 1): 1821 ms
Performance at tile_size (t2, t3, t4, t5) = (64, 1, 32, 2): 1797 ms
Performance at tile_size (t2, t3, t4, t5) = (64, 1, 32, 4): 1866 ms
Performance at tile_size (t2, t3, t4, t5) = (64, 1, 32, 8): 1753 ms
Performance at tile_size (t2, t3, t4, t5) = (64, 1, 32, 16): 1885 ms
Performance at tile_size (t2, t3, t4, t5) = (64, 1, 32, 32): 1786 ms
Performance at tile_size (t2, t3, t4, t5) = (64, 1, 32, 64): 1890 ms
Performance at tile_size (t2, t3, t4, t5) = (64, 1, 32, 128): 1879 ms
Performance at tile_size (t2, t3, t4, t5) = (64, 1, 32, 256): 1872 ms
Performance at tile_size (t2, t3, t4, t5) = (64, 1, 64, 1): 1870 ms
Performance at tile_size (t2, t3, t4, t5) = (64, 1, 64, 2): 1781 ms
Performance at tile_size (t2, t3, t4, t5) = (64, 1, 64, 4): 1810 ms
Performance at tile_size (t2, t3, t4, t5) = (64, 1, 64, 8): 1837 ms
Performance at tile_size (t2, t3, t4, t5) = (64, 1, 64, 16): 1757 ms
Performance at tile_size (t2, t3, t4, t5) = (64, 1, 64, 32): 1771 ms
Performance at tile_size (t2, t3, t4, t5) = (64, 1, 64, 64): 1771 ms
Performance at tile_size (t2, t3, t4, t5) = (64, 1, 64, 128): 1773 ms
Performance at tile_size (t2, t3, t4, t5) = (64, 1, 64, 256): 1798 ms
Performance at tile_size (t2, t3, t4, t5) = (64, 1, 128, 1): 1776 ms
Performance at tile_size (t2, t3, t4, t5) = (64, 1, 128, 2): 1894 ms
Performance at tile_size (t2, t3, t4, t5) = (64, 1, 128, 4): 1841 ms
Performance at tile_size (t2, t3, t4, t5) = (64, 1, 128, 8): 1829 ms
Performance at tile_size (t2, t3, t4, t5) = (64, 1, 128, 16): 1804 ms
Performance at tile_size (t2, t3, t4, t5) = (64, 1, 128, 32): 1828 ms
Performance at tile_size (t2, t3, t4, t5) = (64, 1, 128, 64): 1827 ms
Performance at tile_size (t2, t3, t4, t5) = (64, 1, 128, 128): 1870 ms
Performance at tile_size (t2, t3, t4, t5) = (64, 1, 128, 256): 1772 ms
Performance at tile_size (t2, t3, t4, t5) = (64, 1, 256, 1): 1875 ms
Performance at tile_size (t2, t3, t4, t5) = (64, 1, 256, 2): 1863 ms
Performance at tile_size (t2, t3, t4, t5) = (64, 1, 256, 4): 1876 ms
Performance at tile_size (t2, t3, t4, t5) = (64, 1, 256, 8): 1914 ms
Performance at tile_size (t2, t3, t4, t5) = (64, 1, 256, 16): 1753 ms
Performance at tile_size (t2, t3, t4, t5) = (64, 1, 256, 32): 1734 ms
Performance at tile_size (t2, t3, t4, t5) = (64, 1, 256, 64): 1850 ms
Performance at tile_size (t2, t3, t4, t5) = (64, 1, 256, 128): 1868 ms
Performance at tile_size (t2, t3, t4, t5) = (64, 1, 256, 256): 1852 ms
Performance at tile_size (t2, t3, t4, t5) = (64, 2, 1, 1): 1745 ms
Performance at tile_size (t2, t3, t4, t5) = (64, 2, 1, 2): 1797 ms
Performance at tile_size (t2, t3, t4, t5) = (64, 2, 1, 4): 1786 ms
Performance at tile_size (t2, t3, t4, t5) = (64, 2, 1, 8): 1847 ms
Performance at tile_size (t2, t3, t4, t5) = (64, 2, 1, 16): 1873 ms
Performance at tile_size (t2, t3, t4, t5) = (64, 2, 1, 32): 1885 ms
Performance at tile_size (t2, t3, t4, t5) = (64, 2, 1, 64): 1787 ms
Performance at tile_size (t2, t3, t4, t5) = (64, 2, 1, 128): 1882 ms
Performance at tile_size (t2, t3, t4, t5) = (64, 2, 1, 256): 1907 ms
Performance at tile_size (t2, t3, t4, t5) = (64, 2, 2, 1): 1891 ms
Performance at tile_size (t2, t3, t4, t5) = (64, 2, 2, 2): 1826 ms
Performance at tile_size (t2, t3, t4, t5) = (64, 2, 2, 4): 1864 ms
Performance at tile_size (t2, t3, t4, t5) = (64, 2, 2, 8): 1846 ms
Performance at tile_size (t2, t3, t4, t5) = (64, 2, 2, 16): 1928 ms
Performance at tile_size (t2, t3, t4, t5) = (64, 2, 2, 32): 1806 ms
Performance at tile_size (t2, t3, t4, t5) = (64, 2, 2, 64): 1845 ms
Performance at tile_size (t2, t3, t4, t5) = (64, 2, 2, 128): 1870 ms
Performance at tile_size (t2, t3, t4, t5) = (64, 2, 2, 256): 1846 ms
Performance at tile_size (t2, t3, t4, t5) = (64, 2, 4, 1): 1844 ms
Performance at tile_size (t2, t3, t4, t5) = (64, 2, 4, 2): 1754 ms
Performance at tile_size (t2, t3, t4, t5) = (64, 2, 4, 4): 1851 ms
Performance at tile_size (t2, t3, t4, t5) = (64, 2, 4, 8): 1796 ms
Performance at tile_size (t2, t3, t4, t5) = (64, 2, 4, 16): 1872 ms
Performance at tile_size (t2, t3, t4, t5) = (64, 2, 4, 32): 1823 ms
Performance at tile_size (t2, t3, t4, t5) = (64, 2, 4, 64): 1874 ms
Performance at tile_size (t2, t3, t4, t5) = (64, 2, 4, 128): 1884 ms
Performance at tile_size (t2, t3, t4, t5) = (64, 2, 4, 256): 1887 ms
Performance at tile_size (t2, t3, t4, t5) = (64, 2, 8, 1): 1880 ms
Performance at tile_size (t2, t3, t4, t5) = (64, 2, 8, 2): 1793 ms
Performance at tile_size (t2, t3, t4, t5) = (64, 2, 8, 4): 1901 ms
Performance at tile_size (t2, t3, t4, t5) = (64, 2, 8, 8): 1788 ms
Performance at tile_size (t2, t3, t4, t5) = (64, 2, 8, 16): 1828 ms
Performance at tile_size (t2, t3, t4, t5) = (64, 2, 8, 32): 1777 ms
Performance at tile_size (t2, t3, t4, t5) = (64, 2, 8, 64): 1850 ms
Performance at tile_size (t2, t3, t4, t5) = (64, 2, 8, 128): 1821 ms
Performance at tile_size (t2, t3, t4, t5) = (64, 2, 8, 256): 1776 ms
Performance at tile_size (t2, t3, t4, t5) = (64, 2, 16, 1): 1902 ms
Performance at tile_size (t2, t3, t4, t5) = (64, 2, 16, 2): 1747 ms
Performance at tile_size (t2, t3, t4, t5) = (64, 2, 16, 4): 1776 ms
Performance at tile_size (t2, t3, t4, t5) = (64, 2, 16, 8): 1814 ms
Performance at tile_size (t2, t3, t4, t5) = (64, 2, 16, 16): 1894 ms
Performance at tile_size (t2, t3, t4, t5) = (64, 2, 16, 32): 1802 ms
Performance at tile_size (t2, t3, t4, t5) = (64, 2, 16, 64): 1801 ms
Performance at tile_size (t2, t3, t4, t5) = (64, 2, 16, 128): 1771 ms
Performance at tile_size (t2, t3, t4, t5) = (64, 2, 16, 256): 1923 ms
Performance at tile_size (t2, t3, t4, t5) = (64, 2, 32, 1): 1803 ms
Performance at tile_size (t2, t3, t4, t5) = (64, 2, 32, 2): 1830 ms
Performance at tile_size (t2, t3, t4, t5) = (64, 2, 32, 4): 1793 ms
Performance at tile_size (t2, t3, t4, t5) = (64, 2, 32, 8): 1731 ms
Performance at tile_size (t2, t3, t4, t5) = (64, 2, 32, 16): 1839 ms
Performance at tile_size (t2, t3, t4, t5) = (64, 2, 32, 32): 1792 ms
Performance at tile_size (t2, t3, t4, t5) = (64, 2, 32, 64): 1879 ms
Performance at tile_size (t2, t3, t4, t5) = (64, 2, 32, 128): 1919 ms
Performance at tile_size (t2, t3, t4, t5) = (64, 2, 32, 256): 1853 ms
Performance at tile_size (t2, t3, t4, t5) = (64, 2, 64, 1): 1804 ms
Performance at tile_size (t2, t3, t4, t5) = (64, 2, 64, 2): 1803 ms
Performance at tile_size (t2, t3, t4, t5) = (64, 2, 64, 4): 1775 ms
Performance at tile_size (t2, t3, t4, t5) = (64, 2, 64, 8): 1784 ms
Performance at tile_size (t2, t3, t4, t5) = (64, 2, 64, 16): 1841 ms
Performance at tile_size (t2, t3, t4, t5) = (64, 2, 64, 32): 1811 ms
Performance at tile_size (t2, t3, t4, t5) = (64, 2, 64, 64): 1871 ms
Performance at tile_size (t2, t3, t4, t5) = (64, 2, 64, 128): 1781 ms
Performance at tile_size (t2, t3, t4, t5) = (64, 2, 64, 256): 1903 ms
Performance at tile_size (t2, t3, t4, t5) = (64, 2, 128, 1): 1875 ms
Performance at tile_size (t2, t3, t4, t5) = (64, 2, 128, 2): 1789 ms
Performance at tile_size (t2, t3, t4, t5) = (64, 2, 128, 4): 1879 ms
Performance at tile_size (t2, t3, t4, t5) = (64, 2, 128, 8): 1798 ms
Performance at tile_size (t2, t3, t4, t5) = (64, 2, 128, 16): 1802 ms
Performance at tile_size (t2, t3, t4, t5) = (64, 2, 128, 32): 1811 ms
Performance at tile_size (t2, t3, t4, t5) = (64, 2, 128, 64): 1820 ms
Performance at tile_size (t2, t3, t4, t5) = (64, 2, 128, 128): 1848 ms
Performance at tile_size (t2, t3, t4, t5) = (64, 2, 128, 256): 1844 ms
Performance at tile_size (t2, t3, t4, t5) = (64, 2, 256, 1): 1848 ms
Performance at tile_size (t2, t3, t4, t5) = (64, 2, 256, 2): 1810 ms
Performance at tile_size (t2, t3, t4, t5) = (64, 2, 256, 4): 1732 ms
Performance at tile_size (t2, t3, t4, t5) = (64, 2, 256, 8): 1815 ms
Performance at tile_size (t2, t3, t4, t5) = (64, 2, 256, 16): 1765 ms
Performance at tile_size (t2, t3, t4, t5) = (64, 2, 256, 32): 1865 ms
Performance at tile_size (t2, t3, t4, t5) = (64, 2, 256, 64): 1870 ms
Performance at tile_size (t2, t3, t4, t5) = (64, 2, 256, 128): 1804 ms
Performance at tile_size (t2, t3, t4, t5) = (64, 2, 256, 256): 1810 ms
Performance at tile_size (t2, t3, t4, t5) = (64, 4, 1, 1): 1847 ms
Performance at tile_size (t2, t3, t4, t5) = (64, 4, 1, 2): 1903 ms
Performance at tile_size (t2, t3, t4, t5) = (64, 4, 1, 4): 1757 ms
Performance at tile_size (t2, t3, t4, t5) = (64, 4, 1, 8): 1790 ms
Performance at tile_size (t2, t3, t4, t5) = (64, 4, 1, 16): 1750 ms
Performance at tile_size (t2, t3, t4, t5) = (64, 4, 1, 32): 1808 ms
Performance at tile_size (t2, t3, t4, t5) = (64, 4, 1, 64): 1839 ms
Performance at tile_size (t2, t3, t4, t5) = (64, 4, 1, 128): 1742 ms
Performance at tile_size (t2, t3, t4, t5) = (64, 4, 1, 256): 1856 ms
Performance at tile_size (t2, t3, t4, t5) = (64, 4, 2, 1): 1839 ms
Performance at tile_size (t2, t3, t4, t5) = (64, 4, 2, 2): 1785 ms
Performance at tile_size (t2, t3, t4, t5) = (64, 4, 2, 4): 1842 ms
Performance at tile_size (t2, t3, t4, t5) = (64, 4, 2, 8): 1841 ms
Performance at tile_size (t2, t3, t4, t5) = (64, 4, 2, 16): 1798 ms
Performance at tile_size (t2, t3, t4, t5) = (64, 4, 2, 32): 1808 ms
Performance at tile_size (t2, t3, t4, t5) = (64, 4, 2, 64): 1839 ms
Performance at tile_size (t2, t3, t4, t5) = (64, 4, 2, 128): 1864 ms
Performance at tile_size (t2, t3, t4, t5) = (64, 4, 2, 256): 1781 ms
Performance at tile_size (t2, t3, t4, t5) = (64, 4, 4, 1): 1869 ms
Performance at tile_size (t2, t3, t4, t5) = (64, 4, 4, 2): 1794 ms
Performance at tile_size (t2, t3, t4, t5) = (64, 4, 4, 4): 1881 ms
Performance at tile_size (t2, t3, t4, t5) = (64, 4, 4, 8): 1796 ms
Performance at tile_size (t2, t3, t4, t5) = (64, 4, 4, 16): 1787 ms
Performance at tile_size (t2, t3, t4, t5) = (64, 4, 4, 32): 1846 ms
Performance at tile_size (t2, t3, t4, t5) = (64, 4, 4, 64): 1845 ms
Performance at tile_size (t2, t3, t4, t5) = (64, 4, 4, 128): 1809 ms
Performance at tile_size (t2, t3, t4, t5) = (64, 4, 4, 256): 1752 ms
Performance at tile_size (t2, t3, t4, t5) = (64, 4, 8, 1): 1881 ms
Performance at tile_size (t2, t3, t4, t5) = (64, 4, 8, 2): 1868 ms
Performance at tile_size (t2, t3, t4, t5) = (64, 4, 8, 4): 1780 ms
Performance at tile_size (t2, t3, t4, t5) = (64, 4, 8, 8): 1847 ms
Performance at tile_size (t2, t3, t4, t5) = (64, 4, 8, 16): 1792 ms
Performance at tile_size (t2, t3, t4, t5) = (64, 4, 8, 32): 1881 ms
Performance at tile_size (t2, t3, t4, t5) = (64, 4, 8, 64): 1806 ms
Performance at tile_size (t2, t3, t4, t5) = (64, 4, 8, 128): 1782 ms
Performance at tile_size (t2, t3, t4, t5) = (64, 4, 8, 256): 1871 ms
Performance at tile_size (t2, t3, t4, t5) = (64, 4, 16, 1): 1834 ms
Performance at tile_size (t2, t3, t4, t5) = (64, 4, 16, 2): 1838 ms
Performance at tile_size (t2, t3, t4, t5) = (64, 4, 16, 4): 1869 ms
Performance at tile_size (t2, t3, t4, t5) = (64, 4, 16, 8): 1875 ms
Performance at tile_size (t2, t3, t4, t5) = (64, 4, 16, 16): 1806 ms
Performance at tile_size (t2, t3, t4, t5) = (64, 4, 16, 32): 1777 ms
Performance at tile_size (t2, t3, t4, t5) = (64, 4, 16, 64): 1863 ms
Performance at tile_size (t2, t3, t4, t5) = (64, 4, 16, 128): 1809 ms
Performance at tile_size (t2, t3, t4, t5) = (64, 4, 16, 256): 1775 ms
Performance at tile_size (t2, t3, t4, t5) = (64, 4, 32, 1): 1866 ms
Performance at tile_size (t2, t3, t4, t5) = (64, 4, 32, 2): 1838 ms
Performance at tile_size (t2, t3, t4, t5) = (64, 4, 32, 4): 1856 ms
Performance at tile_size (t2, t3, t4, t5) = (64, 4, 32, 8): 1891 ms
Performance at tile_size (t2, t3, t4, t5) = (64, 4, 32, 16): 1880 ms
Performance at tile_size (t2, t3, t4, t5) = (64, 4, 32, 32): 1781 ms
Performance at tile_size (t2, t3, t4, t5) = (64, 4, 32, 64): 1838 ms
Performance at tile_size (t2, t3, t4, t5) = (64, 4, 32, 128): 1780 ms
Performance at tile_size (t2, t3, t4, t5) = (64, 4, 32, 256): 1855 ms
Performance at tile_size (t2, t3, t4, t5) = (64, 4, 64, 1): 1849 ms
Performance at tile_size (t2, t3, t4, t5) = (64, 4, 64, 2): 1798 ms
Performance at tile_size (t2, t3, t4, t5) = (64, 4, 64, 4): 1754 ms
Performance at tile_size (t2, t3, t4, t5) = (64, 4, 64, 8): 1877 ms
Performance at tile_size (t2, t3, t4, t5) = (64, 4, 64, 16): 1905 ms
Performance at tile_size (t2, t3, t4, t5) = (64, 4, 64, 32): 1767 ms
Performance at tile_size (t2, t3, t4, t5) = (64, 4, 64, 64): 1756 ms
Performance at tile_size (t2, t3, t4, t5) = (64, 4, 64, 128): 1762 ms
Performance at tile_size (t2, t3, t4, t5) = (64, 4, 64, 256): 1862 ms
Performance at tile_size (t2, t3, t4, t5) = (64, 4, 128, 1): 1877 ms
Performance at tile_size (t2, t3, t4, t5) = (64, 4, 128, 2): 1745 ms
Performance at tile_size (t2, t3, t4, t5) = (64, 4, 128, 4): 1739 ms
Performance at tile_size (t2, t3, t4, t5) = (64, 4, 128, 8): 1836 ms
Performance at tile_size (t2, t3, t4, t5) = (64, 4, 128, 16): 1831 ms
Performance at tile_size (t2, t3, t4, t5) = (64, 4, 128, 32): 1817 ms
Performance at tile_size (t2, t3, t4, t5) = (64, 4, 128, 64): 1847 ms
Performance at tile_size (t2, t3, t4, t5) = (64, 4, 128, 128): 1860 ms
Performance at tile_size (t2, t3, t4, t5) = (64, 4, 128, 256): 1865 ms
Performance at tile_size (t2, t3, t4, t5) = (64, 4, 256, 1): 1798 ms
Performance at tile_size (t2, t3, t4, t5) = (64, 4, 256, 2): 1783 ms
Performance at tile_size (t2, t3, t4, t5) = (64, 4, 256, 4): 1848 ms
Performance at tile_size (t2, t3, t4, t5) = (64, 4, 256, 8): 1839 ms
Performance at tile_size (t2, t3, t4, t5) = (64, 4, 256, 16): 1837 ms
Performance at tile_size (t2, t3, t4, t5) = (64, 4, 256, 32): 1783 ms
Performance at tile_size (t2, t3, t4, t5) = (64, 4, 256, 64): 1857 ms
Performance at tile_size (t2, t3, t4, t5) = (64, 4, 256, 128): 1856 ms
Performance at tile_size (t2, t3, t4, t5) = (64, 4, 256, 256): 1913 ms
Performance at tile_size (t2, t3, t4, t5) = (64, 8, 1, 1): 1746 ms
Performance at tile_size (t2, t3, t4, t5) = (64, 8, 1, 2): 1815 ms
Performance at tile_size (t2, t3, t4, t5) = (64, 8, 1, 4): 1869 ms
Performance at tile_size (t2, t3, t4, t5) = (64, 8, 1, 8): 1805 ms
Performance at tile_size (t2, t3, t4, t5) = (64, 8, 1, 16): 1828 ms
Performance at tile_size (t2, t3, t4, t5) = (64, 8, 1, 32): 1775 ms
Performance at tile_size (t2, t3, t4, t5) = (64, 8, 1, 64): 1868 ms
Performance at tile_size (t2, t3, t4, t5) = (64, 8, 1, 128): 1972 ms
Performance at tile_size (t2, t3, t4, t5) = (64, 8, 1, 256): 1836 ms
Performance at tile_size (t2, t3, t4, t5) = (64, 8, 2, 1): 1810 ms
Performance at tile_size (t2, t3, t4, t5) = (64, 8, 2, 2): 1829 ms
Performance at tile_size (t2, t3, t4, t5) = (64, 8, 2, 4): 1763 ms
Performance at tile_size (t2, t3, t4, t5) = (64, 8, 2, 8): 1830 ms
Performance at tile_size (t2, t3, t4, t5) = (64, 8, 2, 16): 1873 ms
Performance at tile_size (t2, t3, t4, t5) = (64, 8, 2, 32): 1777 ms
Performance at tile_size (t2, t3, t4, t5) = (64, 8, 2, 64): 1786 ms
Performance at tile_size (t2, t3, t4, t5) = (64, 8, 2, 128): 1836 ms
Performance at tile_size (t2, t3, t4, t5) = (64, 8, 2, 256): 1902 ms
Performance at tile_size (t2, t3, t4, t5) = (64, 8, 4, 1): 1772 ms
Performance at tile_size (t2, t3, t4, t5) = (64, 8, 4, 2): 1826 ms
Performance at tile_size (t2, t3, t4, t5) = (64, 8, 4, 4): 1809 ms
Performance at tile_size (t2, t3, t4, t5) = (64, 8, 4, 8): 1881 ms
Performance at tile_size (t2, t3, t4, t5) = (64, 8, 4, 16): 1819 ms
Performance at tile_size (t2, t3, t4, t5) = (64, 8, 4, 32): 1899 ms
Performance at tile_size (t2, t3, t4, t5) = (64, 8, 4, 64): 1745 ms
Performance at tile_size (t2, t3, t4, t5) = (64, 8, 4, 128): 1784 ms
Performance at tile_size (t2, t3, t4, t5) = (64, 8, 4, 256): 1800 ms
Performance at tile_size (t2, t3, t4, t5) = (64, 8, 8, 1): 1779 ms
Performance at tile_size (t2, t3, t4, t5) = (64, 8, 8, 2): 1942 ms
Performance at tile_size (t2, t3, t4, t5) = (64, 8, 8, 4): 1884 ms
Performance at tile_size (t2, t3, t4, t5) = (64, 8, 8, 8): 1818 ms
Performance at tile_size (t2, t3, t4, t5) = (64, 8, 8, 16): 1912 ms
Performance at tile_size (t2, t3, t4, t5) = (64, 8, 8, 32): 1805 ms
Performance at tile_size (t2, t3, t4, t5) = (64, 8, 8, 64): 1850 ms
Performance at tile_size (t2, t3, t4, t5) = (64, 8, 8, 128): 1776 ms
Performance at tile_size (t2, t3, t4, t5) = (64, 8, 8, 256): 1775 ms
Performance at tile_size (t2, t3, t4, t5) = (64, 8, 16, 1): 1730 ms
Performance at tile_size (t2, t3, t4, t5) = (64, 8, 16, 2): 1811 ms
Performance at tile_size (t2, t3, t4, t5) = (64, 8, 16, 4): 1847 ms
Performance at tile_size (t2, t3, t4, t5) = (64, 8, 16, 8): 1847 ms
Performance at tile_size (t2, t3, t4, t5) = (64, 8, 16, 16): 1799 ms
Performance at tile_size (t2, t3, t4, t5) = (64, 8, 16, 32): 1872 ms
Performance at tile_size (t2, t3, t4, t5) = (64, 8, 16, 64): 1775 ms
Performance at tile_size (t2, t3, t4, t5) = (64, 8, 16, 128): 1836 ms
Performance at tile_size (t2, t3, t4, t5) = (64, 8, 16, 256): 1804 ms
Performance at tile_size (t2, t3, t4, t5) = (64, 8, 32, 1): 1822 ms
Performance at tile_size (t2, t3, t4, t5) = (64, 8, 32, 2): 1772 ms
Performance at tile_size (t2, t3, t4, t5) = (64, 8, 32, 4): 1854 ms
Performance at tile_size (t2, t3, t4, t5) = (64, 8, 32, 8): 1847 ms
Performance at tile_size (t2, t3, t4, t5) = (64, 8, 32, 16): 1774 ms
Performance at tile_size (t2, t3, t4, t5) = (64, 8, 32, 32): 1816 ms
Performance at tile_size (t2, t3, t4, t5) = (64, 8, 32, 64): 1856 ms
Performance at tile_size (t2, t3, t4, t5) = (64, 8, 32, 128): 1842 ms
Performance at tile_size (t2, t3, t4, t5) = (64, 8, 32, 256): 1782 ms
Performance at tile_size (t2, t3, t4, t5) = (64, 8, 64, 1): 1789 ms
Performance at tile_size (t2, t3, t4, t5) = (64, 8, 64, 2): 1864 ms
Performance at tile_size (t2, t3, t4, t5) = (64, 8, 64, 4): 1803 ms
Performance at tile_size (t2, t3, t4, t5) = (64, 8, 64, 8): 1846 ms
Performance at tile_size (t2, t3, t4, t5) = (64, 8, 64, 16): 1796 ms
Performance at tile_size (t2, t3, t4, t5) = (64, 8, 64, 32): 1839 ms
Performance at tile_size (t2, t3, t4, t5) = (64, 8, 64, 64): 1895 ms
Performance at tile_size (t2, t3, t4, t5) = (64, 8, 64, 128): 1780 ms
Performance at tile_size (t2, t3, t4, t5) = (64, 8, 64, 256): 1877 ms
Performance at tile_size (t2, t3, t4, t5) = (64, 8, 128, 1): 1873 ms
Performance at tile_size (t2, t3, t4, t5) = (64, 8, 128, 2): 1892 ms
Performance at tile_size (t2, t3, t4, t5) = (64, 8, 128, 4): 1788 ms
Performance at tile_size (t2, t3, t4, t5) = (64, 8, 128, 8): 1793 ms
Performance at tile_size (t2, t3, t4, t5) = (64, 8, 128, 16): 1778 ms
Performance at tile_size (t2, t3, t4, t5) = (64, 8, 128, 32): 1776 ms
Performance at tile_size (t2, t3, t4, t5) = (64, 8, 128, 64): 1778 ms
Performance at tile_size (t2, t3, t4, t5) = (64, 8, 128, 128): 1858 ms
Performance at tile_size (t2, t3, t4, t5) = (64, 8, 128, 256): 1906 ms
Performance at tile_size (t2, t3, t4, t5) = (64, 8, 256, 1): 1829 ms
Performance at tile_size (t2, t3, t4, t5) = (64, 8, 256, 2): 1764 ms
Performance at tile_size (t2, t3, t4, t5) = (64, 8, 256, 4): 1807 ms
Performance at tile_size (t2, t3, t4, t5) = (64, 8, 256, 8): 1785 ms
Performance at tile_size (t2, t3, t4, t5) = (64, 8, 256, 16): 1837 ms
Performance at tile_size (t2, t3, t4, t5) = (64, 8, 256, 32): 1820 ms
Performance at tile_size (t2, t3, t4, t5) = (64, 8, 256, 64): 1827 ms
Performance at tile_size (t2, t3, t4, t5) = (64, 8, 256, 128): 1846 ms
Performance at tile_size (t2, t3, t4, t5) = (64, 8, 256, 256): 1847 ms
Performance at tile_size (t2, t3, t4, t5) = (64, 16, 1, 1): 1844 ms
Performance at tile_size (t2, t3, t4, t5) = (64, 16, 1, 2): 1855 ms
Performance at tile_size (t2, t3, t4, t5) = (64, 16, 1, 4): 1822 ms
Performance at tile_size (t2, t3, t4, t5) = (64, 16, 1, 8): 1854 ms
Performance at tile_size (t2, t3, t4, t5) = (64, 16, 1, 16): 1803 ms
Performance at tile_size (t2, t3, t4, t5) = (64, 16, 1, 32): 1867 ms
Performance at tile_size (t2, t3, t4, t5) = (64, 16, 1, 64): 1756 ms
Performance at tile_size (t2, t3, t4, t5) = (64, 16, 1, 128): 1888 ms
Performance at tile_size (t2, t3, t4, t5) = (64, 16, 1, 256): 1822 ms
Performance at tile_size (t2, t3, t4, t5) = (64, 16, 2, 1): 1864 ms
Performance at tile_size (t2, t3, t4, t5) = (64, 16, 2, 2): 1803 ms
Performance at tile_size (t2, t3, t4, t5) = (64, 16, 2, 4): 1788 ms
Performance at tile_size (t2, t3, t4, t5) = (64, 16, 2, 8): 1797 ms
Performance at tile_size (t2, t3, t4, t5) = (64, 16, 2, 16): 1778 ms
Performance at tile_size (t2, t3, t4, t5) = (64, 16, 2, 32): 1817 ms
Performance at tile_size (t2, t3, t4, t5) = (64, 16, 2, 64): 1826 ms
Performance at tile_size (t2, t3, t4, t5) = (64, 16, 2, 128): 1852 ms
Performance at tile_size (t2, t3, t4, t5) = (64, 16, 2, 256): 1825 ms
Performance at tile_size (t2, t3, t4, t5) = (64, 16, 4, 1): 1884 ms
Performance at tile_size (t2, t3, t4, t5) = (64, 16, 4, 2): 1814 ms
Performance at tile_size (t2, t3, t4, t5) = (64, 16, 4, 4): 1753 ms
Performance at tile_size (t2, t3, t4, t5) = (64, 16, 4, 8): 1788 ms
Performance at tile_size (t2, t3, t4, t5) = (64, 16, 4, 16): 1739 ms
Performance at tile_size (t2, t3, t4, t5) = (64, 16, 4, 32): 1801 ms
Performance at tile_size (t2, t3, t4, t5) = (64, 16, 4, 64): 1839 ms
Performance at tile_size (t2, t3, t4, t5) = (64, 16, 4, 128): 1860 ms
Performance at tile_size (t2, t3, t4, t5) = (64, 16, 4, 256): 1769 ms
Performance at tile_size (t2, t3, t4, t5) = (64, 16, 8, 1): 1844 ms
Performance at tile_size (t2, t3, t4, t5) = (64, 16, 8, 2): 1804 ms
Performance at tile_size (t2, t3, t4, t5) = (64, 16, 8, 4): 1854 ms
Performance at tile_size (t2, t3, t4, t5) = (64, 16, 8, 8): 1811 ms
Performance at tile_size (t2, t3, t4, t5) = (64, 16, 8, 16): 1896 ms
Performance at tile_size (t2, t3, t4, t5) = (64, 16, 8, 32): 1825 ms
Performance at tile_size (t2, t3, t4, t5) = (64, 16, 8, 64): 1889 ms
Performance at tile_size (t2, t3, t4, t5) = (64, 16, 8, 128): 1829 ms
Performance at tile_size (t2, t3, t4, t5) = (64, 16, 8, 256): 1792 ms
Performance at tile_size (t2, t3, t4, t5) = (64, 16, 16, 1): 1770 ms
Performance at tile_size (t2, t3, t4, t5) = (64, 16, 16, 2): 1860 ms
Performance at tile_size (t2, t3, t4, t5) = (64, 16, 16, 4): 1824 ms
Performance at tile_size (t2, t3, t4, t5) = (64, 16, 16, 8): 1854 ms
Performance at tile_size (t2, t3, t4, t5) = (64, 16, 16, 16): 1759 ms
Performance at tile_size (t2, t3, t4, t5) = (64, 16, 16, 32): 1870 ms
Performance at tile_size (t2, t3, t4, t5) = (64, 16, 16, 64): 1803 ms
Performance at tile_size (t2, t3, t4, t5) = (64, 16, 16, 128): 1797 ms
Performance at tile_size (t2, t3, t4, t5) = (64, 16, 16, 256): 1876 ms
Performance at tile_size (t2, t3, t4, t5) = (64, 16, 32, 1): 1753 ms
Performance at tile_size (t2, t3, t4, t5) = (64, 16, 32, 2): 1923 ms
Performance at tile_size (t2, t3, t4, t5) = (64, 16, 32, 4): 1770 ms
Performance at tile_size (t2, t3, t4, t5) = (64, 16, 32, 8): 1832 ms
Performance at tile_size (t2, t3, t4, t5) = (64, 16, 32, 16): 1876 ms
Performance at tile_size (t2, t3, t4, t5) = (64, 16, 32, 32): 1845 ms
Performance at tile_size (t2, t3, t4, t5) = (64, 16, 32, 64): 1778 ms
Performance at tile_size (t2, t3, t4, t5) = (64, 16, 32, 128): 1863 ms
Performance at tile_size (t2, t3, t4, t5) = (64, 16, 32, 256): 1805 ms
Performance at tile_size (t2, t3, t4, t5) = (64, 16, 64, 1): 1805 ms
Performance at tile_size (t2, t3, t4, t5) = (64, 16, 64, 2): 1870 ms
Performance at tile_size (t2, t3, t4, t5) = (64, 16, 64, 4): 1808 ms
Performance at tile_size (t2, t3, t4, t5) = (64, 16, 64, 8): 1781 ms
Performance at tile_size (t2, t3, t4, t5) = (64, 16, 64, 16): 1809 ms
Performance at tile_size (t2, t3, t4, t5) = (64, 16, 64, 32): 1898 ms
Performance at tile_size (t2, t3, t4, t5) = (64, 16, 64, 64): 1852 ms
Performance at tile_size (t2, t3, t4, t5) = (64, 16, 64, 128): 1867 ms
Performance at tile_size (t2, t3, t4, t5) = (64, 16, 64, 256): 1853 ms
Performance at tile_size (t2, t3, t4, t5) = (64, 16, 128, 1): 1854 ms
Performance at tile_size (t2, t3, t4, t5) = (64, 16, 128, 2): 1830 ms
Performance at tile_size (t2, t3, t4, t5) = (64, 16, 128, 4): 1839 ms
Performance at tile_size (t2, t3, t4, t5) = (64, 16, 128, 8): 1798 ms
Performance at tile_size (t2, t3, t4, t5) = (64, 16, 128, 16): 1900 ms
Performance at tile_size (t2, t3, t4, t5) = (64, 16, 128, 32): 1855 ms
Performance at tile_size (t2, t3, t4, t5) = (64, 16, 128, 64): 1899 ms
Performance at tile_size (t2, t3, t4, t5) = (64, 16, 128, 128): 1790 ms
Performance at tile_size (t2, t3, t4, t5) = (64, 16, 128, 256): 1769 ms
Performance at tile_size (t2, t3, t4, t5) = (64, 16, 256, 1): 1806 ms
Performance at tile_size (t2, t3, t4, t5) = (64, 16, 256, 2): 1813 ms
Performance at tile_size (t2, t3, t4, t5) = (64, 16, 256, 4): 1878 ms
Performance at tile_size (t2, t3, t4, t5) = (64, 16, 256, 8): 1787 ms
Performance at tile_size (t2, t3, t4, t5) = (64, 16, 256, 16): 1856 ms
Performance at tile_size (t2, t3, t4, t5) = (64, 16, 256, 32): 1874 ms
Performance at tile_size (t2, t3, t4, t5) = (64, 16, 256, 64): 1697 ms
Performance at tile_size (t2, t3, t4, t5) = (64, 16, 256, 128): 1771 ms
Performance at tile_size (t2, t3, t4, t5) = (64, 16, 256, 256): 1867 ms
Performance at tile_size (t2, t3, t4, t5) = (64, 32, 1, 1): 1761 ms
Performance at tile_size (t2, t3, t4, t5) = (64, 32, 1, 2): 1792 ms
Performance at tile_size (t2, t3, t4, t5) = (64, 32, 1, 4): 1883 ms
Performance at tile_size (t2, t3, t4, t5) = (64, 32, 1, 8): 1806 ms
Performance at tile_size (t2, t3, t4, t5) = (64, 32, 1, 16): 1834 ms
Performance at tile_size (t2, t3, t4, t5) = (64, 32, 1, 32): 1883 ms
Performance at tile_size (t2, t3, t4, t5) = (64, 32, 1, 64): 1907 ms
Performance at tile_size (t2, t3, t4, t5) = (64, 32, 1, 128): 1878 ms
Performance at tile_size (t2, t3, t4, t5) = (64, 32, 1, 256): 1832 ms
Performance at tile_size (t2, t3, t4, t5) = (64, 32, 2, 1): 1804 ms
Performance at tile_size (t2, t3, t4, t5) = (64, 32, 2, 2): 1856 ms
Performance at tile_size (t2, t3, t4, t5) = (64, 32, 2, 4): 1877 ms
Performance at tile_size (t2, t3, t4, t5) = (64, 32, 2, 8): 1745 ms
Performance at tile_size (t2, t3, t4, t5) = (64, 32, 2, 16): 1777 ms
Performance at tile_size (t2, t3, t4, t5) = (64, 32, 2, 32): 1775 ms
Performance at tile_size (t2, t3, t4, t5) = (64, 32, 2, 64): 1789 ms
Performance at tile_size (t2, t3, t4, t5) = (64, 32, 2, 128): 1781 ms
Performance at tile_size (t2, t3, t4, t5) = (64, 32, 2, 256): 1761 ms
Performance at tile_size (t2, t3, t4, t5) = (64, 32, 4, 1): 1702 ms
Performance at tile_size (t2, t3, t4, t5) = (64, 32, 4, 2): 1786 ms
Performance at tile_size (t2, t3, t4, t5) = (64, 32, 4, 4): 1809 ms
Performance at tile_size (t2, t3, t4, t5) = (64, 32, 4, 8): 1868 ms
Performance at tile_size (t2, t3, t4, t5) = (64, 32, 4, 16): 1842 ms
Performance at tile_size (t2, t3, t4, t5) = (64, 32, 4, 32): 1717 ms
Performance at tile_size (t2, t3, t4, t5) = (64, 32, 4, 64): 1809 ms
Performance at tile_size (t2, t3, t4, t5) = (64, 32, 4, 128): 1911 ms
Performance at tile_size (t2, t3, t4, t5) = (64, 32, 4, 256): 1795 ms
Performance at tile_size (t2, t3, t4, t5) = (64, 32, 8, 1): 1850 ms
Performance at tile_size (t2, t3, t4, t5) = (64, 32, 8, 2): 1848 ms
Performance at tile_size (t2, t3, t4, t5) = (64, 32, 8, 4): 1768 ms
Performance at tile_size (t2, t3, t4, t5) = (64, 32, 8, 8): 1832 ms
Performance at tile_size (t2, t3, t4, t5) = (64, 32, 8, 16): 1876 ms
Performance at tile_size (t2, t3, t4, t5) = (64, 32, 8, 32): 1802 ms
Performance at tile_size (t2, t3, t4, t5) = (64, 32, 8, 64): 1817 ms
Performance at tile_size (t2, t3, t4, t5) = (64, 32, 8, 128): 1898 ms
Performance at tile_size (t2, t3, t4, t5) = (64, 32, 8, 256): 1896 ms
Performance at tile_size (t2, t3, t4, t5) = (64, 32, 16, 1): 1833 ms
Performance at tile_size (t2, t3, t4, t5) = (64, 32, 16, 2): 1763 ms
Performance at tile_size (t2, t3, t4, t5) = (64, 32, 16, 4): 1735 ms
Performance at tile_size (t2, t3, t4, t5) = (64, 32, 16, 8): 1773 ms
Performance at tile_size (t2, t3, t4, t5) = (64, 32, 16, 16): 1865 ms
Performance at tile_size (t2, t3, t4, t5) = (64, 32, 16, 32): 1897 ms
Performance at tile_size (t2, t3, t4, t5) = (64, 32, 16, 64): 1910 ms
Performance at tile_size (t2, t3, t4, t5) = (64, 32, 16, 128): 1881 ms
Performance at tile_size (t2, t3, t4, t5) = (64, 32, 16, 256): 1854 ms
Performance at tile_size (t2, t3, t4, t5) = (64, 32, 32, 1): 1786 ms
Performance at tile_size (t2, t3, t4, t5) = (64, 32, 32, 2): 1852 ms
Performance at tile_size (t2, t3, t4, t5) = (64, 32, 32, 4): 1785 ms
Performance at tile_size (t2, t3, t4, t5) = (64, 32, 32, 8): 1786 ms
Performance at tile_size (t2, t3, t4, t5) = (64, 32, 32, 16): 1855 ms
Performance at tile_size (t2, t3, t4, t5) = (64, 32, 32, 32): 1856 ms
Performance at tile_size (t2, t3, t4, t5) = (64, 32, 32, 64): 1744 ms
Performance at tile_size (t2, t3, t4, t5) = (64, 32, 32, 128): 1800 ms
Performance at tile_size (t2, t3, t4, t5) = (64, 32, 32, 256): 1889 ms
Performance at tile_size (t2, t3, t4, t5) = (64, 32, 64, 1): 1773 ms
Performance at tile_size (t2, t3, t4, t5) = (64, 32, 64, 2): 1856 ms
Performance at tile_size (t2, t3, t4, t5) = (64, 32, 64, 4): 1934 ms
Performance at tile_size (t2, t3, t4, t5) = (64, 32, 64, 8): 1770 ms
Performance at tile_size (t2, t3, t4, t5) = (64, 32, 64, 16): 1764 ms
Performance at tile_size (t2, t3, t4, t5) = (64, 32, 64, 32): 1888 ms
Performance at tile_size (t2, t3, t4, t5) = (64, 32, 64, 64): 1854 ms
Performance at tile_size (t2, t3, t4, t5) = (64, 32, 64, 128): 1808 ms
Performance at tile_size (t2, t3, t4, t5) = (64, 32, 64, 256): 1870 ms
Performance at tile_size (t2, t3, t4, t5) = (64, 32, 128, 1): 1795 ms
Performance at tile_size (t2, t3, t4, t5) = (64, 32, 128, 2): 1890 ms
Performance at tile_size (t2, t3, t4, t5) = (64, 32, 128, 4): 1881 ms
Performance at tile_size (t2, t3, t4, t5) = (64, 32, 128, 8): 1865 ms
Performance at tile_size (t2, t3, t4, t5) = (64, 32, 128, 16): 1903 ms
Performance at tile_size (t2, t3, t4, t5) = (64, 32, 128, 32): 1827 ms
Performance at tile_size (t2, t3, t4, t5) = (64, 32, 128, 64): 1797 ms
Performance at tile_size (t2, t3, t4, t5) = (64, 32, 128, 128): 1769 ms
Performance at tile_size (t2, t3, t4, t5) = (64, 32, 128, 256): 1762 ms
Performance at tile_size (t2, t3, t4, t5) = (64, 32, 256, 1): 1860 ms
Performance at tile_size (t2, t3, t4, t5) = (64, 32, 256, 2): 1845 ms
Performance at tile_size (t2, t3, t4, t5) = (64, 32, 256, 4): 1825 ms
Performance at tile_size (t2, t3, t4, t5) = (64, 32, 256, 8): 1848 ms
Performance at tile_size (t2, t3, t4, t5) = (64, 32, 256, 16): 1771 ms
Performance at tile_size (t2, t3, t4, t5) = (64, 32, 256, 32): 1885 ms
Performance at tile_size (t2, t3, t4, t5) = (64, 32, 256, 64): 1936 ms
Performance at tile_size (t2, t3, t4, t5) = (64, 32, 256, 128): 1788 ms
Performance at tile_size (t2, t3, t4, t5) = (64, 32, 256, 256): 1800 ms
Performance at tile_size (t2, t3, t4, t5) = (64, 64, 1, 1): 1875 ms
Performance at tile_size (t2, t3, t4, t5) = (64, 64, 1, 2): 1861 ms
Performance at tile_size (t2, t3, t4, t5) = (64, 64, 1, 4): 1831 ms
Performance at tile_size (t2, t3, t4, t5) = (64, 64, 1, 8): 1927 ms
Performance at tile_size (t2, t3, t4, t5) = (64, 64, 1, 16): 1850 ms
Performance at tile_size (t2, t3, t4, t5) = (64, 64, 1, 32): 1772 ms
Performance at tile_size (t2, t3, t4, t5) = (64, 64, 1, 64): 1798 ms
Performance at tile_size (t2, t3, t4, t5) = (64, 64, 1, 128): 1829 ms
Performance at tile_size (t2, t3, t4, t5) = (64, 64, 1, 256): 1865 ms
Performance at tile_size (t2, t3, t4, t5) = (64, 64, 2, 1): 1854 ms
Performance at tile_size (t2, t3, t4, t5) = (64, 64, 2, 2): 1825 ms
Performance at tile_size (t2, t3, t4, t5) = (64, 64, 2, 4): 1847 ms
Performance at tile_size (t2, t3, t4, t5) = (64, 64, 2, 8): 1871 ms
Performance at tile_size (t2, t3, t4, t5) = (64, 64, 2, 16): 1873 ms
Performance at tile_size (t2, t3, t4, t5) = (64, 64, 2, 32): 1824 ms
Performance at tile_size (t2, t3, t4, t5) = (64, 64, 2, 64): 1823 ms
Performance at tile_size (t2, t3, t4, t5) = (64, 64, 2, 128): 1797 ms
Performance at tile_size (t2, t3, t4, t5) = (64, 64, 2, 256): 1760 ms
Performance at tile_size (t2, t3, t4, t5) = (64, 64, 4, 1): 1775 ms
Performance at tile_size (t2, t3, t4, t5) = (64, 64, 4, 2): 1809 ms
Performance at tile_size (t2, t3, t4, t5) = (64, 64, 4, 4): 1897 ms
Performance at tile_size (t2, t3, t4, t5) = (64, 64, 4, 8): 1830 ms
Performance at tile_size (t2, t3, t4, t5) = (64, 64, 4, 16): 1901 ms
Performance at tile_size (t2, t3, t4, t5) = (64, 64, 4, 32): 1863 ms
Performance at tile_size (t2, t3, t4, t5) = (64, 64, 4, 64): 1904 ms
Performance at tile_size (t2, t3, t4, t5) = (64, 64, 4, 128): 1772 ms
Performance at tile_size (t2, t3, t4, t5) = (64, 64, 4, 256): 1866 ms
Performance at tile_size (t2, t3, t4, t5) = (64, 64, 8, 1): 1778 ms
Performance at tile_size (t2, t3, t4, t5) = (64, 64, 8, 2): 1789 ms
Performance at tile_size (t2, t3, t4, t5) = (64, 64, 8, 4): 1877 ms
Performance at tile_size (t2, t3, t4, t5) = (64, 64, 8, 8): 1824 ms
Performance at tile_size (t2, t3, t4, t5) = (64, 64, 8, 16): 1811 ms
Performance at tile_size (t2, t3, t4, t5) = (64, 64, 8, 32): 1893 ms
Performance at tile_size (t2, t3, t4, t5) = (64, 64, 8, 64): 1762 ms
Performance at tile_size (t2, t3, t4, t5) = (64, 64, 8, 128): 1863 ms
Performance at tile_size (t2, t3, t4, t5) = (64, 64, 8, 256): 1877 ms
Performance at tile_size (t2, t3, t4, t5) = (64, 64, 16, 1): 1912 ms
Performance at tile_size (t2, t3, t4, t5) = (64, 64, 16, 2): 1909 ms
Performance at tile_size (t2, t3, t4, t5) = (64, 64, 16, 4): 1798 ms
Performance at tile_size (t2, t3, t4, t5) = (64, 64, 16, 8): 1855 ms
Performance at tile_size (t2, t3, t4, t5) = (64, 64, 16, 16): 1742 ms
Performance at tile_size (t2, t3, t4, t5) = (64, 64, 16, 32): 1843 ms
Performance at tile_size (t2, t3, t4, t5) = (64, 64, 16, 64): 1827 ms
Performance at tile_size (t2, t3, t4, t5) = (64, 64, 16, 128): 1805 ms
Performance at tile_size (t2, t3, t4, t5) = (64, 64, 16, 256): 1911 ms
Performance at tile_size (t2, t3, t4, t5) = (64, 64, 32, 1): 1830 ms
Performance at tile_size (t2, t3, t4, t5) = (64, 64, 32, 2): 1861 ms
Performance at tile_size (t2, t3, t4, t5) = (64, 64, 32, 4): 1764 ms
Performance at tile_size (t2, t3, t4, t5) = (64, 64, 32, 8): 1870 ms
Performance at tile_size (t2, t3, t4, t5) = (64, 64, 32, 16): 1883 ms
Performance at tile_size (t2, t3, t4, t5) = (64, 64, 32, 32): 1879 ms
Performance at tile_size (t2, t3, t4, t5) = (64, 64, 32, 64): 1914 ms
Performance at tile_size (t2, t3, t4, t5) = (64, 64, 32, 128): 1909 ms
Performance at tile_size (t2, t3, t4, t5) = (64, 64, 32, 256): 1771 ms
Performance at tile_size (t2, t3, t4, t5) = (64, 64, 64, 1): 1778 ms
Performance at tile_size (t2, t3, t4, t5) = (64, 64, 64, 2): 1769 ms
Performance at tile_size (t2, t3, t4, t5) = (64, 64, 64, 4): 1803 ms
Performance at tile_size (t2, t3, t4, t5) = (64, 64, 64, 8): 1768 ms
Performance at tile_size (t2, t3, t4, t5) = (64, 64, 64, 16): 1746 ms
Performance at tile_size (t2, t3, t4, t5) = (64, 64, 64, 32): 1848 ms
Performance at tile_size (t2, t3, t4, t5) = (64, 64, 64, 64): 1856 ms
Performance at tile_size (t2, t3, t4, t5) = (64, 64, 64, 128): 1787 ms
Performance at tile_size (t2, t3, t4, t5) = (64, 64, 64, 256): 1795 ms
Performance at tile_size (t2, t3, t4, t5) = (64, 64, 128, 1): 1840 ms
Performance at tile_size (t2, t3, t4, t5) = (64, 64, 128, 2): 1704 ms
Performance at tile_size (t2, t3, t4, t5) = (64, 64, 128, 4): 1820 ms
Performance at tile_size (t2, t3, t4, t5) = (64, 64, 128, 8): 1799 ms
Performance at tile_size (t2, t3, t4, t5) = (64, 64, 128, 16): 1810 ms
Performance at tile_size (t2, t3, t4, t5) = (64, 64, 128, 32): 1770 ms
Performance at tile_size (t2, t3, t4, t5) = (64, 64, 128, 64): 1857 ms
Performance at tile_size (t2, t3, t4, t5) = (64, 64, 128, 128): 1884 ms
Performance at tile_size (t2, t3, t4, t5) = (64, 64, 128, 256): 1829 ms
Performance at tile_size (t2, t3, t4, t5) = (64, 64, 256, 1): 1845 ms
Performance at tile_size (t2, t3, t4, t5) = (64, 64, 256, 2): 1857 ms
Performance at tile_size (t2, t3, t4, t5) = (64, 64, 256, 4): 1809 ms
Performance at tile_size (t2, t3, t4, t5) = (64, 64, 256, 8): 1848 ms
Performance at tile_size (t2, t3, t4, t5) = (64, 64, 256, 16): 1828 ms
Performance at tile_size (t2, t3, t4, t5) = (64, 64, 256, 32): 1801 ms
Performance at tile_size (t2, t3, t4, t5) = (64, 64, 256, 64): 1761 ms
Performance at tile_size (t2, t3, t4, t5) = (64, 64, 256, 128): 1859 ms
Performance at tile_size (t2, t3, t4, t5) = (64, 64, 256, 256): 1765 ms
Performance at tile_size (t2, t3, t4, t5) = (64, 128, 1, 1): 1924 ms
Performance at tile_size (t2, t3, t4, t5) = (64, 128, 1, 2): 1739 ms
Performance at tile_size (t2, t3, t4, t5) = (64, 128, 1, 4): 1900 ms
Performance at tile_size (t2, t3, t4, t5) = (64, 128, 1, 8): 1833 ms
Performance at tile_size (t2, t3, t4, t5) = (64, 128, 1, 16): 1852 ms
Performance at tile_size (t2, t3, t4, t5) = (64, 128, 1, 32): 1743 ms
Performance at tile_size (t2, t3, t4, t5) = (64, 128, 1, 64): 1849 ms
Performance at tile_size (t2, t3, t4, t5) = (64, 128, 1, 128): 1782 ms
Performance at tile_size (t2, t3, t4, t5) = (64, 128, 1, 256): 1851 ms
Performance at tile_size (t2, t3, t4, t5) = (64, 128, 2, 1): 1753 ms
Performance at tile_size (t2, t3, t4, t5) = (64, 128, 2, 2): 1800 ms
Performance at tile_size (t2, t3, t4, t5) = (64, 128, 2, 4): 1848 ms
Performance at tile_size (t2, t3, t4, t5) = (64, 128, 2, 8): 1779 ms
Performance at tile_size (t2, t3, t4, t5) = (64, 128, 2, 16): 1832 ms
Performance at tile_size (t2, t3, t4, t5) = (64, 128, 2, 32): 1795 ms
Performance at tile_size (t2, t3, t4, t5) = (64, 128, 2, 64): 1830 ms
Performance at tile_size (t2, t3, t4, t5) = (64, 128, 2, 128): 1900 ms
Performance at tile_size (t2, t3, t4, t5) = (64, 128, 2, 256): 1777 ms
Performance at tile_size (t2, t3, t4, t5) = (64, 128, 4, 1): 1854 ms
Performance at tile_size (t2, t3, t4, t5) = (64, 128, 4, 2): 1854 ms
Performance at tile_size (t2, t3, t4, t5) = (64, 128, 4, 4): 1840 ms
Performance at tile_size (t2, t3, t4, t5) = (64, 128, 4, 8): 1891 ms
Performance at tile_size (t2, t3, t4, t5) = (64, 128, 4, 16): 1867 ms
Performance at tile_size (t2, t3, t4, t5) = (64, 128, 4, 32): 1791 ms
Performance at tile_size (t2, t3, t4, t5) = (64, 128, 4, 64): 1890 ms
Performance at tile_size (t2, t3, t4, t5) = (64, 128, 4, 128): 1870 ms
Performance at tile_size (t2, t3, t4, t5) = (64, 128, 4, 256): 1775 ms
Performance at tile_size (t2, t3, t4, t5) = (64, 128, 8, 1): 1792 ms
Performance at tile_size (t2, t3, t4, t5) = (64, 128, 8, 2): 1864 ms
Performance at tile_size (t2, t3, t4, t5) = (64, 128, 8, 4): 1858 ms
Performance at tile_size (t2, t3, t4, t5) = (64, 128, 8, 8): 1784 ms
Performance at tile_size (t2, t3, t4, t5) = (64, 128, 8, 16): 1811 ms
Performance at tile_size (t2, t3, t4, t5) = (64, 128, 8, 32): 1809 ms
Performance at tile_size (t2, t3, t4, t5) = (64, 128, 8, 64): 1856 ms
Performance at tile_size (t2, t3, t4, t5) = (64, 128, 8, 128): 1845 ms
Performance at tile_size (t2, t3, t4, t5) = (64, 128, 8, 256): 1871 ms
Performance at tile_size (t2, t3, t4, t5) = (64, 128, 16, 1): 1760 ms
Performance at tile_size (t2, t3, t4, t5) = (64, 128, 16, 2): 1907 ms
Performance at tile_size (t2, t3, t4, t5) = (64, 128, 16, 4): 1793 ms
Performance at tile_size (t2, t3, t4, t5) = (64, 128, 16, 8): 1847 ms
Performance at tile_size (t2, t3, t4, t5) = (64, 128, 16, 16): 1773 ms
Performance at tile_size (t2, t3, t4, t5) = (64, 128, 16, 32): 1799 ms
Performance at tile_size (t2, t3, t4, t5) = (64, 128, 16, 64): 1760 ms
Performance at tile_size (t2, t3, t4, t5) = (64, 128, 16, 128): 1863 ms
Performance at tile_size (t2, t3, t4, t5) = (64, 128, 16, 256): 1802 ms
Performance at tile_size (t2, t3, t4, t5) = (64, 128, 32, 1): 1781 ms
Performance at tile_size (t2, t3, t4, t5) = (64, 128, 32, 2): 1763 ms
Performance at tile_size (t2, t3, t4, t5) = (64, 128, 32, 4): 1778 ms
Performance at tile_size (t2, t3, t4, t5) = (64, 128, 32, 8): 1848 ms
Performance at tile_size (t2, t3, t4, t5) = (64, 128, 32, 16): 1773 ms
Performance at tile_size (t2, t3, t4, t5) = (64, 128, 32, 32): 1870 ms
Performance at tile_size (t2, t3, t4, t5) = (64, 128, 32, 64): 1737 ms
Performance at tile_size (t2, t3, t4, t5) = (64, 128, 32, 128): 1792 ms
Performance at tile_size (t2, t3, t4, t5) = (64, 128, 32, 256): 1765 ms
Performance at tile_size (t2, t3, t4, t5) = (64, 128, 64, 1): 1822 ms
Performance at tile_size (t2, t3, t4, t5) = (64, 128, 64, 2): 1851 ms
Performance at tile_size (t2, t3, t4, t5) = (64, 128, 64, 4): 1818 ms
Performance at tile_size (t2, t3, t4, t5) = (64, 128, 64, 8): 1769 ms
Performance at tile_size (t2, t3, t4, t5) = (64, 128, 64, 16): 1820 ms
Performance at tile_size (t2, t3, t4, t5) = (64, 128, 64, 32): 1889 ms
Performance at tile_size (t2, t3, t4, t5) = (64, 128, 64, 64): 1857 ms
Performance at tile_size (t2, t3, t4, t5) = (64, 128, 64, 128): 1778 ms
Performance at tile_size (t2, t3, t4, t5) = (64, 128, 64, 256): 1905 ms
Performance at tile_size (t2, t3, t4, t5) = (64, 128, 128, 1): 1845 ms
Performance at tile_size (t2, t3, t4, t5) = (64, 128, 128, 2): 1875 ms
Performance at tile_size (t2, t3, t4, t5) = (64, 128, 128, 4): 1784 ms
Performance at tile_size (t2, t3, t4, t5) = (64, 128, 128, 8): 1820 ms
Performance at tile_size (t2, t3, t4, t5) = (64, 128, 128, 16): 1826 ms
Performance at tile_size (t2, t3, t4, t5) = (64, 128, 128, 32): 1796 ms
Performance at tile_size (t2, t3, t4, t5) = (64, 128, 128, 64): 1869 ms
Performance at tile_size (t2, t3, t4, t5) = (64, 128, 128, 128): 1841 ms
Performance at tile_size (t2, t3, t4, t5) = (64, 128, 128, 256): 1772 ms
Performance at tile_size (t2, t3, t4, t5) = (64, 128, 256, 1): 1833 ms
Performance at tile_size (t2, t3, t4, t5) = (64, 128, 256, 2): 1777 ms
Performance at tile_size (t2, t3, t4, t5) = (64, 128, 256, 4): 1855 ms
Performance at tile_size (t2, t3, t4, t5) = (64, 128, 256, 8): 1815 ms
Performance at tile_size (t2, t3, t4, t5) = (64, 128, 256, 16): 1788 ms
Performance at tile_size (t2, t3, t4, t5) = (64, 128, 256, 32): 1842 ms
Performance at tile_size (t2, t3, t4, t5) = (64, 128, 256, 64): 1832 ms
Performance at tile_size (t2, t3, t4, t5) = (64, 128, 256, 128): 1879 ms
Performance at tile_size (t2, t3, t4, t5) = (64, 128, 256, 256): 1798 ms
Performance at tile_size (t2, t3, t4, t5) = (64, 256, 1, 1): 1852 ms
Performance at tile_size (t2, t3, t4, t5) = (64, 256, 1, 2): 1813 ms
Performance at tile_size (t2, t3, t4, t5) = (64, 256, 1, 4): 1883 ms
Performance at tile_size (t2, t3, t4, t5) = (64, 256, 1, 8): 1866 ms
Performance at tile_size (t2, t3, t4, t5) = (64, 256, 1, 16): 1767 ms
Performance at tile_size (t2, t3, t4, t5) = (64, 256, 1, 32): 1799 ms
Performance at tile_size (t2, t3, t4, t5) = (64, 256, 1, 64): 1800 ms
Performance at tile_size (t2, t3, t4, t5) = (64, 256, 1, 128): 1756 ms
Performance at tile_size (t2, t3, t4, t5) = (64, 256, 1, 256): 1881 ms
Performance at tile_size (t2, t3, t4, t5) = (64, 256, 2, 1): 1789 ms
Performance at tile_size (t2, t3, t4, t5) = (64, 256, 2, 2): 1837 ms
Performance at tile_size (t2, t3, t4, t5) = (64, 256, 2, 4): 1833 ms
Performance at tile_size (t2, t3, t4, t5) = (64, 256, 2, 8): 1909 ms
Performance at tile_size (t2, t3, t4, t5) = (64, 256, 2, 16): 1846 ms
Performance at tile_size (t2, t3, t4, t5) = (64, 256, 2, 32): 1769 ms
Performance at tile_size (t2, t3, t4, t5) = (64, 256, 2, 64): 1838 ms
Performance at tile_size (t2, t3, t4, t5) = (64, 256, 2, 128): 1782 ms
Performance at tile_size (t2, t3, t4, t5) = (64, 256, 2, 256): 1846 ms
Performance at tile_size (t2, t3, t4, t5) = (64, 256, 4, 1): 1701 ms
Performance at tile_size (t2, t3, t4, t5) = (64, 256, 4, 2): 1804 ms
Performance at tile_size (t2, t3, t4, t5) = (64, 256, 4, 4): 1883 ms
Performance at tile_size (t2, t3, t4, t5) = (64, 256, 4, 8): 1792 ms
Performance at tile_size (t2, t3, t4, t5) = (64, 256, 4, 16): 1851 ms
Performance at tile_size (t2, t3, t4, t5) = (64, 256, 4, 32): 1890 ms
Performance at tile_size (t2, t3, t4, t5) = (64, 256, 4, 64): 1770 ms
Performance at tile_size (t2, t3, t4, t5) = (64, 256, 4, 128): 1831 ms
Performance at tile_size (t2, t3, t4, t5) = (64, 256, 4, 256): 1842 ms
Performance at tile_size (t2, t3, t4, t5) = (64, 256, 8, 1): 1919 ms
Performance at tile_size (t2, t3, t4, t5) = (64, 256, 8, 2): 1771 ms
Performance at tile_size (t2, t3, t4, t5) = (64, 256, 8, 4): 1780 ms
Performance at tile_size (t2, t3, t4, t5) = (64, 256, 8, 8): 1872 ms
Performance at tile_size (t2, t3, t4, t5) = (64, 256, 8, 16): 1918 ms
Performance at tile_size (t2, t3, t4, t5) = (64, 256, 8, 32): 1772 ms
Performance at tile_size (t2, t3, t4, t5) = (64, 256, 8, 64): 1807 ms
Performance at tile_size (t2, t3, t4, t5) = (64, 256, 8, 128): 1794 ms
Performance at tile_size (t2, t3, t4, t5) = (64, 256, 8, 256): 1878 ms
Performance at tile_size (t2, t3, t4, t5) = (64, 256, 16, 1): 1895 ms
Performance at tile_size (t2, t3, t4, t5) = (64, 256, 16, 2): 1876 ms
Performance at tile_size (t2, t3, t4, t5) = (64, 256, 16, 4): 1860 ms
Performance at tile_size (t2, t3, t4, t5) = (64, 256, 16, 8): 1887 ms
Performance at tile_size (t2, t3, t4, t5) = (64, 256, 16, 16): 1800 ms
Performance at tile_size (t2, t3, t4, t5) = (64, 256, 16, 32): 1903 ms
Performance at tile_size (t2, t3, t4, t5) = (64, 256, 16, 64): 1793 ms
Performance at tile_size (t2, t3, t4, t5) = (64, 256, 16, 128): 1813 ms
Performance at tile_size (t2, t3, t4, t5) = (64, 256, 16, 256): 1839 ms
Performance at tile_size (t2, t3, t4, t5) = (64, 256, 32, 1): 1778 ms
Performance at tile_size (t2, t3, t4, t5) = (64, 256, 32, 2): 1879 ms
Performance at tile_size (t2, t3, t4, t5) = (64, 256, 32, 4): 1890 ms
Performance at tile_size (t2, t3, t4, t5) = (64, 256, 32, 8): 1891 ms
Performance at tile_size (t2, t3, t4, t5) = (64, 256, 32, 16): 1878 ms
Performance at tile_size (t2, t3, t4, t5) = (64, 256, 32, 32): 1888 ms
Performance at tile_size (t2, t3, t4, t5) = (64, 256, 32, 64): 1799 ms
Performance at tile_size (t2, t3, t4, t5) = (64, 256, 32, 128): 1873 ms
Performance at tile_size (t2, t3, t4, t5) = (64, 256, 32, 256): 1835 ms
Performance at tile_size (t2, t3, t4, t5) = (64, 256, 64, 1): 1826 ms
Performance at tile_size (t2, t3, t4, t5) = (64, 256, 64, 2): 1792 ms
Performance at tile_size (t2, t3, t4, t5) = (64, 256, 64, 4): 1791 ms
Performance at tile_size (t2, t3, t4, t5) = (64, 256, 64, 8): 1746 ms
Performance at tile_size (t2, t3, t4, t5) = (64, 256, 64, 16): 1882 ms
Performance at tile_size (t2, t3, t4, t5) = (64, 256, 64, 32): 1835 ms
Performance at tile_size (t2, t3, t4, t5) = (64, 256, 64, 64): 1821 ms
Performance at tile_size (t2, t3, t4, t5) = (64, 256, 64, 128): 1835 ms
Performance at tile_size (t2, t3, t4, t5) = (64, 256, 64, 256): 1856 ms
Performance at tile_size (t2, t3, t4, t5) = (64, 256, 128, 1): 1890 ms
Performance at tile_size (t2, t3, t4, t5) = (64, 256, 128, 2): 1912 ms
Performance at tile_size (t2, t3, t4, t5) = (64, 256, 128, 4): 1830 ms
Performance at tile_size (t2, t3, t4, t5) = (64, 256, 128, 8): 1848 ms
Performance at tile_size (t2, t3, t4, t5) = (64, 256, 128, 16): 1839 ms
Performance at tile_size (t2, t3, t4, t5) = (64, 256, 128, 32): 1751 ms
Performance at tile_size (t2, t3, t4, t5) = (64, 256, 128, 64): 1848 ms
Performance at tile_size (t2, t3, t4, t5) = (64, 256, 128, 128): 1793 ms
Performance at tile_size (t2, t3, t4, t5) = (64, 256, 128, 256): 1843 ms
Performance at tile_size (t2, t3, t4, t5) = (64, 256, 256, 1): 1838 ms
Performance at tile_size (t2, t3, t4, t5) = (64, 256, 256, 2): 1832 ms
Performance at tile_size (t2, t3, t4, t5) = (64, 256, 256, 4): 1838 ms
Performance at tile_size (t2, t3, t4, t5) = (64, 256, 256, 8): 1799 ms
Performance at tile_size (t2, t3, t4, t5) = (64, 256, 256, 16): 1882 ms
Performance at tile_size (t2, t3, t4, t5) = (64, 256, 256, 32): 1903 ms
Performance at tile_size (t2, t3, t4, t5) = (64, 256, 256, 64): 1905 ms
Performance at tile_size (t2, t3, t4, t5) = (64, 256, 256, 128): 1859 ms
Performance at tile_size (t2, t3, t4, t5) = (64, 256, 256, 256): 1895 ms
Performance at tile_size (t2, t3, t4, t5) = (128, 1, 1, 1): 1886 ms
Performance at tile_size (t2, t3, t4, t5) = (128, 1, 1, 2): 1790 ms
Performance at tile_size (t2, t3, t4, t5) = (128, 1, 1, 4): 1884 ms
Performance at tile_size (t2, t3, t4, t5) = (128, 1, 1, 8): 1880 ms
Performance at tile_size (t2, t3, t4, t5) = (128, 1, 1, 16): 1830 ms
Performance at tile_size (t2, t3, t4, t5) = (128, 1, 1, 32): 1835 ms
Performance at tile_size (t2, t3, t4, t5) = (128, 1, 1, 64): 1888 ms
Performance at tile_size (t2, t3, t4, t5) = (128, 1, 1, 128): 1824 ms
Performance at tile_size (t2, t3, t4, t5) = (128, 1, 1, 256): 1751 ms
Performance at tile_size (t2, t3, t4, t5) = (128, 1, 2, 1): 1762 ms
Performance at tile_size (t2, t3, t4, t5) = (128, 1, 2, 2): 1907 ms
Performance at tile_size (t2, t3, t4, t5) = (128, 1, 2, 4): 1764 ms
Performance at tile_size (t2, t3, t4, t5) = (128, 1, 2, 8): 1789 ms
Performance at tile_size (t2, t3, t4, t5) = (128, 1, 2, 16): 1932 ms
Performance at tile_size (t2, t3, t4, t5) = (128, 1, 2, 32): 1886 ms
Performance at tile_size (t2, t3, t4, t5) = (128, 1, 2, 64): 1825 ms
Performance at tile_size (t2, t3, t4, t5) = (128, 1, 2, 128): 1891 ms
Performance at tile_size (t2, t3, t4, t5) = (128, 1, 2, 256): 1814 ms
Performance at tile_size (t2, t3, t4, t5) = (128, 1, 4, 1): 1881 ms
Performance at tile_size (t2, t3, t4, t5) = (128, 1, 4, 2): 1819 ms
Performance at tile_size (t2, t3, t4, t5) = (128, 1, 4, 4): 1783 ms
Performance at tile_size (t2, t3, t4, t5) = (128, 1, 4, 8): 1791 ms
Performance at tile_size (t2, t3, t4, t5) = (128, 1, 4, 16): 1744 ms
Performance at tile_size (t2, t3, t4, t5) = (128, 1, 4, 32): 1854 ms
Performance at tile_size (t2, t3, t4, t5) = (128, 1, 4, 64): 1902 ms
Performance at tile_size (t2, t3, t4, t5) = (128, 1, 4, 128): 1867 ms
Performance at tile_size (t2, t3, t4, t5) = (128, 1, 4, 256): 1874 ms
Performance at tile_size (t2, t3, t4, t5) = (128, 1, 8, 1): 1871 ms
Performance at tile_size (t2, t3, t4, t5) = (128, 1, 8, 2): 1877 ms
Performance at tile_size (t2, t3, t4, t5) = (128, 1, 8, 4): 1816 ms
Performance at tile_size (t2, t3, t4, t5) = (128, 1, 8, 8): 1827 ms
Performance at tile_size (t2, t3, t4, t5) = (128, 1, 8, 16): 1852 ms
Performance at tile_size (t2, t3, t4, t5) = (128, 1, 8, 32): 1860 ms
Performance at tile_size (t2, t3, t4, t5) = (128, 1, 8, 64): 1878 ms
Performance at tile_size (t2, t3, t4, t5) = (128, 1, 8, 128): 1805 ms
Performance at tile_size (t2, t3, t4, t5) = (128, 1, 8, 256): 1778 ms
Performance at tile_size (t2, t3, t4, t5) = (128, 1, 16, 1): 1808 ms
Performance at tile_size (t2, t3, t4, t5) = (128, 1, 16, 2): 1812 ms
Performance at tile_size (t2, t3, t4, t5) = (128, 1, 16, 4): 1801 ms
Performance at tile_size (t2, t3, t4, t5) = (128, 1, 16, 8): 1878 ms
Performance at tile_size (t2, t3, t4, t5) = (128, 1, 16, 16): 1861 ms
Performance at tile_size (t2, t3, t4, t5) = (128, 1, 16, 32): 1767 ms
Performance at tile_size (t2, t3, t4, t5) = (128, 1, 16, 64): 1776 ms
Performance at tile_size (t2, t3, t4, t5) = (128, 1, 16, 128): 1784 ms
Performance at tile_size (t2, t3, t4, t5) = (128, 1, 16, 256): 1819 ms
Performance at tile_size (t2, t3, t4, t5) = (128, 1, 32, 1): 1954 ms
Performance at tile_size (t2, t3, t4, t5) = (128, 1, 32, 2): 1834 ms
Performance at tile_size (t2, t3, t4, t5) = (128, 1, 32, 4): 1759 ms
Performance at tile_size (t2, t3, t4, t5) = (128, 1, 32, 8): 1865 ms
Performance at tile_size (t2, t3, t4, t5) = (128, 1, 32, 16): 1732 ms
Performance at tile_size (t2, t3, t4, t5) = (128, 1, 32, 32): 1838 ms
Performance at tile_size (t2, t3, t4, t5) = (128, 1, 32, 64): 1853 ms
Performance at tile_size (t2, t3, t4, t5) = (128, 1, 32, 128): 1804 ms
Performance at tile_size (t2, t3, t4, t5) = (128, 1, 32, 256): 1789 ms
Performance at tile_size (t2, t3, t4, t5) = (128, 1, 64, 1): 1899 ms
Performance at tile_size (t2, t3, t4, t5) = (128, 1, 64, 2): 1832 ms
Performance at tile_size (t2, t3, t4, t5) = (128, 1, 64, 4): 1896 ms
Performance at tile_size (t2, t3, t4, t5) = (128, 1, 64, 8): 1849 ms
Performance at tile_size (t2, t3, t4, t5) = (128, 1, 64, 16): 1934 ms
Performance at tile_size (t2, t3, t4, t5) = (128, 1, 64, 32): 1842 ms
Performance at tile_size (t2, t3, t4, t5) = (128, 1, 64, 64): 1771 ms
Performance at tile_size (t2, t3, t4, t5) = (128, 1, 64, 128): 1775 ms
Performance at tile_size (t2, t3, t4, t5) = (128, 1, 64, 256): 1794 ms
Performance at tile_size (t2, t3, t4, t5) = (128, 1, 128, 1): 1878 ms
Performance at tile_size (t2, t3, t4, t5) = (128, 1, 128, 2): 1798 ms
Performance at tile_size (t2, t3, t4, t5) = (128, 1, 128, 4): 1744 ms
Performance at tile_size (t2, t3, t4, t5) = (128, 1, 128, 8): 1896 ms
Performance at tile_size (t2, t3, t4, t5) = (128, 1, 128, 16): 1843 ms
Performance at tile_size (t2, t3, t4, t5) = (128, 1, 128, 32): 1834 ms
Performance at tile_size (t2, t3, t4, t5) = (128, 1, 128, 64): 1835 ms
Performance at tile_size (t2, t3, t4, t5) = (128, 1, 128, 128): 1728 ms
Performance at tile_size (t2, t3, t4, t5) = (128, 1, 128, 256): 1824 ms
Performance at tile_size (t2, t3, t4, t5) = (128, 1, 256, 1): 1793 ms
Performance at tile_size (t2, t3, t4, t5) = (128, 1, 256, 2): 1796 ms
Performance at tile_size (t2, t3, t4, t5) = (128, 1, 256, 4): 1816 ms
Performance at tile_size (t2, t3, t4, t5) = (128, 1, 256, 8): 1867 ms
Performance at tile_size (t2, t3, t4, t5) = (128, 1, 256, 16): 1886 ms
Performance at tile_size (t2, t3, t4, t5) = (128, 1, 256, 32): 1908 ms
Performance at tile_size (t2, t3, t4, t5) = (128, 1, 256, 64): 1894 ms
Performance at tile_size (t2, t3, t4, t5) = (128, 1, 256, 128): 1920 ms
Performance at tile_size (t2, t3, t4, t5) = (128, 1, 256, 256): 1968 ms
Performance at tile_size (t2, t3, t4, t5) = (128, 2, 1, 1): 1785 ms
Performance at tile_size (t2, t3, t4, t5) = (128, 2, 1, 2): 1887 ms
Performance at tile_size (t2, t3, t4, t5) = (128, 2, 1, 4): 1784 ms
Performance at tile_size (t2, t3, t4, t5) = (128, 2, 1, 8): 1826 ms
Performance at tile_size (t2, t3, t4, t5) = (128, 2, 1, 16): 1742 ms
Performance at tile_size (t2, t3, t4, t5) = (128, 2, 1, 32): 1850 ms
Performance at tile_size (t2, t3, t4, t5) = (128, 2, 1, 64): 1766 ms
Performance at tile_size (t2, t3, t4, t5) = (128, 2, 1, 128): 1831 ms
Performance at tile_size (t2, t3, t4, t5) = (128, 2, 1, 256): 1784 ms
Performance at tile_size (t2, t3, t4, t5) = (128, 2, 2, 1): 1793 ms
Performance at tile_size (t2, t3, t4, t5) = (128, 2, 2, 2): 1874 ms
Performance at tile_size (t2, t3, t4, t5) = (128, 2, 2, 4): 1874 ms
Performance at tile_size (t2, t3, t4, t5) = (128, 2, 2, 8): 1811 ms
Performance at tile_size (t2, t3, t4, t5) = (128, 2, 2, 16): 1795 ms
Performance at tile_size (t2, t3, t4, t5) = (128, 2, 2, 32): 1841 ms
Performance at tile_size (t2, t3, t4, t5) = (128, 2, 2, 64): 1809 ms
Performance at tile_size (t2, t3, t4, t5) = (128, 2, 2, 128): 1921 ms
Performance at tile_size (t2, t3, t4, t5) = (128, 2, 2, 256): 1812 ms
Performance at tile_size (t2, t3, t4, t5) = (128, 2, 4, 1): 1860 ms
Performance at tile_size (t2, t3, t4, t5) = (128, 2, 4, 2): 1851 ms
Performance at tile_size (t2, t3, t4, t5) = (128, 2, 4, 4): 1787 ms
Performance at tile_size (t2, t3, t4, t5) = (128, 2, 4, 8): 1851 ms
Performance at tile_size (t2, t3, t4, t5) = (128, 2, 4, 16): 1796 ms
Performance at tile_size (t2, t3, t4, t5) = (128, 2, 4, 32): 1798 ms
Performance at tile_size (t2, t3, t4, t5) = (128, 2, 4, 64): 1869 ms
Performance at tile_size (t2, t3, t4, t5) = (128, 2, 4, 128): 1884 ms
Performance at tile_size (t2, t3, t4, t5) = (128, 2, 4, 256): 1841 ms
Performance at tile_size (t2, t3, t4, t5) = (128, 2, 8, 1): 1812 ms
Performance at tile_size (t2, t3, t4, t5) = (128, 2, 8, 2): 1771 ms
Performance at tile_size (t2, t3, t4, t5) = (128, 2, 8, 4): 1847 ms
Performance at tile_size (t2, t3, t4, t5) = (128, 2, 8, 8): 1809 ms
Performance at tile_size (t2, t3, t4, t5) = (128, 2, 8, 16): 1801 ms
Performance at tile_size (t2, t3, t4, t5) = (128, 2, 8, 32): 1808 ms
Performance at tile_size (t2, t3, t4, t5) = (128, 2, 8, 64): 1877 ms
Performance at tile_size (t2, t3, t4, t5) = (128, 2, 8, 128): 1758 ms
Performance at tile_size (t2, t3, t4, t5) = (128, 2, 8, 256): 1827 ms
Performance at tile_size (t2, t3, t4, t5) = (128, 2, 16, 1): 1770 ms
Performance at tile_size (t2, t3, t4, t5) = (128, 2, 16, 2): 1942 ms
Performance at tile_size (t2, t3, t4, t5) = (128, 2, 16, 4): 1833 ms
Performance at tile_size (t2, t3, t4, t5) = (128, 2, 16, 8): 1840 ms
Performance at tile_size (t2, t3, t4, t5) = (128, 2, 16, 16): 1846 ms
Performance at tile_size (t2, t3, t4, t5) = (128, 2, 16, 32): 1873 ms
Performance at tile_size (t2, t3, t4, t5) = (128, 2, 16, 64): 1790 ms
Performance at tile_size (t2, t3, t4, t5) = (128, 2, 16, 128): 1817 ms
Performance at tile_size (t2, t3, t4, t5) = (128, 2, 16, 256): 1902 ms
Performance at tile_size (t2, t3, t4, t5) = (128, 2, 32, 1): 1857 ms
Performance at tile_size (t2, t3, t4, t5) = (128, 2, 32, 2): 1845 ms
Performance at tile_size (t2, t3, t4, t5) = (128, 2, 32, 4): 1879 ms
Performance at tile_size (t2, t3, t4, t5) = (128, 2, 32, 8): 1853 ms
Performance at tile_size (t2, t3, t4, t5) = (128, 2, 32, 16): 1675 ms
Performance at tile_size (t2, t3, t4, t5) = (128, 2, 32, 32): 1771 ms
Performance at tile_size (t2, t3, t4, t5) = (128, 2, 32, 64): 1811 ms
Performance at tile_size (t2, t3, t4, t5) = (128, 2, 32, 128): 1871 ms
Performance at tile_size (t2, t3, t4, t5) = (128, 2, 32, 256): 1845 ms
Performance at tile_size (t2, t3, t4, t5) = (128, 2, 64, 1): 1845 ms
Performance at tile_size (t2, t3, t4, t5) = (128, 2, 64, 2): 1842 ms
Performance at tile_size (t2, t3, t4, t5) = (128, 2, 64, 4): 1917 ms
Performance at tile_size (t2, t3, t4, t5) = (128, 2, 64, 8): 1800 ms
Performance at tile_size (t2, t3, t4, t5) = (128, 2, 64, 16): 1854 ms
Performance at tile_size (t2, t3, t4, t5) = (128, 2, 64, 32): 1794 ms
Performance at tile_size (t2, t3, t4, t5) = (128, 2, 64, 64): 1799 ms
Performance at tile_size (t2, t3, t4, t5) = (128, 2, 64, 128): 1851 ms
Performance at tile_size (t2, t3, t4, t5) = (128, 2, 64, 256): 1869 ms
Performance at tile_size (t2, t3, t4, t5) = (128, 2, 128, 1): 1808 ms
Performance at tile_size (t2, t3, t4, t5) = (128, 2, 128, 2): 1894 ms
Performance at tile_size (t2, t3, t4, t5) = (128, 2, 128, 4): 1842 ms
Performance at tile_size (t2, t3, t4, t5) = (128, 2, 128, 8): 1787 ms
Performance at tile_size (t2, t3, t4, t5) = (128, 2, 128, 16): 1898 ms
Performance at tile_size (t2, t3, t4, t5) = (128, 2, 128, 32): 1849 ms
Performance at tile_size (t2, t3, t4, t5) = (128, 2, 128, 64): 1839 ms
Performance at tile_size (t2, t3, t4, t5) = (128, 2, 128, 128): 1853 ms
Performance at tile_size (t2, t3, t4, t5) = (128, 2, 128, 256): 1939 ms
Performance at tile_size (t2, t3, t4, t5) = (128, 2, 256, 1): 1856 ms
Performance at tile_size (t2, t3, t4, t5) = (128, 2, 256, 2): 1905 ms
Performance at tile_size (t2, t3, t4, t5) = (128, 2, 256, 4): 1982 ms
Performance at tile_size (t2, t3, t4, t5) = (128, 2, 256, 8): 1897 ms
Performance at tile_size (t2, t3, t4, t5) = (128, 2, 256, 16): 1865 ms
Performance at tile_size (t2, t3, t4, t5) = (128, 2, 256, 32): 1878 ms
Performance at tile_size (t2, t3, t4, t5) = (128, 2, 256, 64): 1898 ms
Performance at tile_size (t2, t3, t4, t5) = (128, 2, 256, 128): 1935 ms
Performance at tile_size (t2, t3, t4, t5) = (128, 2, 256, 256): 1973 ms
Performance at tile_size (t2, t3, t4, t5) = (128, 4, 1, 1): 1865 ms
Performance at tile_size (t2, t3, t4, t5) = (128, 4, 1, 2): 1851 ms
Performance at tile_size (t2, t3, t4, t5) = (128, 4, 1, 4): 1892 ms
Performance at tile_size (t2, t3, t4, t5) = (128, 4, 1, 8): 1851 ms
Performance at tile_size (t2, t3, t4, t5) = (128, 4, 1, 16): 1889 ms
Performance at tile_size (t2, t3, t4, t5) = (128, 4, 1, 32): 1855 ms
Performance at tile_size (t2, t3, t4, t5) = (128, 4, 1, 64): 1782 ms
Performance at tile_size (t2, t3, t4, t5) = (128, 4, 1, 128): 1785 ms
Performance at tile_size (t2, t3, t4, t5) = (128, 4, 1, 256): 1906 ms
Performance at tile_size (t2, t3, t4, t5) = (128, 4, 2, 1): 1785 ms
Performance at tile_size (t2, t3, t4, t5) = (128, 4, 2, 2): 1804 ms
Performance at tile_size (t2, t3, t4, t5) = (128, 4, 2, 4): 1904 ms
Performance at tile_size (t2, t3, t4, t5) = (128, 4, 2, 8): 1848 ms
Performance at tile_size (t2, t3, t4, t5) = (128, 4, 2, 16): 1907 ms
Performance at tile_size (t2, t3, t4, t5) = (128, 4, 2, 32): 1859 ms
Performance at tile_size (t2, t3, t4, t5) = (128, 4, 2, 64): 1815 ms
Performance at tile_size (t2, t3, t4, t5) = (128, 4, 2, 128): 1857 ms
Performance at tile_size (t2, t3, t4, t5) = (128, 4, 2, 256): 1828 ms
Performance at tile_size (t2, t3, t4, t5) = (128, 4, 4, 1): 1825 ms
Performance at tile_size (t2, t3, t4, t5) = (128, 4, 4, 2): 1841 ms
Performance at tile_size (t2, t3, t4, t5) = (128, 4, 4, 4): 1812 ms
Performance at tile_size (t2, t3, t4, t5) = (128, 4, 4, 8): 1798 ms
Performance at tile_size (t2, t3, t4, t5) = (128, 4, 4, 16): 1859 ms
Performance at tile_size (t2, t3, t4, t5) = (128, 4, 4, 32): 1834 ms
Performance at tile_size (t2, t3, t4, t5) = (128, 4, 4, 64): 1855 ms
Performance at tile_size (t2, t3, t4, t5) = (128, 4, 4, 128): 1859 ms
Performance at tile_size (t2, t3, t4, t5) = (128, 4, 4, 256): 1866 ms
Performance at tile_size (t2, t3, t4, t5) = (128, 4, 8, 1): 1774 ms
Performance at tile_size (t2, t3, t4, t5) = (128, 4, 8, 2): 1786 ms
Performance at tile_size (t2, t3, t4, t5) = (128, 4, 8, 4): 1863 ms
Performance at tile_size (t2, t3, t4, t5) = (128, 4, 8, 8): 1849 ms
Performance at tile_size (t2, t3, t4, t5) = (128, 4, 8, 16): 1857 ms
Performance at tile_size (t2, t3, t4, t5) = (128, 4, 8, 32): 1792 ms
Performance at tile_size (t2, t3, t4, t5) = (128, 4, 8, 64): 1810 ms
Performance at tile_size (t2, t3, t4, t5) = (128, 4, 8, 128): 1783 ms
Performance at tile_size (t2, t3, t4, t5) = (128, 4, 8, 256): 1775 ms
Performance at tile_size (t2, t3, t4, t5) = (128, 4, 16, 1): 1894 ms
Performance at tile_size (t2, t3, t4, t5) = (128, 4, 16, 2): 1756 ms
Performance at tile_size (t2, t3, t4, t5) = (128, 4, 16, 4): 1834 ms
Performance at tile_size (t2, t3, t4, t5) = (128, 4, 16, 8): 1877 ms
Performance at tile_size (t2, t3, t4, t5) = (128, 4, 16, 16): 1792 ms
Performance at tile_size (t2, t3, t4, t5) = (128, 4, 16, 32): 1898 ms
Performance at tile_size (t2, t3, t4, t5) = (128, 4, 16, 64): 1837 ms
Performance at tile_size (t2, t3, t4, t5) = (128, 4, 16, 128): 1849 ms
Performance at tile_size (t2, t3, t4, t5) = (128, 4, 16, 256): 1788 ms
Performance at tile_size (t2, t3, t4, t5) = (128, 4, 32, 1): 1832 ms
Performance at tile_size (t2, t3, t4, t5) = (128, 4, 32, 2): 1832 ms
Performance at tile_size (t2, t3, t4, t5) = (128, 4, 32, 4): 1733 ms
Performance at tile_size (t2, t3, t4, t5) = (128, 4, 32, 8): 1852 ms
Performance at tile_size (t2, t3, t4, t5) = (128, 4, 32, 16): 1822 ms
Performance at tile_size (t2, t3, t4, t5) = (128, 4, 32, 32): 1773 ms
Performance at tile_size (t2, t3, t4, t5) = (128, 4, 32, 64): 1845 ms
Performance at tile_size (t2, t3, t4, t5) = (128, 4, 32, 128): 1853 ms
Performance at tile_size (t2, t3, t4, t5) = (128, 4, 32, 256): 1768 ms
Performance at tile_size (t2, t3, t4, t5) = (128, 4, 64, 1): 1807 ms
Performance at tile_size (t2, t3, t4, t5) = (128, 4, 64, 2): 1820 ms
Performance at tile_size (t2, t3, t4, t5) = (128, 4, 64, 4): 1765 ms
Performance at tile_size (t2, t3, t4, t5) = (128, 4, 64, 8): 1777 ms
Performance at tile_size (t2, t3, t4, t5) = (128, 4, 64, 16): 1856 ms
Performance at tile_size (t2, t3, t4, t5) = (128, 4, 64, 32): 1874 ms
Performance at tile_size (t2, t3, t4, t5) = (128, 4, 64, 64): 1883 ms
Performance at tile_size (t2, t3, t4, t5) = (128, 4, 64, 128): 1776 ms
Performance at tile_size (t2, t3, t4, t5) = (128, 4, 64, 256): 1869 ms
Performance at tile_size (t2, t3, t4, t5) = (128, 4, 128, 1): 1851 ms
Performance at tile_size (t2, t3, t4, t5) = (128, 4, 128, 2): 1843 ms
Performance at tile_size (t2, t3, t4, t5) = (128, 4, 128, 4): 1868 ms
Performance at tile_size (t2, t3, t4, t5) = (128, 4, 128, 8): 1736 ms
Performance at tile_size (t2, t3, t4, t5) = (128, 4, 128, 16): 1770 ms
Performance at tile_size (t2, t3, t4, t5) = (128, 4, 128, 32): 1850 ms
Performance at tile_size (t2, t3, t4, t5) = (128, 4, 128, 64): 1924 ms
Performance at tile_size (t2, t3, t4, t5) = (128, 4, 128, 128): 1799 ms
Performance at tile_size (t2, t3, t4, t5) = (128, 4, 128, 256): 1816 ms
Performance at tile_size (t2, t3, t4, t5) = (128, 4, 256, 1): 1776 ms
Performance at tile_size (t2, t3, t4, t5) = (128, 4, 256, 2): 1831 ms
Performance at tile_size (t2, t3, t4, t5) = (128, 4, 256, 4): 1877 ms
Performance at tile_size (t2, t3, t4, t5) = (128, 4, 256, 8): 1900 ms
Performance at tile_size (t2, t3, t4, t5) = (128, 4, 256, 16): 1841 ms
Performance at tile_size (t2, t3, t4, t5) = (128, 4, 256, 32): 1906 ms
Performance at tile_size (t2, t3, t4, t5) = (128, 4, 256, 64): 1877 ms
Performance at tile_size (t2, t3, t4, t5) = (128, 4, 256, 128): 1910 ms
Performance at tile_size (t2, t3, t4, t5) = (128, 4, 256, 256): 1872 ms
Performance at tile_size (t2, t3, t4, t5) = (128, 8, 1, 1): 1900 ms
Performance at tile_size (t2, t3, t4, t5) = (128, 8, 1, 2): 1870 ms
Performance at tile_size (t2, t3, t4, t5) = (128, 8, 1, 4): 1754 ms
Performance at tile_size (t2, t3, t4, t5) = (128, 8, 1, 8): 1918 ms
Performance at tile_size (t2, t3, t4, t5) = (128, 8, 1, 16): 1885 ms
Performance at tile_size (t2, t3, t4, t5) = (128, 8, 1, 32): 1864 ms
Performance at tile_size (t2, t3, t4, t5) = (128, 8, 1, 64): 1768 ms
Performance at tile_size (t2, t3, t4, t5) = (128, 8, 1, 128): 1790 ms
Performance at tile_size (t2, t3, t4, t5) = (128, 8, 1, 256): 1782 ms
Performance at tile_size (t2, t3, t4, t5) = (128, 8, 2, 1): 1903 ms
Performance at tile_size (t2, t3, t4, t5) = (128, 8, 2, 2): 1772 ms
Performance at tile_size (t2, t3, t4, t5) = (128, 8, 2, 4): 1789 ms
Performance at tile_size (t2, t3, t4, t5) = (128, 8, 2, 8): 1813 ms
Performance at tile_size (t2, t3, t4, t5) = (128, 8, 2, 16): 1863 ms
Performance at tile_size (t2, t3, t4, t5) = (128, 8, 2, 32): 1759 ms
Performance at tile_size (t2, t3, t4, t5) = (128, 8, 2, 64): 1964 ms
Performance at tile_size (t2, t3, t4, t5) = (128, 8, 2, 128): 1813 ms
Performance at tile_size (t2, t3, t4, t5) = (128, 8, 2, 256): 1859 ms
Performance at tile_size (t2, t3, t4, t5) = (128, 8, 4, 1): 1778 ms
Performance at tile_size (t2, t3, t4, t5) = (128, 8, 4, 2): 1804 ms
Performance at tile_size (t2, t3, t4, t5) = (128, 8, 4, 4): 1773 ms
Performance at tile_size (t2, t3, t4, t5) = (128, 8, 4, 8): 1836 ms
Performance at tile_size (t2, t3, t4, t5) = (128, 8, 4, 16): 1882 ms
Performance at tile_size (t2, t3, t4, t5) = (128, 8, 4, 32): 1877 ms
Performance at tile_size (t2, t3, t4, t5) = (128, 8, 4, 64): 1788 ms
Performance at tile_size (t2, t3, t4, t5) = (128, 8, 4, 128): 1772 ms
Performance at tile_size (t2, t3, t4, t5) = (128, 8, 4, 256): 1782 ms
Performance at tile_size (t2, t3, t4, t5) = (128, 8, 8, 1): 1722 ms
Performance at tile_size (t2, t3, t4, t5) = (128, 8, 8, 2): 1880 ms
Performance at tile_size (t2, t3, t4, t5) = (128, 8, 8, 4): 1837 ms
Performance at tile_size (t2, t3, t4, t5) = (128, 8, 8, 8): 1869 ms
Performance at tile_size (t2, t3, t4, t5) = (128, 8, 8, 16): 1806 ms
Performance at tile_size (t2, t3, t4, t5) = (128, 8, 8, 32): 1776 ms
Performance at tile_size (t2, t3, t4, t5) = (128, 8, 8, 64): 1882 ms
Performance at tile_size (t2, t3, t4, t5) = (128, 8, 8, 128): 1830 ms
Performance at tile_size (t2, t3, t4, t5) = (128, 8, 8, 256): 1846 ms
Performance at tile_size (t2, t3, t4, t5) = (128, 8, 16, 1): 1882 ms
Performance at tile_size (t2, t3, t4, t5) = (128, 8, 16, 2): 1919 ms
Performance at tile_size (t2, t3, t4, t5) = (128, 8, 16, 4): 1865 ms
Performance at tile_size (t2, t3, t4, t5) = (128, 8, 16, 8): 1835 ms
Performance at tile_size (t2, t3, t4, t5) = (128, 8, 16, 16): 1800 ms
Performance at tile_size (t2, t3, t4, t5) = (128, 8, 16, 32): 1852 ms
Performance at tile_size (t2, t3, t4, t5) = (128, 8, 16, 64): 1781 ms
Performance at tile_size (t2, t3, t4, t5) = (128, 8, 16, 128): 1826 ms
Performance at tile_size (t2, t3, t4, t5) = (128, 8, 16, 256): 1791 ms
Performance at tile_size (t2, t3, t4, t5) = (128, 8, 32, 1): 1882 ms
Performance at tile_size (t2, t3, t4, t5) = (128, 8, 32, 2): 1889 ms
Performance at tile_size (t2, t3, t4, t5) = (128, 8, 32, 4): 1783 ms
Performance at tile_size (t2, t3, t4, t5) = (128, 8, 32, 8): 1800 ms
Performance at tile_size (t2, t3, t4, t5) = (128, 8, 32, 16): 1831 ms
Performance at tile_size (t2, t3, t4, t5) = (128, 8, 32, 32): 1878 ms
Performance at tile_size (t2, t3, t4, t5) = (128, 8, 32, 64): 1801 ms
Performance at tile_size (t2, t3, t4, t5) = (128, 8, 32, 128): 1873 ms
Performance at tile_size (t2, t3, t4, t5) = (128, 8, 32, 256): 1883 ms
Performance at tile_size (t2, t3, t4, t5) = (128, 8, 64, 1): 1875 ms
Performance at tile_size (t2, t3, t4, t5) = (128, 8, 64, 2): 1806 ms
Performance at tile_size (t2, t3, t4, t5) = (128, 8, 64, 4): 1837 ms
Performance at tile_size (t2, t3, t4, t5) = (128, 8, 64, 8): 1818 ms
Performance at tile_size (t2, t3, t4, t5) = (128, 8, 64, 16): 1845 ms
Performance at tile_size (t2, t3, t4, t5) = (128, 8, 64, 32): 1805 ms
Performance at tile_size (t2, t3, t4, t5) = (128, 8, 64, 64): 1874 ms
Performance at tile_size (t2, t3, t4, t5) = (128, 8, 64, 128): 1783 ms
Performance at tile_size (t2, t3, t4, t5) = (128, 8, 64, 256): 1834 ms
Performance at tile_size (t2, t3, t4, t5) = (128, 8, 128, 1): 1861 ms
Performance at tile_size (t2, t3, t4, t5) = (128, 8, 128, 2): 1903 ms
Performance at tile_size (t2, t3, t4, t5) = (128, 8, 128, 4): 1827 ms
Performance at tile_size (t2, t3, t4, t5) = (128, 8, 128, 8): 1862 ms
Performance at tile_size (t2, t3, t4, t5) = (128, 8, 128, 16): 1882 ms
Performance at tile_size (t2, t3, t4, t5) = (128, 8, 128, 32): 1784 ms
Performance at tile_size (t2, t3, t4, t5) = (128, 8, 128, 64): 1903 ms
Performance at tile_size (t2, t3, t4, t5) = (128, 8, 128, 128): 1841 ms
Performance at tile_size (t2, t3, t4, t5) = (128, 8, 128, 256): 1915 ms
Performance at tile_size (t2, t3, t4, t5) = (128, 8, 256, 1): 1858 ms
Performance at tile_size (t2, t3, t4, t5) = (128, 8, 256, 2): 1892 ms
Performance at tile_size (t2, t3, t4, t5) = (128, 8, 256, 4): 1886 ms
Performance at tile_size (t2, t3, t4, t5) = (128, 8, 256, 8): 1889 ms
Performance at tile_size (t2, t3, t4, t5) = (128, 8, 256, 16): 1767 ms
Performance at tile_size (t2, t3, t4, t5) = (128, 8, 256, 32): 1890 ms
Performance at tile_size (t2, t3, t4, t5) = (128, 8, 256, 64): 1871 ms
Performance at tile_size (t2, t3, t4, t5) = (128, 8, 256, 128): 1863 ms
Performance at tile_size (t2, t3, t4, t5) = (128, 8, 256, 256): 1897 ms
Performance at tile_size (t2, t3, t4, t5) = (128, 16, 1, 1): 1818 ms
Performance at tile_size (t2, t3, t4, t5) = (128, 16, 1, 2): 1813 ms
Performance at tile_size (t2, t3, t4, t5) = (128, 16, 1, 4): 1820 ms
Performance at tile_size (t2, t3, t4, t5) = (128, 16, 1, 8): 1795 ms
Performance at tile_size (t2, t3, t4, t5) = (128, 16, 1, 16): 1828 ms
Performance at tile_size (t2, t3, t4, t5) = (128, 16, 1, 32): 1809 ms
Performance at tile_size (t2, t3, t4, t5) = (128, 16, 1, 64): 1868 ms
Performance at tile_size (t2, t3, t4, t5) = (128, 16, 1, 128): 1845 ms
Performance at tile_size (t2, t3, t4, t5) = (128, 16, 1, 256): 1888 ms
Performance at tile_size (t2, t3, t4, t5) = (128, 16, 2, 1): 1783 ms
Performance at tile_size (t2, t3, t4, t5) = (128, 16, 2, 2): 1905 ms
Performance at tile_size (t2, t3, t4, t5) = (128, 16, 2, 4): 1827 ms
Performance at tile_size (t2, t3, t4, t5) = (128, 16, 2, 8): 1802 ms
Performance at tile_size (t2, t3, t4, t5) = (128, 16, 2, 16): 1776 ms
Performance at tile_size (t2, t3, t4, t5) = (128, 16, 2, 32): 1828 ms
Performance at tile_size (t2, t3, t4, t5) = (128, 16, 2, 64): 1865 ms
Performance at tile_size (t2, t3, t4, t5) = (128, 16, 2, 128): 1804 ms
Performance at tile_size (t2, t3, t4, t5) = (128, 16, 2, 256): 1812 ms
Performance at tile_size (t2, t3, t4, t5) = (128, 16, 4, 1): 1893 ms
Performance at tile_size (t2, t3, t4, t5) = (128, 16, 4, 2): 1865 ms
Performance at tile_size (t2, t3, t4, t5) = (128, 16, 4, 4): 1919 ms
Performance at tile_size (t2, t3, t4, t5) = (128, 16, 4, 8): 1806 ms
Performance at tile_size (t2, t3, t4, t5) = (128, 16, 4, 16): 1837 ms
Performance at tile_size (t2, t3, t4, t5) = (128, 16, 4, 32): 1855 ms
Performance at tile_size (t2, t3, t4, t5) = (128, 16, 4, 64): 1740 ms
Performance at tile_size (t2, t3, t4, t5) = (128, 16, 4, 128): 1791 ms
Performance at tile_size (t2, t3, t4, t5) = (128, 16, 4, 256): 1814 ms
Performance at tile_size (t2, t3, t4, t5) = (128, 16, 8, 1): 1880 ms
Performance at tile_size (t2, t3, t4, t5) = (128, 16, 8, 2): 1774 ms
Performance at tile_size (t2, t3, t4, t5) = (128, 16, 8, 4): 1893 ms
Performance at tile_size (t2, t3, t4, t5) = (128, 16, 8, 8): 1800 ms
Performance at tile_size (t2, t3, t4, t5) = (128, 16, 8, 16): 1817 ms
Performance at tile_size (t2, t3, t4, t5) = (128, 16, 8, 32): 1791 ms
Performance at tile_size (t2, t3, t4, t5) = (128, 16, 8, 64): 1885 ms
Performance at tile_size (t2, t3, t4, t5) = (128, 16, 8, 128): 1861 ms
Performance at tile_size (t2, t3, t4, t5) = (128, 16, 8, 256): 1848 ms
Performance at tile_size (t2, t3, t4, t5) = (128, 16, 16, 1): 1869 ms
Performance at tile_size (t2, t3, t4, t5) = (128, 16, 16, 2): 1862 ms
Performance at tile_size (t2, t3, t4, t5) = (128, 16, 16, 4): 1775 ms
Performance at tile_size (t2, t3, t4, t5) = (128, 16, 16, 8): 1796 ms
Performance at tile_size (t2, t3, t4, t5) = (128, 16, 16, 16): 1867 ms
Performance at tile_size (t2, t3, t4, t5) = (128, 16, 16, 32): 1871 ms
Performance at tile_size (t2, t3, t4, t5) = (128, 16, 16, 64): 1807 ms
Performance at tile_size (t2, t3, t4, t5) = (128, 16, 16, 128): 1892 ms
Performance at tile_size (t2, t3, t4, t5) = (128, 16, 16, 256): 1828 ms
Performance at tile_size (t2, t3, t4, t5) = (128, 16, 32, 1): 1782 ms
Performance at tile_size (t2, t3, t4, t5) = (128, 16, 32, 2): 1929 ms
Performance at tile_size (t2, t3, t4, t5) = (128, 16, 32, 4): 1864 ms
Performance at tile_size (t2, t3, t4, t5) = (128, 16, 32, 8): 1899 ms
Performance at tile_size (t2, t3, t4, t5) = (128, 16, 32, 16): 1869 ms
Performance at tile_size (t2, t3, t4, t5) = (128, 16, 32, 32): 1795 ms
Performance at tile_size (t2, t3, t4, t5) = (128, 16, 32, 64): 1901 ms
Performance at tile_size (t2, t3, t4, t5) = (128, 16, 32, 128): 1844 ms
Performance at tile_size (t2, t3, t4, t5) = (128, 16, 32, 256): 1823 ms
Performance at tile_size (t2, t3, t4, t5) = (128, 16, 64, 1): 1870 ms
Performance at tile_size (t2, t3, t4, t5) = (128, 16, 64, 2): 1770 ms
Performance at tile_size (t2, t3, t4, t5) = (128, 16, 64, 4): 1829 ms
Performance at tile_size (t2, t3, t4, t5) = (128, 16, 64, 8): 1748 ms
Performance at tile_size (t2, t3, t4, t5) = (128, 16, 64, 16): 1800 ms
Performance at tile_size (t2, t3, t4, t5) = (128, 16, 64, 32): 1818 ms
Performance at tile_size (t2, t3, t4, t5) = (128, 16, 64, 64): 1856 ms
Performance at tile_size (t2, t3, t4, t5) = (128, 16, 64, 128): 1799 ms
Performance at tile_size (t2, t3, t4, t5) = (128, 16, 64, 256): 1860 ms
Performance at tile_size (t2, t3, t4, t5) = (128, 16, 128, 1): 1819 ms
Performance at tile_size (t2, t3, t4, t5) = (128, 16, 128, 2): 1829 ms
Performance at tile_size (t2, t3, t4, t5) = (128, 16, 128, 4): 1828 ms
Performance at tile_size (t2, t3, t4, t5) = (128, 16, 128, 8): 1814 ms
Performance at tile_size (t2, t3, t4, t5) = (128, 16, 128, 16): 1888 ms
Performance at tile_size (t2, t3, t4, t5) = (128, 16, 128, 32): 1784 ms
Performance at tile_size (t2, t3, t4, t5) = (128, 16, 128, 64): 1794 ms
Performance at tile_size (t2, t3, t4, t5) = (128, 16, 128, 128): 1809 ms
Performance at tile_size (t2, t3, t4, t5) = (128, 16, 128, 256): 1862 ms
Performance at tile_size (t2, t3, t4, t5) = (128, 16, 256, 1): 1879 ms
Performance at tile_size (t2, t3, t4, t5) = (128, 16, 256, 2): 1889 ms
Performance at tile_size (t2, t3, t4, t5) = (128, 16, 256, 4): 1915 ms
Performance at tile_size (t2, t3, t4, t5) = (128, 16, 256, 8): 1881 ms
Performance at tile_size (t2, t3, t4, t5) = (128, 16, 256, 16): 1783 ms
Performance at tile_size (t2, t3, t4, t5) = (128, 16, 256, 32): 1916 ms
Performance at tile_size (t2, t3, t4, t5) = (128, 16, 256, 64): 1821 ms
Performance at tile_size (t2, t3, t4, t5) = (128, 16, 256, 128): 1791 ms
Performance at tile_size (t2, t3, t4, t5) = (128, 16, 256, 256): 1823 ms
Performance at tile_size (t2, t3, t4, t5) = (128, 32, 1, 1): 1774 ms
Performance at tile_size (t2, t3, t4, t5) = (128, 32, 1, 2): 1901 ms
Performance at tile_size (t2, t3, t4, t5) = (128, 32, 1, 4): 1836 ms
Performance at tile_size (t2, t3, t4, t5) = (128, 32, 1, 8): 1863 ms
Performance at tile_size (t2, t3, t4, t5) = (128, 32, 1, 16): 1778 ms
Performance at tile_size (t2, t3, t4, t5) = (128, 32, 1, 32): 1806 ms
Performance at tile_size (t2, t3, t4, t5) = (128, 32, 1, 64): 1789 ms
Performance at tile_size (t2, t3, t4, t5) = (128, 32, 1, 128): 1849 ms
Performance at tile_size (t2, t3, t4, t5) = (128, 32, 1, 256): 1830 ms
Performance at tile_size (t2, t3, t4, t5) = (128, 32, 2, 1): 1815 ms
Performance at tile_size (t2, t3, t4, t5) = (128, 32, 2, 2): 1833 ms
Performance at tile_size (t2, t3, t4, t5) = (128, 32, 2, 4): 1903 ms
Performance at tile_size (t2, t3, t4, t5) = (128, 32, 2, 8): 1801 ms
Performance at tile_size (t2, t3, t4, t5) = (128, 32, 2, 16): 1806 ms
Performance at tile_size (t2, t3, t4, t5) = (128, 32, 2, 32): 1864 ms
Performance at tile_size (t2, t3, t4, t5) = (128, 32, 2, 64): 1767 ms
Performance at tile_size (t2, t3, t4, t5) = (128, 32, 2, 128): 1854 ms
Performance at tile_size (t2, t3, t4, t5) = (128, 32, 2, 256): 1883 ms
Performance at tile_size (t2, t3, t4, t5) = (128, 32, 4, 1): 1917 ms
Performance at tile_size (t2, t3, t4, t5) = (128, 32, 4, 2): 1778 ms
Performance at tile_size (t2, t3, t4, t5) = (128, 32, 4, 4): 1810 ms
Performance at tile_size (t2, t3, t4, t5) = (128, 32, 4, 8): 1790 ms
Performance at tile_size (t2, t3, t4, t5) = (128, 32, 4, 16): 1873 ms
Performance at tile_size (t2, t3, t4, t5) = (128, 32, 4, 32): 1842 ms
Performance at tile_size (t2, t3, t4, t5) = (128, 32, 4, 64): 1775 ms
Performance at tile_size (t2, t3, t4, t5) = (128, 32, 4, 128): 1901 ms
Performance at tile_size (t2, t3, t4, t5) = (128, 32, 4, 256): 1811 ms
Performance at tile_size (t2, t3, t4, t5) = (128, 32, 8, 1): 1840 ms
Performance at tile_size (t2, t3, t4, t5) = (128, 32, 8, 2): 1868 ms
Performance at tile_size (t2, t3, t4, t5) = (128, 32, 8, 4): 1862 ms
Performance at tile_size (t2, t3, t4, t5) = (128, 32, 8, 8): 1917 ms
Performance at tile_size (t2, t3, t4, t5) = (128, 32, 8, 16): 1923 ms
Performance at tile_size (t2, t3, t4, t5) = (128, 32, 8, 32): 1824 ms
Performance at tile_size (t2, t3, t4, t5) = (128, 32, 8, 64): 1836 ms
Performance at tile_size (t2, t3, t4, t5) = (128, 32, 8, 128): 1779 ms
Performance at tile_size (t2, t3, t4, t5) = (128, 32, 8, 256): 1815 ms
Performance at tile_size (t2, t3, t4, t5) = (128, 32, 16, 1): 1935 ms
Performance at tile_size (t2, t3, t4, t5) = (128, 32, 16, 2): 1846 ms
Performance at tile_size (t2, t3, t4, t5) = (128, 32, 16, 4): 1894 ms
Performance at tile_size (t2, t3, t4, t5) = (128, 32, 16, 8): 1841 ms
Performance at tile_size (t2, t3, t4, t5) = (128, 32, 16, 16): 1782 ms
Performance at tile_size (t2, t3, t4, t5) = (128, 32, 16, 32): 1852 ms
Performance at tile_size (t2, t3, t4, t5) = (128, 32, 16, 64): 1886 ms
Performance at tile_size (t2, t3, t4, t5) = (128, 32, 16, 128): 1791 ms
Performance at tile_size (t2, t3, t4, t5) = (128, 32, 16, 256): 1970 ms
Performance at tile_size (t2, t3, t4, t5) = (128, 32, 32, 1): 1774 ms
Performance at tile_size (t2, t3, t4, t5) = (128, 32, 32, 2): 1916 ms
Performance at tile_size (t2, t3, t4, t5) = (128, 32, 32, 4): 1812 ms
Performance at tile_size (t2, t3, t4, t5) = (128, 32, 32, 8): 1788 ms
Performance at tile_size (t2, t3, t4, t5) = (128, 32, 32, 16): 1796 ms
Performance at tile_size (t2, t3, t4, t5) = (128, 32, 32, 32): 1822 ms
Performance at tile_size (t2, t3, t4, t5) = (128, 32, 32, 64): 1920 ms
Performance at tile_size (t2, t3, t4, t5) = (128, 32, 32, 128): 1833 ms
Performance at tile_size (t2, t3, t4, t5) = (128, 32, 32, 256): 1871 ms
Performance at tile_size (t2, t3, t4, t5) = (128, 32, 64, 1): 1836 ms
Performance at tile_size (t2, t3, t4, t5) = (128, 32, 64, 2): 1816 ms
Performance at tile_size (t2, t3, t4, t5) = (128, 32, 64, 4): 1863 ms
Performance at tile_size (t2, t3, t4, t5) = (128, 32, 64, 8): 1874 ms
Performance at tile_size (t2, t3, t4, t5) = (128, 32, 64, 16): 1908 ms
Performance at tile_size (t2, t3, t4, t5) = (128, 32, 64, 32): 1872 ms
Performance at tile_size (t2, t3, t4, t5) = (128, 32, 64, 64): 1832 ms
Performance at tile_size (t2, t3, t4, t5) = (128, 32, 64, 128): 1845 ms
Performance at tile_size (t2, t3, t4, t5) = (128, 32, 64, 256): 1835 ms
Performance at tile_size (t2, t3, t4, t5) = (128, 32, 128, 1): 1881 ms
Performance at tile_size (t2, t3, t4, t5) = (128, 32, 128, 2): 1788 ms
Performance at tile_size (t2, t3, t4, t5) = (128, 32, 128, 4): 1822 ms
Performance at tile_size (t2, t3, t4, t5) = (128, 32, 128, 8): 1814 ms
Performance at tile_size (t2, t3, t4, t5) = (128, 32, 128, 16): 1889 ms
Performance at tile_size (t2, t3, t4, t5) = (128, 32, 128, 32): 1928 ms
Performance at tile_size (t2, t3, t4, t5) = (128, 32, 128, 64): 1865 ms
Performance at tile_size (t2, t3, t4, t5) = (128, 32, 128, 128): 1834 ms
Performance at tile_size (t2, t3, t4, t5) = (128, 32, 128, 256): 1829 ms
Performance at tile_size (t2, t3, t4, t5) = (128, 32, 256, 1): 1866 ms
Performance at tile_size (t2, t3, t4, t5) = (128, 32, 256, 2): 1768 ms
Performance at tile_size (t2, t3, t4, t5) = (128, 32, 256, 4): 1895 ms
Performance at tile_size (t2, t3, t4, t5) = (128, 32, 256, 8): 1752 ms
Performance at tile_size (t2, t3, t4, t5) = (128, 32, 256, 16): 1858 ms
Performance at tile_size (t2, t3, t4, t5) = (128, 32, 256, 32): 1816 ms
Performance at tile_size (t2, t3, t4, t5) = (128, 32, 256, 64): 1772 ms
Performance at tile_size (t2, t3, t4, t5) = (128, 32, 256, 128): 1841 ms
Performance at tile_size (t2, t3, t4, t5) = (128, 32, 256, 256): 1847 ms
Performance at tile_size (t2, t3, t4, t5) = (128, 64, 1, 1): 1905 ms
Performance at tile_size (t2, t3, t4, t5) = (128, 64, 1, 2): 1856 ms
Performance at tile_size (t2, t3, t4, t5) = (128, 64, 1, 4): 1797 ms
Performance at tile_size (t2, t3, t4, t5) = (128, 64, 1, 8): 1807 ms
Performance at tile_size (t2, t3, t4, t5) = (128, 64, 1, 16): 1886 ms
Performance at tile_size (t2, t3, t4, t5) = (128, 64, 1, 32): 1822 ms
Performance at tile_size (t2, t3, t4, t5) = (128, 64, 1, 64): 1875 ms
Performance at tile_size (t2, t3, t4, t5) = (128, 64, 1, 128): 1927 ms
Performance at tile_size (t2, t3, t4, t5) = (128, 64, 1, 256): 1793 ms
Performance at tile_size (t2, t3, t4, t5) = (128, 64, 2, 1): 1871 ms
Performance at tile_size (t2, t3, t4, t5) = (128, 64, 2, 2): 1876 ms
Performance at tile_size (t2, t3, t4, t5) = (128, 64, 2, 4): 1882 ms
Performance at tile_size (t2, t3, t4, t5) = (128, 64, 2, 8): 1892 ms
Performance at tile_size (t2, t3, t4, t5) = (128, 64, 2, 16): 1940 ms
Performance at tile_size (t2, t3, t4, t5) = (128, 64, 2, 32): 1783 ms
Performance at tile_size (t2, t3, t4, t5) = (128, 64, 2, 64): 1877 ms
Performance at tile_size (t2, t3, t4, t5) = (128, 64, 2, 128): 1778 ms
Performance at tile_size (t2, t3, t4, t5) = (128, 64, 2, 256): 1810 ms
Performance at tile_size (t2, t3, t4, t5) = (128, 64, 4, 1): 1783 ms
Performance at tile_size (t2, t3, t4, t5) = (128, 64, 4, 2): 1899 ms
Performance at tile_size (t2, t3, t4, t5) = (128, 64, 4, 4): 1805 ms
Performance at tile_size (t2, t3, t4, t5) = (128, 64, 4, 8): 1820 ms
Performance at tile_size (t2, t3, t4, t5) = (128, 64, 4, 16): 1801 ms
Performance at tile_size (t2, t3, t4, t5) = (128, 64, 4, 32): 1887 ms
Performance at tile_size (t2, t3, t4, t5) = (128, 64, 4, 64): 1783 ms
Performance at tile_size (t2, t3, t4, t5) = (128, 64, 4, 128): 1781 ms
Performance at tile_size (t2, t3, t4, t5) = (128, 64, 4, 256): 1898 ms
Performance at tile_size (t2, t3, t4, t5) = (128, 64, 8, 1): 1919 ms
Performance at tile_size (t2, t3, t4, t5) = (128, 64, 8, 2): 1895 ms
Performance at tile_size (t2, t3, t4, t5) = (128, 64, 8, 4): 1808 ms
Performance at tile_size (t2, t3, t4, t5) = (128, 64, 8, 8): 1878 ms
Performance at tile_size (t2, t3, t4, t5) = (128, 64, 8, 16): 1811 ms
Performance at tile_size (t2, t3, t4, t5) = (128, 64, 8, 32): 1822 ms
Performance at tile_size (t2, t3, t4, t5) = (128, 64, 8, 64): 1853 ms
Performance at tile_size (t2, t3, t4, t5) = (128, 64, 8, 128): 1829 ms
Performance at tile_size (t2, t3, t4, t5) = (128, 64, 8, 256): 1891 ms
Performance at tile_size (t2, t3, t4, t5) = (128, 64, 16, 1): 1852 ms
Performance at tile_size (t2, t3, t4, t5) = (128, 64, 16, 2): 1854 ms
Performance at tile_size (t2, t3, t4, t5) = (128, 64, 16, 4): 1931 ms
Performance at tile_size (t2, t3, t4, t5) = (128, 64, 16, 8): 1907 ms
Performance at tile_size (t2, t3, t4, t5) = (128, 64, 16, 16): 1929 ms
Performance at tile_size (t2, t3, t4, t5) = (128, 64, 16, 32): 1844 ms
Performance at tile_size (t2, t3, t4, t5) = (128, 64, 16, 64): 1777 ms
Performance at tile_size (t2, t3, t4, t5) = (128, 64, 16, 128): 1918 ms
Performance at tile_size (t2, t3, t4, t5) = (128, 64, 16, 256): 1767 ms
Performance at tile_size (t2, t3, t4, t5) = (128, 64, 32, 1): 1853 ms
Performance at tile_size (t2, t3, t4, t5) = (128, 64, 32, 2): 1796 ms
Performance at tile_size (t2, t3, t4, t5) = (128, 64, 32, 4): 1821 ms
Performance at tile_size (t2, t3, t4, t5) = (128, 64, 32, 8): 1825 ms
Performance at tile_size (t2, t3, t4, t5) = (128, 64, 32, 16): 1879 ms
Performance at tile_size (t2, t3, t4, t5) = (128, 64, 32, 32): 1862 ms
Performance at tile_size (t2, t3, t4, t5) = (128, 64, 32, 64): 1871 ms
Performance at tile_size (t2, t3, t4, t5) = (128, 64, 32, 128): 1900 ms
Performance at tile_size (t2, t3, t4, t5) = (128, 64, 32, 256): 1772 ms
Performance at tile_size (t2, t3, t4, t5) = (128, 64, 64, 1): 1817 ms
Performance at tile_size (t2, t3, t4, t5) = (128, 64, 64, 2): 1790 ms
Performance at tile_size (t2, t3, t4, t5) = (128, 64, 64, 4): 1875 ms
Performance at tile_size (t2, t3, t4, t5) = (128, 64, 64, 8): 1885 ms
Performance at tile_size (t2, t3, t4, t5) = (128, 64, 64, 16): 1795 ms
Performance at tile_size (t2, t3, t4, t5) = (128, 64, 64, 32): 1870 ms
Performance at tile_size (t2, t3, t4, t5) = (128, 64, 64, 64): 1863 ms
Performance at tile_size (t2, t3, t4, t5) = (128, 64, 64, 128): 1798 ms
Performance at tile_size (t2, t3, t4, t5) = (128, 64, 64, 256): 1861 ms
Performance at tile_size (t2, t3, t4, t5) = (128, 64, 128, 1): 1774 ms
Performance at tile_size (t2, t3, t4, t5) = (128, 64, 128, 2): 1773 ms
Performance at tile_size (t2, t3, t4, t5) = (128, 64, 128, 4): 1891 ms
Performance at tile_size (t2, t3, t4, t5) = (128, 64, 128, 8): 1821 ms
Performance at tile_size (t2, t3, t4, t5) = (128, 64, 128, 16): 1931 ms
Performance at tile_size (t2, t3, t4, t5) = (128, 64, 128, 32): 1819 ms
Performance at tile_size (t2, t3, t4, t5) = (128, 64, 128, 64): 1852 ms
Performance at tile_size (t2, t3, t4, t5) = (128, 64, 128, 128): 1773 ms
Performance at tile_size (t2, t3, t4, t5) = (128, 64, 128, 256): 1864 ms
Performance at tile_size (t2, t3, t4, t5) = (128, 64, 256, 1): 1835 ms
Performance at tile_size (t2, t3, t4, t5) = (128, 64, 256, 2): 1828 ms
Performance at tile_size (t2, t3, t4, t5) = (128, 64, 256, 4): 1795 ms
Performance at tile_size (t2, t3, t4, t5) = (128, 64, 256, 8): 1870 ms
Performance at tile_size (t2, t3, t4, t5) = (128, 64, 256, 16): 1795 ms
Performance at tile_size (t2, t3, t4, t5) = (128, 64, 256, 32): 1834 ms
Performance at tile_size (t2, t3, t4, t5) = (128, 64, 256, 64): 1864 ms
Performance at tile_size (t2, t3, t4, t5) = (128, 64, 256, 128): 1790 ms
Performance at tile_size (t2, t3, t4, t5) = (128, 64, 256, 256): 1869 ms
Performance at tile_size (t2, t3, t4, t5) = (128, 128, 1, 1): 1886 ms
Performance at tile_size (t2, t3, t4, t5) = (128, 128, 1, 2): 1914 ms
Performance at tile_size (t2, t3, t4, t5) = (128, 128, 1, 4): 1790 ms
Performance at tile_size (t2, t3, t4, t5) = (128, 128, 1, 8): 1878 ms
Performance at tile_size (t2, t3, t4, t5) = (128, 128, 1, 16): 1807 ms
Performance at tile_size (t2, t3, t4, t5) = (128, 128, 1, 32): 1840 ms
Performance at tile_size (t2, t3, t4, t5) = (128, 128, 1, 64): 1753 ms
Performance at tile_size (t2, t3, t4, t5) = (128, 128, 1, 128): 1811 ms
Performance at tile_size (t2, t3, t4, t5) = (128, 128, 1, 256): 1902 ms
Performance at tile_size (t2, t3, t4, t5) = (128, 128, 2, 1): 1852 ms
Performance at tile_size (t2, t3, t4, t5) = (128, 128, 2, 2): 1791 ms
Performance at tile_size (t2, t3, t4, t5) = (128, 128, 2, 4): 1782 ms
Performance at tile_size (t2, t3, t4, t5) = (128, 128, 2, 8): 1873 ms
Performance at tile_size (t2, t3, t4, t5) = (128, 128, 2, 16): 1750 ms
Performance at tile_size (t2, t3, t4, t5) = (128, 128, 2, 32): 1860 ms
Performance at tile_size (t2, t3, t4, t5) = (128, 128, 2, 64): 1776 ms
Performance at tile_size (t2, t3, t4, t5) = (128, 128, 2, 128): 1881 ms
Performance at tile_size (t2, t3, t4, t5) = (128, 128, 2, 256): 1820 ms
Performance at tile_size (t2, t3, t4, t5) = (128, 128, 4, 1): 1809 ms
Performance at tile_size (t2, t3, t4, t5) = (128, 128, 4, 2): 1781 ms
Performance at tile_size (t2, t3, t4, t5) = (128, 128, 4, 4): 1857 ms
Performance at tile_size (t2, t3, t4, t5) = (128, 128, 4, 8): 1814 ms
Performance at tile_size (t2, t3, t4, t5) = (128, 128, 4, 16): 1864 ms
Performance at tile_size (t2, t3, t4, t5) = (128, 128, 4, 32): 1903 ms
Performance at tile_size (t2, t3, t4, t5) = (128, 128, 4, 64): 1849 ms
Performance at tile_size (t2, t3, t4, t5) = (128, 128, 4, 128): 1853 ms
Performance at tile_size (t2, t3, t4, t5) = (128, 128, 4, 256): 1857 ms
Performance at tile_size (t2, t3, t4, t5) = (128, 128, 8, 1): 1870 ms
Performance at tile_size (t2, t3, t4, t5) = (128, 128, 8, 2): 1812 ms
Performance at tile_size (t2, t3, t4, t5) = (128, 128, 8, 4): 1792 ms
Performance at tile_size (t2, t3, t4, t5) = (128, 128, 8, 8): 1836 ms
Performance at tile_size (t2, t3, t4, t5) = (128, 128, 8, 16): 1843 ms
Performance at tile_size (t2, t3, t4, t5) = (128, 128, 8, 32): 1813 ms
Performance at tile_size (t2, t3, t4, t5) = (128, 128, 8, 64): 1797 ms
Performance at tile_size (t2, t3, t4, t5) = (128, 128, 8, 128): 1859 ms
Performance at tile_size (t2, t3, t4, t5) = (128, 128, 8, 256): 1826 ms
Performance at tile_size (t2, t3, t4, t5) = (128, 128, 16, 1): 1797 ms
Performance at tile_size (t2, t3, t4, t5) = (128, 128, 16, 2): 1902 ms
Performance at tile_size (t2, t3, t4, t5) = (128, 128, 16, 4): 1885 ms
Performance at tile_size (t2, t3, t4, t5) = (128, 128, 16, 8): 1783 ms
Performance at tile_size (t2, t3, t4, t5) = (128, 128, 16, 16): 1931 ms
Performance at tile_size (t2, t3, t4, t5) = (128, 128, 16, 32): 1914 ms
Performance at tile_size (t2, t3, t4, t5) = (128, 128, 16, 64): 1720 ms
Performance at tile_size (t2, t3, t4, t5) = (128, 128, 16, 128): 1777 ms
Performance at tile_size (t2, t3, t4, t5) = (128, 128, 16, 256): 1855 ms
Performance at tile_size (t2, t3, t4, t5) = (128, 128, 32, 1): 1804 ms
Performance at tile_size (t2, t3, t4, t5) = (128, 128, 32, 2): 1772 ms
Performance at tile_size (t2, t3, t4, t5) = (128, 128, 32, 4): 1881 ms
Performance at tile_size (t2, t3, t4, t5) = (128, 128, 32, 8): 1768 ms
Performance at tile_size (t2, t3, t4, t5) = (128, 128, 32, 16): 1929 ms
Performance at tile_size (t2, t3, t4, t5) = (128, 128, 32, 32): 1878 ms
Performance at tile_size (t2, t3, t4, t5) = (128, 128, 32, 64): 1842 ms
Performance at tile_size (t2, t3, t4, t5) = (128, 128, 32, 128): 1861 ms
Performance at tile_size (t2, t3, t4, t5) = (128, 128, 32, 256): 1814 ms
Performance at tile_size (t2, t3, t4, t5) = (128, 128, 64, 1): 1803 ms
Performance at tile_size (t2, t3, t4, t5) = (128, 128, 64, 2): 1924 ms
Performance at tile_size (t2, t3, t4, t5) = (128, 128, 64, 4): 1770 ms
Performance at tile_size (t2, t3, t4, t5) = (128, 128, 64, 8): 1839 ms
Performance at tile_size (t2, t3, t4, t5) = (128, 128, 64, 16): 1796 ms
Performance at tile_size (t2, t3, t4, t5) = (128, 128, 64, 32): 1802 ms
Performance at tile_size (t2, t3, t4, t5) = (128, 128, 64, 64): 1880 ms
Performance at tile_size (t2, t3, t4, t5) = (128, 128, 64, 128): 1825 ms
Performance at tile_size (t2, t3, t4, t5) = (128, 128, 64, 256): 1913 ms
Performance at tile_size (t2, t3, t4, t5) = (128, 128, 128, 1): 1835 ms
Performance at tile_size (t2, t3, t4, t5) = (128, 128, 128, 2): 1821 ms
Performance at tile_size (t2, t3, t4, t5) = (128, 128, 128, 4): 1804 ms
Performance at tile_size (t2, t3, t4, t5) = (128, 128, 128, 8): 1783 ms
Performance at tile_size (t2, t3, t4, t5) = (128, 128, 128, 16): 1777 ms
Performance at tile_size (t2, t3, t4, t5) = (128, 128, 128, 32): 1807 ms
Performance at tile_size (t2, t3, t4, t5) = (128, 128, 128, 64): 1785 ms
Performance at tile_size (t2, t3, t4, t5) = (128, 128, 128, 128): 1822 ms
Performance at tile_size (t2, t3, t4, t5) = (128, 128, 128, 256): 1811 ms
Performance at tile_size (t2, t3, t4, t5) = (128, 128, 256, 1): 1826 ms
Performance at tile_size (t2, t3, t4, t5) = (128, 128, 256, 2): 1874 ms
Performance at tile_size (t2, t3, t4, t5) = (128, 128, 256, 4): 1915 ms
Performance at tile_size (t2, t3, t4, t5) = (128, 128, 256, 8): 1862 ms
Performance at tile_size (t2, t3, t4, t5) = (128, 128, 256, 16): 1795 ms
Performance at tile_size (t2, t3, t4, t5) = (128, 128, 256, 32): 1837 ms
Performance at tile_size (t2, t3, t4, t5) = (128, 128, 256, 64): 1809 ms
Performance at tile_size (t2, t3, t4, t5) = (128, 128, 256, 128): 1782 ms
Performance at tile_size (t2, t3, t4, t5) = (128, 128, 256, 256): 1785 ms
Performance at tile_size (t2, t3, t4, t5) = (128, 256, 1, 1): 1788 ms
Performance at tile_size (t2, t3, t4, t5) = (128, 256, 1, 2): 1854 ms
Performance at tile_size (t2, t3, t4, t5) = (128, 256, 1, 4): 1850 ms
Performance at tile_size (t2, t3, t4, t5) = (128, 256, 1, 8): 1893 ms
Performance at tile_size (t2, t3, t4, t5) = (128, 256, 1, 16): 1796 ms
Performance at tile_size (t2, t3, t4, t5) = (128, 256, 1, 32): 1886 ms
Performance at tile_size (t2, t3, t4, t5) = (128, 256, 1, 64): 1778 ms
Performance at tile_size (t2, t3, t4, t5) = (128, 256, 1, 128): 1792 ms
Performance at tile_size (t2, t3, t4, t5) = (128, 256, 1, 256): 1836 ms
Performance at tile_size (t2, t3, t4, t5) = (128, 256, 2, 1): 1855 ms
Performance at tile_size (t2, t3, t4, t5) = (128, 256, 2, 2): 1791 ms
Performance at tile_size (t2, t3, t4, t5) = (128, 256, 2, 4): 1782 ms
Performance at tile_size (t2, t3, t4, t5) = (128, 256, 2, 8): 1787 ms
Performance at tile_size (t2, t3, t4, t5) = (128, 256, 2, 16): 1825 ms
Performance at tile_size (t2, t3, t4, t5) = (128, 256, 2, 32): 1850 ms
Performance at tile_size (t2, t3, t4, t5) = (128, 256, 2, 64): 1854 ms
Performance at tile_size (t2, t3, t4, t5) = (128, 256, 2, 128): 1855 ms
Performance at tile_size (t2, t3, t4, t5) = (128, 256, 2, 256): 1870 ms
Performance at tile_size (t2, t3, t4, t5) = (128, 256, 4, 1): 1878 ms
Performance at tile_size (t2, t3, t4, t5) = (128, 256, 4, 2): 1827 ms
Performance at tile_size (t2, t3, t4, t5) = (128, 256, 4, 4): 1859 ms
Performance at tile_size (t2, t3, t4, t5) = (128, 256, 4, 8): 1838 ms
Performance at tile_size (t2, t3, t4, t5) = (128, 256, 4, 16): 1804 ms
Performance at tile_size (t2, t3, t4, t5) = (128, 256, 4, 32): 1926 ms
Performance at tile_size (t2, t3, t4, t5) = (128, 256, 4, 64): 1788 ms
Performance at tile_size (t2, t3, t4, t5) = (128, 256, 4, 128): 1899 ms
Performance at tile_size (t2, t3, t4, t5) = (128, 256, 4, 256): 1887 ms
Performance at tile_size (t2, t3, t4, t5) = (128, 256, 8, 1): 1897 ms
Performance at tile_size (t2, t3, t4, t5) = (128, 256, 8, 2): 1893 ms
Performance at tile_size (t2, t3, t4, t5) = (128, 256, 8, 4): 1838 ms
Performance at tile_size (t2, t3, t4, t5) = (128, 256, 8, 8): 1845 ms
Performance at tile_size (t2, t3, t4, t5) = (128, 256, 8, 16): 1858 ms
Performance at tile_size (t2, t3, t4, t5) = (128, 256, 8, 32): 1943 ms
Performance at tile_size (t2, t3, t4, t5) = (128, 256, 8, 64): 1822 ms
Performance at tile_size (t2, t3, t4, t5) = (128, 256, 8, 128): 1895 ms
Performance at tile_size (t2, t3, t4, t5) = (128, 256, 8, 256): 1907 ms
Performance at tile_size (t2, t3, t4, t5) = (128, 256, 16, 1): 1797 ms
Performance at tile_size (t2, t3, t4, t5) = (128, 256, 16, 2): 1815 ms
Performance at tile_size (t2, t3, t4, t5) = (128, 256, 16, 4): 1792 ms
Performance at tile_size (t2, t3, t4, t5) = (128, 256, 16, 8): 1889 ms
Performance at tile_size (t2, t3, t4, t5) = (128, 256, 16, 16): 1846 ms
Performance at tile_size (t2, t3, t4, t5) = (128, 256, 16, 32): 1774 ms
Performance at tile_size (t2, t3, t4, t5) = (128, 256, 16, 64): 1824 ms
Performance at tile_size (t2, t3, t4, t5) = (128, 256, 16, 128): 1750 ms
Performance at tile_size (t2, t3, t4, t5) = (128, 256, 16, 256): 1784 ms
Performance at tile_size (t2, t3, t4, t5) = (128, 256, 32, 1): 1796 ms
Performance at tile_size (t2, t3, t4, t5) = (128, 256, 32, 2): 1864 ms
Performance at tile_size (t2, t3, t4, t5) = (128, 256, 32, 4): 1789 ms
Performance at tile_size (t2, t3, t4, t5) = (128, 256, 32, 8): 1889 ms
Performance at tile_size (t2, t3, t4, t5) = (128, 256, 32, 16): 1928 ms
Performance at tile_size (t2, t3, t4, t5) = (128, 256, 32, 32): 1873 ms
Performance at tile_size (t2, t3, t4, t5) = (128, 256, 32, 64): 1854 ms
Performance at tile_size (t2, t3, t4, t5) = (128, 256, 32, 128): 1745 ms
Performance at tile_size (t2, t3, t4, t5) = (128, 256, 32, 256): 1888 ms
Performance at tile_size (t2, t3, t4, t5) = (128, 256, 64, 1): 1783 ms
Performance at tile_size (t2, t3, t4, t5) = (128, 256, 64, 2): 1802 ms
Performance at tile_size (t2, t3, t4, t5) = (128, 256, 64, 4): 1799 ms
Performance at tile_size (t2, t3, t4, t5) = (128, 256, 64, 8): 1847 ms
Performance at tile_size (t2, t3, t4, t5) = (128, 256, 64, 16): 1790 ms
Performance at tile_size (t2, t3, t4, t5) = (128, 256, 64, 32): 1857 ms
Performance at tile_size (t2, t3, t4, t5) = (128, 256, 64, 64): 1804 ms
Performance at tile_size (t2, t3, t4, t5) = (128, 256, 64, 128): 1822 ms
Performance at tile_size (t2, t3, t4, t5) = (128, 256, 64, 256): 1839 ms
Performance at tile_size (t2, t3, t4, t5) = (128, 256, 128, 1): 1781 ms
Performance at tile_size (t2, t3, t4, t5) = (128, 256, 128, 2): 1845 ms
Performance at tile_size (t2, t3, t4, t5) = (128, 256, 128, 4): 1858 ms
Performance at tile_size (t2, t3, t4, t5) = (128, 256, 128, 8): 1878 ms
Performance at tile_size (t2, t3, t4, t5) = (128, 256, 128, 16): 1792 ms
Performance at tile_size (t2, t3, t4, t5) = (128, 256, 128, 32): 1880 ms
Performance at tile_size (t2, t3, t4, t5) = (128, 256, 128, 64): 1908 ms
Performance at tile_size (t2, t3, t4, t5) = (128, 256, 128, 128): 1799 ms
Performance at tile_size (t2, t3, t4, t5) = (128, 256, 128, 256): 1830 ms
Performance at tile_size (t2, t3, t4, t5) = (128, 256, 256, 1): 1897 ms
Performance at tile_size (t2, t3, t4, t5) = (128, 256, 256, 2): 1853 ms
Performance at tile_size (t2, t3, t4, t5) = (128, 256, 256, 4): 1814 ms
Performance at tile_size (t2, t3, t4, t5) = (128, 256, 256, 8): 1816 ms
Performance at tile_size (t2, t3, t4, t5) = (128, 256, 256, 16): 1895 ms
Performance at tile_size (t2, t3, t4, t5) = (128, 256, 256, 32): 1830 ms
Performance at tile_size (t2, t3, t4, t5) = (128, 256, 256, 64): 1744 ms
Performance at tile_size (t2, t3, t4, t5) = (128, 256, 256, 128): 1797 ms
Performance at tile_size (t2, t3, t4, t5) = (128, 256, 256, 256): 1784 ms
Performance at tile_size (t2, t3, t4, t5) = (256, 1, 1, 1): 1783 ms
Performance at tile_size (t2, t3, t4, t5) = (256, 1, 1, 2): 1833 ms
Performance at tile_size (t2, t3, t4, t5) = (256, 1, 1, 4): 1791 ms
Performance at tile_size (t2, t3, t4, t5) = (256, 1, 1, 8): 1894 ms
Performance at tile_size (t2, t3, t4, t5) = (256, 1, 1, 16): 1786 ms
Performance at tile_size (t2, t3, t4, t5) = (256, 1, 1, 32): 1900 ms
Performance at tile_size (t2, t3, t4, t5) = (256, 1, 1, 64): 1776 ms
Performance at tile_size (t2, t3, t4, t5) = (256, 1, 1, 128): 1860 ms
Performance at tile_size (t2, t3, t4, t5) = (256, 1, 1, 256): 1820 ms
Performance at tile_size (t2, t3, t4, t5) = (256, 1, 2, 1): 1847 ms
Performance at tile_size (t2, t3, t4, t5) = (256, 1, 2, 2): 1846 ms
Performance at tile_size (t2, t3, t4, t5) = (256, 1, 2, 4): 1877 ms
Performance at tile_size (t2, t3, t4, t5) = (256, 1, 2, 8): 1805 ms
Performance at tile_size (t2, t3, t4, t5) = (256, 1, 2, 16): 1908 ms
Performance at tile_size (t2, t3, t4, t5) = (256, 1, 2, 32): 1856 ms
Performance at tile_size (t2, t3, t4, t5) = (256, 1, 2, 64): 1876 ms
Performance at tile_size (t2, t3, t4, t5) = (256, 1, 2, 128): 1831 ms
Performance at tile_size (t2, t3, t4, t5) = (256, 1, 2, 256): 1811 ms
Performance at tile_size (t2, t3, t4, t5) = (256, 1, 4, 1): 1837 ms
Performance at tile_size (t2, t3, t4, t5) = (256, 1, 4, 2): 1912 ms
Performance at tile_size (t2, t3, t4, t5) = (256, 1, 4, 4): 1803 ms
Performance at tile_size (t2, t3, t4, t5) = (256, 1, 4, 8): 1773 ms
Performance at tile_size (t2, t3, t4, t5) = (256, 1, 4, 16): 1845 ms
Performance at tile_size (t2, t3, t4, t5) = (256, 1, 4, 32): 1744 ms
Performance at tile_size (t2, t3, t4, t5) = (256, 1, 4, 64): 1821 ms
Performance at tile_size (t2, t3, t4, t5) = (256, 1, 4, 128): 1802 ms
Performance at tile_size (t2, t3, t4, t5) = (256, 1, 4, 256): 1800 ms
Performance at tile_size (t2, t3, t4, t5) = (256, 1, 8, 1): 1776 ms
Performance at tile_size (t2, t3, t4, t5) = (256, 1, 8, 2): 1788 ms
Performance at tile_size (t2, t3, t4, t5) = (256, 1, 8, 4): 1779 ms
Performance at tile_size (t2, t3, t4, t5) = (256, 1, 8, 8): 1879 ms
Performance at tile_size (t2, t3, t4, t5) = (256, 1, 8, 16): 1874 ms
Performance at tile_size (t2, t3, t4, t5) = (256, 1, 8, 32): 1794 ms
Performance at tile_size (t2, t3, t4, t5) = (256, 1, 8, 64): 1858 ms
Performance at tile_size (t2, t3, t4, t5) = (256, 1, 8, 128): 1884 ms
Performance at tile_size (t2, t3, t4, t5) = (256, 1, 8, 256): 1906 ms
Performance at tile_size (t2, t3, t4, t5) = (256, 1, 16, 1): 1746 ms
Performance at tile_size (t2, t3, t4, t5) = (256, 1, 16, 2): 1788 ms
Performance at tile_size (t2, t3, t4, t5) = (256, 1, 16, 4): 1780 ms
Performance at tile_size (t2, t3, t4, t5) = (256, 1, 16, 8): 1794 ms
Performance at tile_size (t2, t3, t4, t5) = (256, 1, 16, 16): 1836 ms
Performance at tile_size (t2, t3, t4, t5) = (256, 1, 16, 32): 1783 ms
Performance at tile_size (t2, t3, t4, t5) = (256, 1, 16, 64): 1781 ms
Performance at tile_size (t2, t3, t4, t5) = (256, 1, 16, 128): 1919 ms
Performance at tile_size (t2, t3, t4, t5) = (256, 1, 16, 256): 1864 ms
Performance at tile_size (t2, t3, t4, t5) = (256, 1, 32, 1): 1764 ms
Performance at tile_size (t2, t3, t4, t5) = (256, 1, 32, 2): 1791 ms
Performance at tile_size (t2, t3, t4, t5) = (256, 1, 32, 4): 1778 ms
Performance at tile_size (t2, t3, t4, t5) = (256, 1, 32, 8): 1799 ms
Performance at tile_size (t2, t3, t4, t5) = (256, 1, 32, 16): 1886 ms
Performance at tile_size (t2, t3, t4, t5) = (256, 1, 32, 32): 1745 ms
Performance at tile_size (t2, t3, t4, t5) = (256, 1, 32, 64): 1782 ms
Performance at tile_size (t2, t3, t4, t5) = (256, 1, 32, 128): 1822 ms
Performance at tile_size (t2, t3, t4, t5) = (256, 1, 32, 256): 1811 ms
Performance at tile_size (t2, t3, t4, t5) = (256, 1, 64, 1): 1771 ms
Performance at tile_size (t2, t3, t4, t5) = (256, 1, 64, 2): 1877 ms
Performance at tile_size (t2, t3, t4, t5) = (256, 1, 64, 4): 1765 ms
Performance at tile_size (t2, t3, t4, t5) = (256, 1, 64, 8): 1780 ms
Performance at tile_size (t2, t3, t4, t5) = (256, 1, 64, 16): 1907 ms
Performance at tile_size (t2, t3, t4, t5) = (256, 1, 64, 32): 1837 ms
Performance at tile_size (t2, t3, t4, t5) = (256, 1, 64, 64): 1797 ms
Performance at tile_size (t2, t3, t4, t5) = (256, 1, 64, 128): 1800 ms
Performance at tile_size (t2, t3, t4, t5) = (256, 1, 64, 256): 1828 ms
Performance at tile_size (t2, t3, t4, t5) = (256, 1, 128, 1): 1824 ms
Performance at tile_size (t2, t3, t4, t5) = (256, 1, 128, 2): 1851 ms
Performance at tile_size (t2, t3, t4, t5) = (256, 1, 128, 4): 1853 ms
Performance at tile_size (t2, t3, t4, t5) = (256, 1, 128, 8): 1824 ms
Performance at tile_size (t2, t3, t4, t5) = (256, 1, 128, 16): 1863 ms
Performance at tile_size (t2, t3, t4, t5) = (256, 1, 128, 32): 1954 ms
Performance at tile_size (t2, t3, t4, t5) = (256, 1, 128, 64): 1843 ms
Performance at tile_size (t2, t3, t4, t5) = (256, 1, 128, 128): 1874 ms
Performance at tile_size (t2, t3, t4, t5) = (256, 1, 128, 256): 1821 ms
Performance at tile_size (t2, t3, t4, t5) = (256, 1, 256, 1): 1892 ms
Performance at tile_size (t2, t3, t4, t5) = (256, 1, 256, 2): 1805 ms
Performance at tile_size (t2, t3, t4, t5) = (256, 1, 256, 4): 1784 ms
Performance at tile_size (t2, t3, t4, t5) = (256, 1, 256, 8): 1951 ms
Performance at tile_size (t2, t3, t4, t5) = (256, 1, 256, 16): 1819 ms
Performance at tile_size (t2, t3, t4, t5) = (256, 1, 256, 32): 1890 ms
Performance at tile_size (t2, t3, t4, t5) = (256, 1, 256, 64): 1824 ms
Performance at tile_size (t2, t3, t4, t5) = (256, 1, 256, 128): 1781 ms
Performance at tile_size (t2, t3, t4, t5) = (256, 1, 256, 256): 1847 ms
Performance at tile_size (t2, t3, t4, t5) = (256, 2, 1, 1): 1795 ms
Performance at tile_size (t2, t3, t4, t5) = (256, 2, 1, 2): 1867 ms
Performance at tile_size (t2, t3, t4, t5) = (256, 2, 1, 4): 1861 ms
Performance at tile_size (t2, t3, t4, t5) = (256, 2, 1, 8): 1860 ms
Performance at tile_size (t2, t3, t4, t5) = (256, 2, 1, 16): 1784 ms
Performance at tile_size (t2, t3, t4, t5) = (256, 2, 1, 32): 1873 ms
Performance at tile_size (t2, t3, t4, t5) = (256, 2, 1, 64): 1819 ms
Performance at tile_size (t2, t3, t4, t5) = (256, 2, 1, 128): 1827 ms
Performance at tile_size (t2, t3, t4, t5) = (256, 2, 1, 256): 1788 ms
Performance at tile_size (t2, t3, t4, t5) = (256, 2, 2, 1): 1778 ms
Performance at tile_size (t2, t3, t4, t5) = (256, 2, 2, 2): 1780 ms
Performance at tile_size (t2, t3, t4, t5) = (256, 2, 2, 4): 1911 ms
Performance at tile_size (t2, t3, t4, t5) = (256, 2, 2, 8): 1808 ms
Performance at tile_size (t2, t3, t4, t5) = (256, 2, 2, 16): 1883 ms
Performance at tile_size (t2, t3, t4, t5) = (256, 2, 2, 32): 1826 ms
Performance at tile_size (t2, t3, t4, t5) = (256, 2, 2, 64): 1974 ms
Performance at tile_size (t2, t3, t4, t5) = (256, 2, 2, 128): 1888 ms
Performance at tile_size (t2, t3, t4, t5) = (256, 2, 2, 256): 1865 ms
Performance at tile_size (t2, t3, t4, t5) = (256, 2, 4, 1): 1873 ms
Performance at tile_size (t2, t3, t4, t5) = (256, 2, 4, 2): 1814 ms
Performance at tile_size (t2, t3, t4, t5) = (256, 2, 4, 4): 1774 ms
Performance at tile_size (t2, t3, t4, t5) = (256, 2, 4, 8): 1800 ms
Performance at tile_size (t2, t3, t4, t5) = (256, 2, 4, 16): 1803 ms
Performance at tile_size (t2, t3, t4, t5) = (256, 2, 4, 32): 1909 ms
Performance at tile_size (t2, t3, t4, t5) = (256, 2, 4, 64): 1911 ms
Performance at tile_size (t2, t3, t4, t5) = (256, 2, 4, 128): 1880 ms
Performance at tile_size (t2, t3, t4, t5) = (256, 2, 4, 256): 1944 ms
Performance at tile_size (t2, t3, t4, t5) = (256, 2, 8, 1): 1887 ms
Performance at tile_size (t2, t3, t4, t5) = (256, 2, 8, 2): 1903 ms
Performance at tile_size (t2, t3, t4, t5) = (256, 2, 8, 4): 1875 ms
Performance at tile_size (t2, t3, t4, t5) = (256, 2, 8, 8): 1899 ms
Performance at tile_size (t2, t3, t4, t5) = (256, 2, 8, 16): 1932 ms
Performance at tile_size (t2, t3, t4, t5) = (256, 2, 8, 32): 1879 ms
Performance at tile_size (t2, t3, t4, t5) = (256, 2, 8, 64): 1901 ms
Performance at tile_size (t2, t3, t4, t5) = (256, 2, 8, 128): 1890 ms
Performance at tile_size (t2, t3, t4, t5) = (256, 2, 8, 256): 1830 ms
Performance at tile_size (t2, t3, t4, t5) = (256, 2, 16, 1): 1831 ms
Performance at tile_size (t2, t3, t4, t5) = (256, 2, 16, 2): 1757 ms
Performance at tile_size (t2, t3, t4, t5) = (256, 2, 16, 4): 1805 ms
Performance at tile_size (t2, t3, t4, t5) = (256, 2, 16, 8): 1780 ms
Performance at tile_size (t2, t3, t4, t5) = (256, 2, 16, 16): 1837 ms
Performance at tile_size (t2, t3, t4, t5) = (256, 2, 16, 32): 1774 ms
Performance at tile_size (t2, t3, t4, t5) = (256, 2, 16, 64): 1797 ms
Performance at tile_size (t2, t3, t4, t5) = (256, 2, 16, 128): 1844 ms
Performance at tile_size (t2, t3, t4, t5) = (256, 2, 16, 256): 1783 ms
Performance at tile_size (t2, t3, t4, t5) = (256, 2, 32, 1): 1773 ms
Performance at tile_size (t2, t3, t4, t5) = (256, 2, 32, 2): 1874 ms
Performance at tile_size (t2, t3, t4, t5) = (256, 2, 32, 4): 1882 ms
Performance at tile_size (t2, t3, t4, t5) = (256, 2, 32, 8): 1782 ms
Performance at tile_size (t2, t3, t4, t5) = (256, 2, 32, 16): 1789 ms
Performance at tile_size (t2, t3, t4, t5) = (256, 2, 32, 32): 1788 ms
Performance at tile_size (t2, t3, t4, t5) = (256, 2, 32, 64): 1812 ms
Performance at tile_size (t2, t3, t4, t5) = (256, 2, 32, 128): 1816 ms
Performance at tile_size (t2, t3, t4, t5) = (256, 2, 32, 256): 1786 ms
Performance at tile_size (t2, t3, t4, t5) = (256, 2, 64, 1): 1823 ms
Performance at tile_size (t2, t3, t4, t5) = (256, 2, 64, 2): 1783 ms
Performance at tile_size (t2, t3, t4, t5) = (256, 2, 64, 4): 1820 ms
Performance at tile_size (t2, t3, t4, t5) = (256, 2, 64, 8): 1838 ms
Performance at tile_size (t2, t3, t4, t5) = (256, 2, 64, 16): 1790 ms
Performance at tile_size (t2, t3, t4, t5) = (256, 2, 64, 32): 1886 ms
Performance at tile_size (t2, t3, t4, t5) = (256, 2, 64, 64): 1775 ms
Performance at tile_size (t2, t3, t4, t5) = (256, 2, 64, 128): 1892 ms
Performance at tile_size (t2, t3, t4, t5) = (256, 2, 64, 256): 1859 ms
Performance at tile_size (t2, t3, t4, t5) = (256, 2, 128, 1): 1884 ms
Performance at tile_size (t2, t3, t4, t5) = (256, 2, 128, 2): 1871 ms
Performance at tile_size (t2, t3, t4, t5) = (256, 2, 128, 4): 1769 ms
Performance at tile_size (t2, t3, t4, t5) = (256, 2, 128, 8): 1856 ms
Performance at tile_size (t2, t3, t4, t5) = (256, 2, 128, 16): 1805 ms
Performance at tile_size (t2, t3, t4, t5) = (256, 2, 128, 32): 1868 ms
Performance at tile_size (t2, t3, t4, t5) = (256, 2, 128, 64): 1751 ms
Performance at tile_size (t2, t3, t4, t5) = (256, 2, 128, 128): 1786 ms
Performance at tile_size (t2, t3, t4, t5) = (256, 2, 128, 256): 1903 ms
Performance at tile_size (t2, t3, t4, t5) = (256, 2, 256, 1): 1798 ms
Performance at tile_size (t2, t3, t4, t5) = (256, 2, 256, 2): 1806 ms
Performance at tile_size (t2, t3, t4, t5) = (256, 2, 256, 4): 1798 ms
Performance at tile_size (t2, t3, t4, t5) = (256, 2, 256, 8): 1883 ms
Performance at tile_size (t2, t3, t4, t5) = (256, 2, 256, 16): 1911 ms
Performance at tile_size (t2, t3, t4, t5) = (256, 2, 256, 32): 1847 ms
Performance at tile_size (t2, t3, t4, t5) = (256, 2, 256, 64): 1868 ms
Performance at tile_size (t2, t3, t4, t5) = (256, 2, 256, 128): 1781 ms
Performance at tile_size (t2, t3, t4, t5) = (256, 2, 256, 256): 1837 ms
Performance at tile_size (t2, t3, t4, t5) = (256, 4, 1, 1): 1864 ms
Performance at tile_size (t2, t3, t4, t5) = (256, 4, 1, 2): 1859 ms
Performance at tile_size (t2, t3, t4, t5) = (256, 4, 1, 4): 1793 ms
Performance at tile_size (t2, t3, t4, t5) = (256, 4, 1, 8): 1853 ms
Performance at tile_size (t2, t3, t4, t5) = (256, 4, 1, 16): 1954 ms
Performance at tile_size (t2, t3, t4, t5) = (256, 4, 1, 32): 1777 ms
Performance at tile_size (t2, t3, t4, t5) = (256, 4, 1, 64): 1862 ms
Performance at tile_size (t2, t3, t4, t5) = (256, 4, 1, 128): 1815 ms
Performance at tile_size (t2, t3, t4, t5) = (256, 4, 1, 256): 1841 ms
Performance at tile_size (t2, t3, t4, t5) = (256, 4, 2, 1): 1867 ms
Performance at tile_size (t2, t3, t4, t5) = (256, 4, 2, 2): 1760 ms
Performance at tile_size (t2, t3, t4, t5) = (256, 4, 2, 4): 1847 ms
Performance at tile_size (t2, t3, t4, t5) = (256, 4, 2, 8): 1802 ms
Performance at tile_size (t2, t3, t4, t5) = (256, 4, 2, 16): 1839 ms
Performance at tile_size (t2, t3, t4, t5) = (256, 4, 2, 32): 1803 ms
Performance at tile_size (t2, t3, t4, t5) = (256, 4, 2, 64): 1857 ms
Performance at tile_size (t2, t3, t4, t5) = (256, 4, 2, 128): 1767 ms
Performance at tile_size (t2, t3, t4, t5) = (256, 4, 2, 256): 1856 ms
Performance at tile_size (t2, t3, t4, t5) = (256, 4, 4, 1): 1866 ms
Performance at tile_size (t2, t3, t4, t5) = (256, 4, 4, 2): 1777 ms
Performance at tile_size (t2, t3, t4, t5) = (256, 4, 4, 4): 1799 ms
Performance at tile_size (t2, t3, t4, t5) = (256, 4, 4, 8): 1885 ms
Performance at tile_size (t2, t3, t4, t5) = (256, 4, 4, 16): 1793 ms
Performance at tile_size (t2, t3, t4, t5) = (256, 4, 4, 32): 1816 ms
Performance at tile_size (t2, t3, t4, t5) = (256, 4, 4, 64): 1804 ms
Performance at tile_size (t2, t3, t4, t5) = (256, 4, 4, 128): 1857 ms
Performance at tile_size (t2, t3, t4, t5) = (256, 4, 4, 256): 1787 ms
Performance at tile_size (t2, t3, t4, t5) = (256, 4, 8, 1): 1764 ms
Performance at tile_size (t2, t3, t4, t5) = (256, 4, 8, 2): 1849 ms
Performance at tile_size (t2, t3, t4, t5) = (256, 4, 8, 4): 1815 ms
Performance at tile_size (t2, t3, t4, t5) = (256, 4, 8, 8): 1795 ms
Performance at tile_size (t2, t3, t4, t5) = (256, 4, 8, 16): 1828 ms
Performance at tile_size (t2, t3, t4, t5) = (256, 4, 8, 32): 1886 ms
Performance at tile_size (t2, t3, t4, t5) = (256, 4, 8, 64): 1850 ms
Performance at tile_size (t2, t3, t4, t5) = (256, 4, 8, 128): 1807 ms
Performance at tile_size (t2, t3, t4, t5) = (256, 4, 8, 256): 1861 ms
Performance at tile_size (t2, t3, t4, t5) = (256, 4, 16, 1): 1786 ms
Performance at tile_size (t2, t3, t4, t5) = (256, 4, 16, 2): 1801 ms
Performance at tile_size (t2, t3, t4, t5) = (256, 4, 16, 4): 1881 ms
Performance at tile_size (t2, t3, t4, t5) = (256, 4, 16, 8): 1743 ms
Performance at tile_size (t2, t3, t4, t5) = (256, 4, 16, 16): 1772 ms
Performance at tile_size (t2, t3, t4, t5) = (256, 4, 16, 32): 1835 ms
Performance at tile_size (t2, t3, t4, t5) = (256, 4, 16, 64): 1853 ms
Performance at tile_size (t2, t3, t4, t5) = (256, 4, 16, 128): 1832 ms
Performance at tile_size (t2, t3, t4, t5) = (256, 4, 16, 256): 1908 ms
Performance at tile_size (t2, t3, t4, t5) = (256, 4, 32, 1): 1901 ms
Performance at tile_size (t2, t3, t4, t5) = (256, 4, 32, 2): 1789 ms
Performance at tile_size (t2, t3, t4, t5) = (256, 4, 32, 4): 1792 ms
Performance at tile_size (t2, t3, t4, t5) = (256, 4, 32, 8): 1798 ms
Performance at tile_size (t2, t3, t4, t5) = (256, 4, 32, 16): 1819 ms
Performance at tile_size (t2, t3, t4, t5) = (256, 4, 32, 32): 1905 ms
Performance at tile_size (t2, t3, t4, t5) = (256, 4, 32, 64): 1822 ms
Performance at tile_size (t2, t3, t4, t5) = (256, 4, 32, 128): 1866 ms
Performance at tile_size (t2, t3, t4, t5) = (256, 4, 32, 256): 1796 ms
Performance at tile_size (t2, t3, t4, t5) = (256, 4, 64, 1): 1863 ms
Performance at tile_size (t2, t3, t4, t5) = (256, 4, 64, 2): 1846 ms
Performance at tile_size (t2, t3, t4, t5) = (256, 4, 64, 4): 1805 ms
Performance at tile_size (t2, t3, t4, t5) = (256, 4, 64, 8): 1780 ms
Performance at tile_size (t2, t3, t4, t5) = (256, 4, 64, 16): 1875 ms
Performance at tile_size (t2, t3, t4, t5) = (256, 4, 64, 32): 1802 ms
Performance at tile_size (t2, t3, t4, t5) = (256, 4, 64, 64): 1775 ms
Performance at tile_size (t2, t3, t4, t5) = (256, 4, 64, 128): 1875 ms
Performance at tile_size (t2, t3, t4, t5) = (256, 4, 64, 256): 1786 ms
Performance at tile_size (t2, t3, t4, t5) = (256, 4, 128, 1): 1856 ms
Performance at tile_size (t2, t3, t4, t5) = (256, 4, 128, 2): 1870 ms
Performance at tile_size (t2, t3, t4, t5) = (256, 4, 128, 4): 1862 ms
Performance at tile_size (t2, t3, t4, t5) = (256, 4, 128, 8): 1840 ms
Performance at tile_size (t2, t3, t4, t5) = (256, 4, 128, 16): 1865 ms
Performance at tile_size (t2, t3, t4, t5) = (256, 4, 128, 32): 1825 ms
Performance at tile_size (t2, t3, t4, t5) = (256, 4, 128, 64): 1878 ms
Performance at tile_size (t2, t3, t4, t5) = (256, 4, 128, 128): 1884 ms
Performance at tile_size (t2, t3, t4, t5) = (256, 4, 128, 256): 1848 ms
Performance at tile_size (t2, t3, t4, t5) = (256, 4, 256, 1): 1832 ms
Performance at tile_size (t2, t3, t4, t5) = (256, 4, 256, 2): 1794 ms
Performance at tile_size (t2, t3, t4, t5) = (256, 4, 256, 4): 1793 ms
Performance at tile_size (t2, t3, t4, t5) = (256, 4, 256, 8): 1814 ms
Performance at tile_size (t2, t3, t4, t5) = (256, 4, 256, 16): 1870 ms
Performance at tile_size (t2, t3, t4, t5) = (256, 4, 256, 32): 1869 ms
Performance at tile_size (t2, t3, t4, t5) = (256, 4, 256, 64): 1854 ms
Performance at tile_size (t2, t3, t4, t5) = (256, 4, 256, 128): 1787 ms
Performance at tile_size (t2, t3, t4, t5) = (256, 4, 256, 256): 1840 ms
Performance at tile_size (t2, t3, t4, t5) = (256, 8, 1, 1): 1825 ms
Performance at tile_size (t2, t3, t4, t5) = (256, 8, 1, 2): 1851 ms
Performance at tile_size (t2, t3, t4, t5) = (256, 8, 1, 4): 1852 ms
Performance at tile_size (t2, t3, t4, t5) = (256, 8, 1, 8): 1809 ms
Performance at tile_size (t2, t3, t4, t5) = (256, 8, 1, 16): 1770 ms
Performance at tile_size (t2, t3, t4, t5) = (256, 8, 1, 32): 1811 ms
Performance at tile_size (t2, t3, t4, t5) = (256, 8, 1, 64): 1861 ms
Performance at tile_size (t2, t3, t4, t5) = (256, 8, 1, 128): 1835 ms
Performance at tile_size (t2, t3, t4, t5) = (256, 8, 1, 256): 1862 ms
Performance at tile_size (t2, t3, t4, t5) = (256, 8, 2, 1): 1871 ms
Performance at tile_size (t2, t3, t4, t5) = (256, 8, 2, 2): 1765 ms
Performance at tile_size (t2, t3, t4, t5) = (256, 8, 2, 4): 1836 ms
Performance at tile_size (t2, t3, t4, t5) = (256, 8, 2, 8): 1787 ms
Performance at tile_size (t2, t3, t4, t5) = (256, 8, 2, 16): 1811 ms
Performance at tile_size (t2, t3, t4, t5) = (256, 8, 2, 32): 1782 ms
Performance at tile_size (t2, t3, t4, t5) = (256, 8, 2, 64): 1882 ms
Performance at tile_size (t2, t3, t4, t5) = (256, 8, 2, 128): 1809 ms
Performance at tile_size (t2, t3, t4, t5) = (256, 8, 2, 256): 1838 ms
Performance at tile_size (t2, t3, t4, t5) = (256, 8, 4, 1): 1851 ms
Performance at tile_size (t2, t3, t4, t5) = (256, 8, 4, 2): 1840 ms
Performance at tile_size (t2, t3, t4, t5) = (256, 8, 4, 4): 1775 ms
Performance at tile_size (t2, t3, t4, t5) = (256, 8, 4, 8): 1772 ms
Performance at tile_size (t2, t3, t4, t5) = (256, 8, 4, 16): 1920 ms
Performance at tile_size (t2, t3, t4, t5) = (256, 8, 4, 32): 1801 ms
Performance at tile_size (t2, t3, t4, t5) = (256, 8, 4, 64): 1798 ms
Performance at tile_size (t2, t3, t4, t5) = (256, 8, 4, 128): 1847 ms
Performance at tile_size (t2, t3, t4, t5) = (256, 8, 4, 256): 1834 ms
Performance at tile_size (t2, t3, t4, t5) = (256, 8, 8, 1): 1793 ms
Performance at tile_size (t2, t3, t4, t5) = (256, 8, 8, 2): 1922 ms
Performance at tile_size (t2, t3, t4, t5) = (256, 8, 8, 4): 1812 ms
Performance at tile_size (t2, t3, t4, t5) = (256, 8, 8, 8): 1801 ms
Performance at tile_size (t2, t3, t4, t5) = (256, 8, 8, 16): 1809 ms
Performance at tile_size (t2, t3, t4, t5) = (256, 8, 8, 32): 1853 ms
Performance at tile_size (t2, t3, t4, t5) = (256, 8, 8, 64): 1831 ms
Performance at tile_size (t2, t3, t4, t5) = (256, 8, 8, 128): 1823 ms
Performance at tile_size (t2, t3, t4, t5) = (256, 8, 8, 256): 1770 ms
Performance at tile_size (t2, t3, t4, t5) = (256, 8, 16, 1): 1931 ms
Performance at tile_size (t2, t3, t4, t5) = (256, 8, 16, 2): 1793 ms
Performance at tile_size (t2, t3, t4, t5) = (256, 8, 16, 4): 1835 ms
Performance at tile_size (t2, t3, t4, t5) = (256, 8, 16, 8): 1812 ms
Performance at tile_size (t2, t3, t4, t5) = (256, 8, 16, 16): 1777 ms
Performance at tile_size (t2, t3, t4, t5) = (256, 8, 16, 32): 1810 ms
Performance at tile_size (t2, t3, t4, t5) = (256, 8, 16, 64): 1780 ms
Performance at tile_size (t2, t3, t4, t5) = (256, 8, 16, 128): 1839 ms
Performance at tile_size (t2, t3, t4, t5) = (256, 8, 16, 256): 1870 ms
Performance at tile_size (t2, t3, t4, t5) = (256, 8, 32, 1): 1878 ms
Performance at tile_size (t2, t3, t4, t5) = (256, 8, 32, 2): 1805 ms
Performance at tile_size (t2, t3, t4, t5) = (256, 8, 32, 4): 1848 ms
Performance at tile_size (t2, t3, t4, t5) = (256, 8, 32, 8): 1857 ms
Performance at tile_size (t2, t3, t4, t5) = (256, 8, 32, 16): 1842 ms
Performance at tile_size (t2, t3, t4, t5) = (256, 8, 32, 32): 1919 ms
Performance at tile_size (t2, t3, t4, t5) = (256, 8, 32, 64): 1949 ms
Performance at tile_size (t2, t3, t4, t5) = (256, 8, 32, 128): 1870 ms
Performance at tile_size (t2, t3, t4, t5) = (256, 8, 32, 256): 1830 ms
Performance at tile_size (t2, t3, t4, t5) = (256, 8, 64, 1): 1897 ms
Performance at tile_size (t2, t3, t4, t5) = (256, 8, 64, 2): 1773 ms
Performance at tile_size (t2, t3, t4, t5) = (256, 8, 64, 4): 1773 ms
Performance at tile_size (t2, t3, t4, t5) = (256, 8, 64, 8): 1836 ms
Performance at tile_size (t2, t3, t4, t5) = (256, 8, 64, 16): 1894 ms
Performance at tile_size (t2, t3, t4, t5) = (256, 8, 64, 32): 1761 ms
Performance at tile_size (t2, t3, t4, t5) = (256, 8, 64, 64): 1849 ms
Performance at tile_size (t2, t3, t4, t5) = (256, 8, 64, 128): 1862 ms
Performance at tile_size (t2, t3, t4, t5) = (256, 8, 64, 256): 1944 ms
Performance at tile_size (t2, t3, t4, t5) = (256, 8, 128, 1): 1853 ms
Performance at tile_size (t2, t3, t4, t5) = (256, 8, 128, 2): 1822 ms
Performance at tile_size (t2, t3, t4, t5) = (256, 8, 128, 4): 1862 ms
Performance at tile_size (t2, t3, t4, t5) = (256, 8, 128, 8): 1816 ms
Performance at tile_size (t2, t3, t4, t5) = (256, 8, 128, 16): 1787 ms
Performance at tile_size (t2, t3, t4, t5) = (256, 8, 128, 32): 1850 ms
Performance at tile_size (t2, t3, t4, t5) = (256, 8, 128, 64): 1811 ms
Performance at tile_size (t2, t3, t4, t5) = (256, 8, 128, 128): 1799 ms
Performance at tile_size (t2, t3, t4, t5) = (256, 8, 128, 256): 1781 ms
Performance at tile_size (t2, t3, t4, t5) = (256, 8, 256, 1): 1918 ms
Performance at tile_size (t2, t3, t4, t5) = (256, 8, 256, 2): 1886 ms
Performance at tile_size (t2, t3, t4, t5) = (256, 8, 256, 4): 1909 ms
Performance at tile_size (t2, t3, t4, t5) = (256, 8, 256, 8): 1878 ms
Performance at tile_size (t2, t3, t4, t5) = (256, 8, 256, 16): 1916 ms
Performance at tile_size (t2, t3, t4, t5) = (256, 8, 256, 32): 1904 ms
Performance at tile_size (t2, t3, t4, t5) = (256, 8, 256, 64): 1884 ms
Performance at tile_size (t2, t3, t4, t5) = (256, 8, 256, 128): 1859 ms
Performance at tile_size (t2, t3, t4, t5) = (256, 8, 256, 256): 1780 ms
Performance at tile_size (t2, t3, t4, t5) = (256, 16, 1, 1): 1765 ms
Performance at tile_size (t2, t3, t4, t5) = (256, 16, 1, 2): 1867 ms
Performance at tile_size (t2, t3, t4, t5) = (256, 16, 1, 4): 1769 ms
Performance at tile_size (t2, t3, t4, t5) = (256, 16, 1, 8): 1789 ms
Performance at tile_size (t2, t3, t4, t5) = (256, 16, 1, 16): 1848 ms
Performance at tile_size (t2, t3, t4, t5) = (256, 16, 1, 32): 1878 ms
Performance at tile_size (t2, t3, t4, t5) = (256, 16, 1, 64): 1866 ms
Performance at tile_size (t2, t3, t4, t5) = (256, 16, 1, 128): 1870 ms
Performance at tile_size (t2, t3, t4, t5) = (256, 16, 1, 256): 1798 ms
Performance at tile_size (t2, t3, t4, t5) = (256, 16, 2, 1): 1802 ms
Performance at tile_size (t2, t3, t4, t5) = (256, 16, 2, 2): 1838 ms
Performance at tile_size (t2, t3, t4, t5) = (256, 16, 2, 4): 1914 ms
Performance at tile_size (t2, t3, t4, t5) = (256, 16, 2, 8): 1773 ms
Performance at tile_size (t2, t3, t4, t5) = (256, 16, 2, 16): 1832 ms
Performance at tile_size (t2, t3, t4, t5) = (256, 16, 2, 32): 1861 ms
Performance at tile_size (t2, t3, t4, t5) = (256, 16, 2, 64): 1788 ms
Performance at tile_size (t2, t3, t4, t5) = (256, 16, 2, 128): 1872 ms
Performance at tile_size (t2, t3, t4, t5) = (256, 16, 2, 256): 1780 ms
Performance at tile_size (t2, t3, t4, t5) = (256, 16, 4, 1): 1787 ms
Performance at tile_size (t2, t3, t4, t5) = (256, 16, 4, 2): 1808 ms
Performance at tile_size (t2, t3, t4, t5) = (256, 16, 4, 4): 1783 ms
Performance at tile_size (t2, t3, t4, t5) = (256, 16, 4, 8): 1851 ms
Performance at tile_size (t2, t3, t4, t5) = (256, 16, 4, 16): 1882 ms
Performance at tile_size (t2, t3, t4, t5) = (256, 16, 4, 32): 1785 ms
Performance at tile_size (t2, t3, t4, t5) = (256, 16, 4, 64): 1849 ms
Performance at tile_size (t2, t3, t4, t5) = (256, 16, 4, 128): 1812 ms
Performance at tile_size (t2, t3, t4, t5) = (256, 16, 4, 256): 1793 ms
Performance at tile_size (t2, t3, t4, t5) = (256, 16, 8, 1): 1953 ms
Performance at tile_size (t2, t3, t4, t5) = (256, 16, 8, 2): 1767 ms
Performance at tile_size (t2, t3, t4, t5) = (256, 16, 8, 4): 1747 ms
Performance at tile_size (t2, t3, t4, t5) = (256, 16, 8, 8): 1881 ms
Performance at tile_size (t2, t3, t4, t5) = (256, 16, 8, 16): 1849 ms
Performance at tile_size (t2, t3, t4, t5) = (256, 16, 8, 32): 1852 ms
Performance at tile_size (t2, t3, t4, t5) = (256, 16, 8, 64): 1890 ms
Performance at tile_size (t2, t3, t4, t5) = (256, 16, 8, 128): 1868 ms
Performance at tile_size (t2, t3, t4, t5) = (256, 16, 8, 256): 1897 ms
Performance at tile_size (t2, t3, t4, t5) = (256, 16, 16, 1): 1900 ms
Performance at tile_size (t2, t3, t4, t5) = (256, 16, 16, 2): 1782 ms
Performance at tile_size (t2, t3, t4, t5) = (256, 16, 16, 4): 1856 ms
Performance at tile_size (t2, t3, t4, t5) = (256, 16, 16, 8): 1874 ms
Performance at tile_size (t2, t3, t4, t5) = (256, 16, 16, 16): 1886 ms
Performance at tile_size (t2, t3, t4, t5) = (256, 16, 16, 32): 1824 ms
Performance at tile_size (t2, t3, t4, t5) = (256, 16, 16, 64): 1798 ms
Performance at tile_size (t2, t3, t4, t5) = (256, 16, 16, 128): 1776 ms
Performance at tile_size (t2, t3, t4, t5) = (256, 16, 16, 256): 1901 ms
Performance at tile_size (t2, t3, t4, t5) = (256, 16, 32, 1): 1886 ms
Performance at tile_size (t2, t3, t4, t5) = (256, 16, 32, 2): 1885 ms
Performance at tile_size (t2, t3, t4, t5) = (256, 16, 32, 4): 1832 ms
Performance at tile_size (t2, t3, t4, t5) = (256, 16, 32, 8): 1783 ms
Performance at tile_size (t2, t3, t4, t5) = (256, 16, 32, 16): 1809 ms
Performance at tile_size (t2, t3, t4, t5) = (256, 16, 32, 32): 1859 ms
Performance at tile_size (t2, t3, t4, t5) = (256, 16, 32, 64): 1904 ms
Performance at tile_size (t2, t3, t4, t5) = (256, 16, 32, 128): 1890 ms
Performance at tile_size (t2, t3, t4, t5) = (256, 16, 32, 256): 1828 ms
Performance at tile_size (t2, t3, t4, t5) = (256, 16, 64, 1): 1883 ms
Performance at tile_size (t2, t3, t4, t5) = (256, 16, 64, 2): 1784 ms
Performance at tile_size (t2, t3, t4, t5) = (256, 16, 64, 4): 1877 ms
Performance at tile_size (t2, t3, t4, t5) = (256, 16, 64, 8): 1787 ms
Performance at tile_size (t2, t3, t4, t5) = (256, 16, 64, 16): 1776 ms
Performance at tile_size (t2, t3, t4, t5) = (256, 16, 64, 32): 1813 ms
Performance at tile_size (t2, t3, t4, t5) = (256, 16, 64, 64): 1881 ms
Performance at tile_size (t2, t3, t4, t5) = (256, 16, 64, 128): 1898 ms
Performance at tile_size (t2, t3, t4, t5) = (256, 16, 64, 256): 1827 ms
Performance at tile_size (t2, t3, t4, t5) = (256, 16, 128, 1): 1780 ms
Performance at tile_size (t2, t3, t4, t5) = (256, 16, 128, 2): 1888 ms
Performance at tile_size (t2, t3, t4, t5) = (256, 16, 128, 4): 1892 ms
Performance at tile_size (t2, t3, t4, t5) = (256, 16, 128, 8): 1847 ms
Performance at tile_size (t2, t3, t4, t5) = (256, 16, 128, 16): 1863 ms
Performance at tile_size (t2, t3, t4, t5) = (256, 16, 128, 32): 1897 ms
Performance at tile_size (t2, t3, t4, t5) = (256, 16, 128, 64): 1840 ms
Performance at tile_size (t2, t3, t4, t5) = (256, 16, 128, 128): 1873 ms
Performance at tile_size (t2, t3, t4, t5) = (256, 16, 128, 256): 1819 ms
Performance at tile_size (t2, t3, t4, t5) = (256, 16, 256, 1): 1817 ms
Performance at tile_size (t2, t3, t4, t5) = (256, 16, 256, 2): 1798 ms
Performance at tile_size (t2, t3, t4, t5) = (256, 16, 256, 4): 1800 ms
Performance at tile_size (t2, t3, t4, t5) = (256, 16, 256, 8): 1917 ms
Performance at tile_size (t2, t3, t4, t5) = (256, 16, 256, 16): 1937 ms
Performance at tile_size (t2, t3, t4, t5) = (256, 16, 256, 32): 1840 ms
Performance at tile_size (t2, t3, t4, t5) = (256, 16, 256, 64): 1884 ms
Performance at tile_size (t2, t3, t4, t5) = (256, 16, 256, 128): 1820 ms
Performance at tile_size (t2, t3, t4, t5) = (256, 16, 256, 256): 1790 ms
Performance at tile_size (t2, t3, t4, t5) = (256, 32, 1, 1): 1801 ms
Performance at tile_size (t2, t3, t4, t5) = (256, 32, 1, 2): 1873 ms
Performance at tile_size (t2, t3, t4, t5) = (256, 32, 1, 4): 1820 ms
Performance at tile_size (t2, t3, t4, t5) = (256, 32, 1, 8): 1859 ms
Performance at tile_size (t2, t3, t4, t5) = (256, 32, 1, 16): 1849 ms
Performance at tile_size (t2, t3, t4, t5) = (256, 32, 1, 32): 1864 ms
Performance at tile_size (t2, t3, t4, t5) = (256, 32, 1, 64): 1758 ms
Performance at tile_size (t2, t3, t4, t5) = (256, 32, 1, 128): 1857 ms
Performance at tile_size (t2, t3, t4, t5) = (256, 32, 1, 256): 1876 ms
Performance at tile_size (t2, t3, t4, t5) = (256, 32, 2, 1): 1853 ms
Performance at tile_size (t2, t3, t4, t5) = (256, 32, 2, 2): 1870 ms
Performance at tile_size (t2, t3, t4, t5) = (256, 32, 2, 4): 1864 ms
Performance at tile_size (t2, t3, t4, t5) = (256, 32, 2, 8): 1738 ms
Performance at tile_size (t2, t3, t4, t5) = (256, 32, 2, 16): 1890 ms
Performance at tile_size (t2, t3, t4, t5) = (256, 32, 2, 32): 1779 ms
Performance at tile_size (t2, t3, t4, t5) = (256, 32, 2, 64): 1751 ms
Performance at tile_size (t2, t3, t4, t5) = (256, 32, 2, 128): 1897 ms
Performance at tile_size (t2, t3, t4, t5) = (256, 32, 2, 256): 1819 ms
Performance at tile_size (t2, t3, t4, t5) = (256, 32, 4, 1): 1786 ms
Performance at tile_size (t2, t3, t4, t5) = (256, 32, 4, 2): 1765 ms
Performance at tile_size (t2, t3, t4, t5) = (256, 32, 4, 4): 1866 ms
Performance at tile_size (t2, t3, t4, t5) = (256, 32, 4, 8): 1782 ms
Performance at tile_size (t2, t3, t4, t5) = (256, 32, 4, 16): 1787 ms
Performance at tile_size (t2, t3, t4, t5) = (256, 32, 4, 32): 1799 ms
Performance at tile_size (t2, t3, t4, t5) = (256, 32, 4, 64): 1865 ms
Performance at tile_size (t2, t3, t4, t5) = (256, 32, 4, 128): 1802 ms
Performance at tile_size (t2, t3, t4, t5) = (256, 32, 4, 256): 1807 ms
Performance at tile_size (t2, t3, t4, t5) = (256, 32, 8, 1): 1857 ms
Performance at tile_size (t2, t3, t4, t5) = (256, 32, 8, 2): 1896 ms
Performance at tile_size (t2, t3, t4, t5) = (256, 32, 8, 4): 1881 ms
Performance at tile_size (t2, t3, t4, t5) = (256, 32, 8, 8): 1800 ms
Performance at tile_size (t2, t3, t4, t5) = (256, 32, 8, 16): 1899 ms
Performance at tile_size (t2, t3, t4, t5) = (256, 32, 8, 32): 1896 ms
Performance at tile_size (t2, t3, t4, t5) = (256, 32, 8, 64): 1919 ms
Performance at tile_size (t2, t3, t4, t5) = (256, 32, 8, 128): 1864 ms
Performance at tile_size (t2, t3, t4, t5) = (256, 32, 8, 256): 1898 ms
Performance at tile_size (t2, t3, t4, t5) = (256, 32, 16, 1): 1870 ms
Performance at tile_size (t2, t3, t4, t5) = (256, 32, 16, 2): 1855 ms
Performance at tile_size (t2, t3, t4, t5) = (256, 32, 16, 4): 1813 ms
Performance at tile_size (t2, t3, t4, t5) = (256, 32, 16, 8): 1830 ms
Performance at tile_size (t2, t3, t4, t5) = (256, 32, 16, 16): 1897 ms
Performance at tile_size (t2, t3, t4, t5) = (256, 32, 16, 32): 1892 ms
Performance at tile_size (t2, t3, t4, t5) = (256, 32, 16, 64): 1846 ms
Performance at tile_size (t2, t3, t4, t5) = (256, 32, 16, 128): 1883 ms
Performance at tile_size (t2, t3, t4, t5) = (256, 32, 16, 256): 1844 ms
Performance at tile_size (t2, t3, t4, t5) = (256, 32, 32, 1): 1864 ms
Performance at tile_size (t2, t3, t4, t5) = (256, 32, 32, 2): 1786 ms
Performance at tile_size (t2, t3, t4, t5) = (256, 32, 32, 4): 1873 ms
Performance at tile_size (t2, t3, t4, t5) = (256, 32, 32, 8): 1885 ms
Performance at tile_size (t2, t3, t4, t5) = (256, 32, 32, 16): 1864 ms
Performance at tile_size (t2, t3, t4, t5) = (256, 32, 32, 32): 1803 ms
Performance at tile_size (t2, t3, t4, t5) = (256, 32, 32, 64): 1870 ms
Performance at tile_size (t2, t3, t4, t5) = (256, 32, 32, 128): 1782 ms
Performance at tile_size (t2, t3, t4, t5) = (256, 32, 32, 256): 1798 ms
Performance at tile_size (t2, t3, t4, t5) = (256, 32, 64, 1): 1849 ms
Performance at tile_size (t2, t3, t4, t5) = (256, 32, 64, 2): 1766 ms
Performance at tile_size (t2, t3, t4, t5) = (256, 32, 64, 4): 1784 ms
Performance at tile_size (t2, t3, t4, t5) = (256, 32, 64, 8): 1761 ms
Performance at tile_size (t2, t3, t4, t5) = (256, 32, 64, 16): 1859 ms
Performance at tile_size (t2, t3, t4, t5) = (256, 32, 64, 32): 1908 ms
Performance at tile_size (t2, t3, t4, t5) = (256, 32, 64, 64): 1980 ms
Performance at tile_size (t2, t3, t4, t5) = (256, 32, 64, 128): 1908 ms
Performance at tile_size (t2, t3, t4, t5) = (256, 32, 64, 256): 1886 ms
Performance at tile_size (t2, t3, t4, t5) = (256, 32, 128, 1): 1912 ms
Performance at tile_size (t2, t3, t4, t5) = (256, 32, 128, 2): 1874 ms
Performance at tile_size (t2, t3, t4, t5) = (256, 32, 128, 4): 1869 ms
Performance at tile_size (t2, t3, t4, t5) = (256, 32, 128, 8): 1863 ms
Performance at tile_size (t2, t3, t4, t5) = (256, 32, 128, 16): 1891 ms
Performance at tile_size (t2, t3, t4, t5) = (256, 32, 128, 32): 1799 ms
Performance at tile_size (t2, t3, t4, t5) = (256, 32, 128, 64): 1780 ms
Performance at tile_size (t2, t3, t4, t5) = (256, 32, 128, 128): 1824 ms
Performance at tile_size (t2, t3, t4, t5) = (256, 32, 128, 256): 1796 ms
Performance at tile_size (t2, t3, t4, t5) = (256, 32, 256, 1): 1822 ms
Performance at tile_size (t2, t3, t4, t5) = (256, 32, 256, 2): 1830 ms
Performance at tile_size (t2, t3, t4, t5) = (256, 32, 256, 4): 1859 ms
Performance at tile_size (t2, t3, t4, t5) = (256, 32, 256, 8): 1820 ms
Performance at tile_size (t2, t3, t4, t5) = (256, 32, 256, 16): 1895 ms
Performance at tile_size (t2, t3, t4, t5) = (256, 32, 256, 32): 1831 ms
Performance at tile_size (t2, t3, t4, t5) = (256, 32, 256, 64): 1786 ms
Performance at tile_size (t2, t3, t4, t5) = (256, 32, 256, 128): 1860 ms
Performance at tile_size (t2, t3, t4, t5) = (256, 32, 256, 256): 1801 ms
Performance at tile_size (t2, t3, t4, t5) = (256, 64, 1, 1): 1790 ms
Performance at tile_size (t2, t3, t4, t5) = (256, 64, 1, 2): 1772 ms
Performance at tile_size (t2, t3, t4, t5) = (256, 64, 1, 4): 1891 ms
Performance at tile_size (t2, t3, t4, t5) = (256, 64, 1, 8): 1795 ms
Performance at tile_size (t2, t3, t4, t5) = (256, 64, 1, 16): 1865 ms
Performance at tile_size (t2, t3, t4, t5) = (256, 64, 1, 32): 1759 ms
Performance at tile_size (t2, t3, t4, t5) = (256, 64, 1, 64): 1879 ms
Performance at tile_size (t2, t3, t4, t5) = (256, 64, 1, 128): 1840 ms
Performance at tile_size (t2, t3, t4, t5) = (256, 64, 1, 256): 1822 ms
Performance at tile_size (t2, t3, t4, t5) = (256, 64, 2, 1): 1877 ms
Performance at tile_size (t2, t3, t4, t5) = (256, 64, 2, 2): 1937 ms
Performance at tile_size (t2, t3, t4, t5) = (256, 64, 2, 4): 1816 ms
Performance at tile_size (t2, t3, t4, t5) = (256, 64, 2, 8): 1786 ms
Performance at tile_size (t2, t3, t4, t5) = (256, 64, 2, 16): 1821 ms
Performance at tile_size (t2, t3, t4, t5) = (256, 64, 2, 32): 1850 ms
Performance at tile_size (t2, t3, t4, t5) = (256, 64, 2, 64): 1798 ms
Performance at tile_size (t2, t3, t4, t5) = (256, 64, 2, 128): 1809 ms
Performance at tile_size (t2, t3, t4, t5) = (256, 64, 2, 256): 1884 ms
Performance at tile_size (t2, t3, t4, t5) = (256, 64, 4, 1): 1885 ms
Performance at tile_size (t2, t3, t4, t5) = (256, 64, 4, 2): 1843 ms
Performance at tile_size (t2, t3, t4, t5) = (256, 64, 4, 4): 1894 ms
Performance at tile_size (t2, t3, t4, t5) = (256, 64, 4, 8): 1788 ms
Performance at tile_size (t2, t3, t4, t5) = (256, 64, 4, 16): 1755 ms
Performance at tile_size (t2, t3, t4, t5) = (256, 64, 4, 32): 1918 ms
Performance at tile_size (t2, t3, t4, t5) = (256, 64, 4, 64): 1777 ms
Performance at tile_size (t2, t3, t4, t5) = (256, 64, 4, 128): 1756 ms
Performance at tile_size (t2, t3, t4, t5) = (256, 64, 4, 256): 1769 ms
Performance at tile_size (t2, t3, t4, t5) = (256, 64, 8, 1): 1753 ms
Performance at tile_size (t2, t3, t4, t5) = (256, 64, 8, 2): 1756 ms
Performance at tile_size (t2, t3, t4, t5) = (256, 64, 8, 4): 1761 ms
Performance at tile_size (t2, t3, t4, t5) = (256, 64, 8, 8): 1785 ms
Performance at tile_size (t2, t3, t4, t5) = (256, 64, 8, 16): 1763 ms
Performance at tile_size (t2, t3, t4, t5) = (256, 64, 8, 32): 1872 ms
Performance at tile_size (t2, t3, t4, t5) = (256, 64, 8, 64): 1785 ms
Performance at tile_size (t2, t3, t4, t5) = (256, 64, 8, 128): 1766 ms
Performance at tile_size (t2, t3, t4, t5) = (256, 64, 8, 256): 1781 ms
Performance at tile_size (t2, t3, t4, t5) = (256, 64, 16, 1): 1787 ms
Performance at tile_size (t2, t3, t4, t5) = (256, 64, 16, 2): 1801 ms
Performance at tile_size (t2, t3, t4, t5) = (256, 64, 16, 4): 1797 ms
Performance at tile_size (t2, t3, t4, t5) = (256, 64, 16, 8): 1876 ms
Performance at tile_size (t2, t3, t4, t5) = (256, 64, 16, 16): 1841 ms
Performance at tile_size (t2, t3, t4, t5) = (256, 64, 16, 32): 1863 ms
Performance at tile_size (t2, t3, t4, t5) = (256, 64, 16, 64): 1762 ms
Performance at tile_size (t2, t3, t4, t5) = (256, 64, 16, 128): 1856 ms
Performance at tile_size (t2, t3, t4, t5) = (256, 64, 16, 256): 1805 ms
Performance at tile_size (t2, t3, t4, t5) = (256, 64, 32, 1): 1895 ms
Performance at tile_size (t2, t3, t4, t5) = (256, 64, 32, 2): 1845 ms
Performance at tile_size (t2, t3, t4, t5) = (256, 64, 32, 4): 1783 ms
Performance at tile_size (t2, t3, t4, t5) = (256, 64, 32, 8): 1862 ms
Performance at tile_size (t2, t3, t4, t5) = (256, 64, 32, 16): 1879 ms
Performance at tile_size (t2, t3, t4, t5) = (256, 64, 32, 32): 1833 ms
Performance at tile_size (t2, t3, t4, t5) = (256, 64, 32, 64): 1828 ms
Performance at tile_size (t2, t3, t4, t5) = (256, 64, 32, 128): 1854 ms
Performance at tile_size (t2, t3, t4, t5) = (256, 64, 32, 256): 1775 ms
Performance at tile_size (t2, t3, t4, t5) = (256, 64, 64, 1): 1790 ms
Performance at tile_size (t2, t3, t4, t5) = (256, 64, 64, 2): 1830 ms
Performance at tile_size (t2, t3, t4, t5) = (256, 64, 64, 4): 1883 ms
Performance at tile_size (t2, t3, t4, t5) = (256, 64, 64, 8): 1776 ms
Performance at tile_size (t2, t3, t4, t5) = (256, 64, 64, 16): 1778 ms
Performance at tile_size (t2, t3, t4, t5) = (256, 64, 64, 32): 1787 ms
Performance at tile_size (t2, t3, t4, t5) = (256, 64, 64, 64): 1856 ms
Performance at tile_size (t2, t3, t4, t5) = (256, 64, 64, 128): 1871 ms
Performance at tile_size (t2, t3, t4, t5) = (256, 64, 64, 256): 1859 ms
Performance at tile_size (t2, t3, t4, t5) = (256, 64, 128, 1): 1892 ms
Performance at tile_size (t2, t3, t4, t5) = (256, 64, 128, 2): 1785 ms
Performance at tile_size (t2, t3, t4, t5) = (256, 64, 128, 4): 1848 ms
Performance at tile_size (t2, t3, t4, t5) = (256, 64, 128, 8): 1880 ms
Performance at tile_size (t2, t3, t4, t5) = (256, 64, 128, 16): 1784 ms
Performance at tile_size (t2, t3, t4, t5) = (256, 64, 128, 32): 1795 ms
Performance at tile_size (t2, t3, t4, t5) = (256, 64, 128, 64): 1839 ms
Performance at tile_size (t2, t3, t4, t5) = (256, 64, 128, 128): 1819 ms
Performance at tile_size (t2, t3, t4, t5) = (256, 64, 128, 256): 1883 ms
Performance at tile_size (t2, t3, t4, t5) = (256, 64, 256, 1): 1900 ms
Performance at tile_size (t2, t3, t4, t5) = (256, 64, 256, 2): 1787 ms
Performance at tile_size (t2, t3, t4, t5) = (256, 64, 256, 4): 1783 ms
Performance at tile_size (t2, t3, t4, t5) = (256, 64, 256, 8): 1830 ms
Performance at tile_size (t2, t3, t4, t5) = (256, 64, 256, 16): 1883 ms
Performance at tile_size (t2, t3, t4, t5) = (256, 64, 256, 32): 1892 ms
Performance at tile_size (t2, t3, t4, t5) = (256, 64, 256, 64): 1836 ms
Performance at tile_size (t2, t3, t4, t5) = (256, 64, 256, 128): 1825 ms
Performance at tile_size (t2, t3, t4, t5) = (256, 64, 256, 256): 1888 ms
Performance at tile_size (t2, t3, t4, t5) = (256, 128, 1, 1): 1854 ms
Performance at tile_size (t2, t3, t4, t5) = (256, 128, 1, 2): 1839 ms
Performance at tile_size (t2, t3, t4, t5) = (256, 128, 1, 4): 1805 ms
Performance at tile_size (t2, t3, t4, t5) = (256, 128, 1, 8): 1781 ms
Performance at tile_size (t2, t3, t4, t5) = (256, 128, 1, 16): 1767 ms
Performance at tile_size (t2, t3, t4, t5) = (256, 128, 1, 32): 1776 ms
Performance at tile_size (t2, t3, t4, t5) = (256, 128, 1, 64): 1778 ms
Performance at tile_size (t2, t3, t4, t5) = (256, 128, 1, 128): 1890 ms
Performance at tile_size (t2, t3, t4, t5) = (256, 128, 1, 256): 1851 ms
Performance at tile_size (t2, t3, t4, t5) = (256, 128, 2, 1): 1775 ms
Performance at tile_size (t2, t3, t4, t5) = (256, 128, 2, 2): 1812 ms
Performance at tile_size (t2, t3, t4, t5) = (256, 128, 2, 4): 1839 ms
Performance at tile_size (t2, t3, t4, t5) = (256, 128, 2, 8): 1784 ms
Performance at tile_size (t2, t3, t4, t5) = (256, 128, 2, 16): 1870 ms
Performance at tile_size (t2, t3, t4, t5) = (256, 128, 2, 32): 1843 ms
Performance at tile_size (t2, t3, t4, t5) = (256, 128, 2, 64): 1818 ms
Performance at tile_size (t2, t3, t4, t5) = (256, 128, 2, 128): 1788 ms
Performance at tile_size (t2, t3, t4, t5) = (256, 128, 2, 256): 1747 ms
Performance at tile_size (t2, t3, t4, t5) = (256, 128, 4, 1): 1851 ms
Performance at tile_size (t2, t3, t4, t5) = (256, 128, 4, 2): 1781 ms
Performance at tile_size (t2, t3, t4, t5) = (256, 128, 4, 4): 1808 ms
Performance at tile_size (t2, t3, t4, t5) = (256, 128, 4, 8): 1865 ms
Performance at tile_size (t2, t3, t4, t5) = (256, 128, 4, 16): 1828 ms
Performance at tile_size (t2, t3, t4, t5) = (256, 128, 4, 32): 1829 ms
Performance at tile_size (t2, t3, t4, t5) = (256, 128, 4, 64): 1789 ms
Performance at tile_size (t2, t3, t4, t5) = (256, 128, 4, 128): 1850 ms
Performance at tile_size (t2, t3, t4, t5) = (256, 128, 4, 256): 1890 ms
Performance at tile_size (t2, t3, t4, t5) = (256, 128, 8, 1): 1784 ms
Performance at tile_size (t2, t3, t4, t5) = (256, 128, 8, 2): 1853 ms
Performance at tile_size (t2, t3, t4, t5) = (256, 128, 8, 4): 1910 ms
Performance at tile_size (t2, t3, t4, t5) = (256, 128, 8, 8): 1905 ms
Performance at tile_size (t2, t3, t4, t5) = (256, 128, 8, 16): 1769 ms
Performance at tile_size (t2, t3, t4, t5) = (256, 128, 8, 32): 1879 ms
Performance at tile_size (t2, t3, t4, t5) = (256, 128, 8, 64): 1780 ms
Performance at tile_size (t2, t3, t4, t5) = (256, 128, 8, 128): 1846 ms
Performance at tile_size (t2, t3, t4, t5) = (256, 128, 8, 256): 1931 ms
Performance at tile_size (t2, t3, t4, t5) = (256, 128, 16, 1): 1784 ms
Performance at tile_size (t2, t3, t4, t5) = (256, 128, 16, 2): 1890 ms
Performance at tile_size (t2, t3, t4, t5) = (256, 128, 16, 4): 1798 ms
Performance at tile_size (t2, t3, t4, t5) = (256, 128, 16, 8): 1917 ms
Performance at tile_size (t2, t3, t4, t5) = (256, 128, 16, 16): 1866 ms
Performance at tile_size (t2, t3, t4, t5) = (256, 128, 16, 32): 1792 ms
Performance at tile_size (t2, t3, t4, t5) = (256, 128, 16, 64): 1769 ms
Performance at tile_size (t2, t3, t4, t5) = (256, 128, 16, 128): 1832 ms
Performance at tile_size (t2, t3, t4, t5) = (256, 128, 16, 256): 1895 ms
Performance at tile_size (t2, t3, t4, t5) = (256, 128, 32, 1): 1916 ms
Performance at tile_size (t2, t3, t4, t5) = (256, 128, 32, 2): 1917 ms
Performance at tile_size (t2, t3, t4, t5) = (256, 128, 32, 4): 1881 ms
Performance at tile_size (t2, t3, t4, t5) = (256, 128, 32, 8): 1768 ms
Performance at tile_size (t2, t3, t4, t5) = (256, 128, 32, 16): 1816 ms
Performance at tile_size (t2, t3, t4, t5) = (256, 128, 32, 32): 1795 ms
Performance at tile_size (t2, t3, t4, t5) = (256, 128, 32, 64): 1896 ms
Performance at tile_size (t2, t3, t4, t5) = (256, 128, 32, 128): 1754 ms
Performance at tile_size (t2, t3, t4, t5) = (256, 128, 32, 256): 1792 ms
Performance at tile_size (t2, t3, t4, t5) = (256, 128, 64, 1): 1847 ms
Performance at tile_size (t2, t3, t4, t5) = (256, 128, 64, 2): 1822 ms
Performance at tile_size (t2, t3, t4, t5) = (256, 128, 64, 4): 1933 ms
Performance at tile_size (t2, t3, t4, t5) = (256, 128, 64, 8): 1769 ms
Performance at tile_size (t2, t3, t4, t5) = (256, 128, 64, 16): 1852 ms
Performance at tile_size (t2, t3, t4, t5) = (256, 128, 64, 32): 1819 ms
Performance at tile_size (t2, t3, t4, t5) = (256, 128, 64, 64): 1871 ms
Performance at tile_size (t2, t3, t4, t5) = (256, 128, 64, 128): 1818 ms
Performance at tile_size (t2, t3, t4, t5) = (256, 128, 64, 256): 1838 ms
Performance at tile_size (t2, t3, t4, t5) = (256, 128, 128, 1): 1772 ms
Performance at tile_size (t2, t3, t4, t5) = (256, 128, 128, 2): 1778 ms
Performance at tile_size (t2, t3, t4, t5) = (256, 128, 128, 4): 1800 ms
Performance at tile_size (t2, t3, t4, t5) = (256, 128, 128, 8): 1888 ms
Performance at tile_size (t2, t3, t4, t5) = (256, 128, 128, 16): 1814 ms
Performance at tile_size (t2, t3, t4, t5) = (256, 128, 128, 32): 1874 ms
Performance at tile_size (t2, t3, t4, t5) = (256, 128, 128, 64): 1908 ms
Performance at tile_size (t2, t3, t4, t5) = (256, 128, 128, 128): 1845 ms
Performance at tile_size (t2, t3, t4, t5) = (256, 128, 128, 256): 1906 ms
Performance at tile_size (t2, t3, t4, t5) = (256, 128, 256, 1): 1856 ms
Performance at tile_size (t2, t3, t4, t5) = (256, 128, 256, 2): 1841 ms
Performance at tile_size (t2, t3, t4, t5) = (256, 128, 256, 4): 1833 ms
Performance at tile_size (t2, t3, t4, t5) = (256, 128, 256, 8): 1889 ms
Performance at tile_size (t2, t3, t4, t5) = (256, 128, 256, 16): 1818 ms
Performance at tile_size (t2, t3, t4, t5) = (256, 128, 256, 32): 1853 ms
Performance at tile_size (t2, t3, t4, t5) = (256, 128, 256, 64): 1776 ms
Performance at tile_size (t2, t3, t4, t5) = (256, 128, 256, 128): 1784 ms
Performance at tile_size (t2, t3, t4, t5) = (256, 128, 256, 256): 1767 ms
Performance at tile_size (t2, t3, t4, t5) = (256, 256, 1, 1): 1787 ms
Performance at tile_size (t2, t3, t4, t5) = (256, 256, 1, 2): 1822 ms
Performance at tile_size (t2, t3, t4, t5) = (256, 256, 1, 4): 1847 ms
Performance at tile_size (t2, t3, t4, t5) = (256, 256, 1, 8): 1883 ms
Performance at tile_size (t2, t3, t4, t5) = (256, 256, 1, 16): 1795 ms
Performance at tile_size (t2, t3, t4, t5) = (256, 256, 1, 32): 1809 ms
Performance at tile_size (t2, t3, t4, t5) = (256, 256, 1, 64): 1890 ms
Performance at tile_size (t2, t3, t4, t5) = (256, 256, 1, 128): 1852 ms
Performance at tile_size (t2, t3, t4, t5) = (256, 256, 1, 256): 1791 ms
Performance at tile_size (t2, t3, t4, t5) = (256, 256, 2, 1): 1856 ms
Performance at tile_size (t2, t3, t4, t5) = (256, 256, 2, 2): 1824 ms
Performance at tile_size (t2, t3, t4, t5) = (256, 256, 2, 4): 1907 ms
Performance at tile_size (t2, t3, t4, t5) = (256, 256, 2, 8): 1908 ms
Performance at tile_size (t2, t3, t4, t5) = (256, 256, 2, 16): 1793 ms
Performance at tile_size (t2, t3, t4, t5) = (256, 256, 2, 32): 1820 ms
Performance at tile_size (t2, t3, t4, t5) = (256, 256, 2, 64): 1862 ms
Performance at tile_size (t2, t3, t4, t5) = (256, 256, 2, 128): 1833 ms
Performance at tile_size (t2, t3, t4, t5) = (256, 256, 2, 256): 1909 ms
Performance at tile_size (t2, t3, t4, t5) = (256, 256, 4, 1): 1818 ms
Performance at tile_size (t2, t3, t4, t5) = (256, 256, 4, 2): 1884 ms
Performance at tile_size (t2, t3, t4, t5) = (256, 256, 4, 4): 1762 ms
Performance at tile_size (t2, t3, t4, t5) = (256, 256, 4, 8): 1858 ms
Performance at tile_size (t2, t3, t4, t5) = (256, 256, 4, 16): 1830 ms
Performance at tile_size (t2, t3, t4, t5) = (256, 256, 4, 32): 1849 ms
Performance at tile_size (t2, t3, t4, t5) = (256, 256, 4, 64): 1817 ms
Performance at tile_size (t2, t3, t4, t5) = (256, 256, 4, 128): 1778 ms
Performance at tile_size (t2, t3, t4, t5) = (256, 256, 4, 256): 1768 ms
Performance at tile_size (t2, t3, t4, t5) = (256, 256, 8, 1): 1786 ms
Performance at tile_size (t2, t3, t4, t5) = (256, 256, 8, 2): 1801 ms
Performance at tile_size (t2, t3, t4, t5) = (256, 256, 8, 4): 1788 ms
Performance at tile_size (t2, t3, t4, t5) = (256, 256, 8, 8): 1706 ms
Performance at tile_size (t2, t3, t4, t5) = (256, 256, 8, 16): 1910 ms
Performance at tile_size (t2, t3, t4, t5) = (256, 256, 8, 32): 1917 ms
Performance at tile_size (t2, t3, t4, t5) = (256, 256, 8, 64): 1767 ms
Performance at tile_size (t2, t3, t4, t5) = (256, 256, 8, 128): 1765 ms
Performance at tile_size (t2, t3, t4, t5) = (256, 256, 8, 256): 1839 ms
Performance at tile_size (t2, t3, t4, t5) = (256, 256, 16, 1): 1912 ms
Performance at tile_size (t2, t3, t4, t5) = (256, 256, 16, 2): 1749 ms
Performance at tile_size (t2, t3, t4, t5) = (256, 256, 16, 4): 1802 ms
Performance at tile_size (t2, t3, t4, t5) = (256, 256, 16, 8): 1951 ms
Performance at tile_size (t2, t3, t4, t5) = (256, 256, 16, 16): 1854 ms
Performance at tile_size (t2, t3, t4, t5) = (256, 256, 16, 32): 1804 ms
Performance at tile_size (t2, t3, t4, t5) = (256, 256, 16, 64): 1896 ms
Performance at tile_size (t2, t3, t4, t5) = (256, 256, 16, 128): 1868 ms
Performance at tile_size (t2, t3, t4, t5) = (256, 256, 16, 256): 1813 ms
Performance at tile_size (t2, t3, t4, t5) = (256, 256, 32, 1): 1929 ms
Performance at tile_size (t2, t3, t4, t5) = (256, 256, 32, 2): 1813 ms
Performance at tile_size (t2, t3, t4, t5) = (256, 256, 32, 4): 1894 ms
Performance at tile_size (t2, t3, t4, t5) = (256, 256, 32, 8): 1853 ms
Performance at tile_size (t2, t3, t4, t5) = (256, 256, 32, 16): 1822 ms
Performance at tile_size (t2, t3, t4, t5) = (256, 256, 32, 32): 1783 ms
Performance at tile_size (t2, t3, t4, t5) = (256, 256, 32, 64): 1775 ms
Performance at tile_size (t2, t3, t4, t5) = (256, 256, 32, 128): 1810 ms
Performance at tile_size (t2, t3, t4, t5) = (256, 256, 32, 256): 1774 ms
Performance at tile_size (t2, t3, t4, t5) = (256, 256, 64, 1): 1908 ms
Performance at tile_size (t2, t3, t4, t5) = (256, 256, 64, 2): 1781 ms
Performance at tile_size (t2, t3, t4, t5) = (256, 256, 64, 4): 1791 ms
Performance at tile_size (t2, t3, t4, t5) = (256, 256, 64, 8): 1905 ms
Performance at tile_size (t2, t3, t4, t5) = (256, 256, 64, 16): 1784 ms
Performance at tile_size (t2, t3, t4, t5) = (256, 256, 64, 32): 1859 ms
Performance at tile_size (t2, t3, t4, t5) = (256, 256, 64, 64): 1886 ms
Performance at tile_size (t2, t3, t4, t5) = (256, 256, 64, 128): 1866 ms
Performance at tile_size (t2, t3, t4, t5) = (256, 256, 64, 256): 1860 ms
Performance at tile_size (t2, t3, t4, t5) = (256, 256, 128, 1): 1724 ms
Performance at tile_size (t2, t3, t4, t5) = (256, 256, 128, 2): 1758 ms
Performance at tile_size (t2, t3, t4, t5) = (256, 256, 128, 4): 1890 ms
Performance at tile_size (t2, t3, t4, t5) = (256, 256, 128, 8): 1905 ms
Performance at tile_size (t2, t3, t4, t5) = (256, 256, 128, 16): 1807 ms
Performance at tile_size (t2, t3, t4, t5) = (256, 256, 128, 32): 1929 ms
Performance at tile_size (t2, t3, t4, t5) = (256, 256, 128, 64): 1779 ms
Performance at tile_size (t2, t3, t4, t5) = (256, 256, 128, 128): 1895 ms
Performance at tile_size (t2, t3, t4, t5) = (256, 256, 128, 256): 1808 ms
Performance at tile_size (t2, t3, t4, t5) = (256, 256, 256, 1): 1886 ms
Performance at tile_size (t2, t3, t4, t5) = (256, 256, 256, 2): 1889 ms
Performance at tile_size (t2, t3, t4, t5) = (256, 256, 256, 4): 1815 ms
Performance at tile_size (t2, t3, t4, t5) = (256, 256, 256, 8): 1847 ms
Performance at tile_size (t2, t3, t4, t5) = (256, 256, 256, 16): 1862 ms
Performance at tile_size (t2, t3, t4, t5) = (256, 256, 256, 32): 1904 ms
Performance at tile_size (t2, t3, t4, t5) = (256, 256, 256, 64): 1790 ms
Performance at tile_size (t2, t3, t4, t5) = (256, 256, 256, 128): 1837 ms
Performance at tile_size (t2, t3, t4, t5) = (256, 256, 256, 256): 1912 ms
Exhaustive Search completed in 1.20029e+07 ms
Best tile sizes from Exhaustive Search: t2=128, t3=2, t4=32, t5=16
Best performance from Exhaustive Search: 1675 ms
Mon Oct 28 06:42:33 AM EDT 2024
completed